animation_name,block_index,block_offset,block_size,command_index,command_offset_in_block,raw_opcode,command_id,command_name,opcode_high_flags,meta,record_size
Hutchins_special,0,0x0,40,0,0x1C,0x021E,30,END_WHILE,0x0200,0x0030,12
Bailey_special,0,0x0,40,0,0x1C,0x021E,30,END_WHILE,0x0200,0x0030,12
DiMone_special,0,0x0,40,0,0x1C,0x021E,30,END_WHILE,0x0200,0x0030,12
OutPatrol1_special,0,0x0,40,0,0x1C,0x021E,30,END_WHILE,0x0200,0x0030,12
OutPatrol1_start,0,0x0,136,0,0x1C,0x0203,3,ELSEIF,0x0200,0x0080,32
OutPatrol1_start,0,0x0,136,1,0x3C,0x001C,28,LIGHT,0x0000,0x0082,32
OutPatrol1_start,0,0x0,136,2,0x5C,0x001D,29,WHILE,0x0000,0x0022,8
OutPatrol1_start,0,0x0,136,3,0x64,0x0211,17,OBJECT_TRANSLATE_STATE,0x0200,0x0050,20
OutPatrol1_start,0,0x0,136,4,0x78,0x001C,28,LIGHT,0x0000,0x0022,8
OutPatrol1_start,0,0x0,136,5,0x80,0x001D,29,WHILE,0x0000,0x0022,8
OutPatrol1_start,1,0x88,816,0,0x1C,0x0203,3,ELSEIF,0x0200,0x0090,36
OutPatrol1_start,1,0x88,816,1,0x40,0x001C,28,LIGHT,0x0000,0x0022,8
OutPatrol1_start,1,0x88,816,2,0x48,0x0208,8,RANGE_TEST,0x0200,0x0050,20
OutPatrol1_start,1,0x88,816,3,0x5C,0x0208,8,RANGE_TEST,0x0200,0x0050,20
OutPatrol1_start,1,0x88,816,4,0x70,0x0001,1,QUAD_ALIGN,0x0000,0x0020,8
OutPatrol1_start,1,0x88,816,5,0x78,0x0213,19,OBJECT_MOTION,0x0200,0x00A1,40
OutPatrol1_start,1,0x88,816,6,0xA0,0x020D,13,LOOP,0x0200,0x0090,36
OutPatrol1_start,1,0x88,816,7,0xC4,0x0209,9,RANDOM_WEIGHT,0x0200,0x0050,20
OutPatrol1_start,1,0x88,816,8,0xD8,0x0208,8,RANGE_TEST,0x0200,0x0050,20
OutPatrol1_start,1,0x88,816,9,0xEC,0x0208,8,RANGE_TEST,0x0200,0x0050,20
OutPatrol1_start,1,0x88,816,10,0x100,0x0209,9,RANDOM_WEIGHT,0x0200,0x0050,20
OutPatrol1_start,1,0x88,816,11,0x114,0x0208,8,RANGE_TEST,0x0200,0x0050,20
OutPatrol1_start,1,0x88,816,12,0x128,0x0208,8,RANGE_TEST,0x0200,0x0050,20
OutPatrol1_start,1,0x88,816,13,0x13C,0x0209,9,RANDOM_WEIGHT,0x0200,0x0050,20
OutPatrol1_start,1,0x88,816,14,0x150,0x0208,8,RANGE_TEST,0x0200,0x0050,20
OutPatrol1_start,1,0x88,816,15,0x164,0x0002,2,IF,0x0000,0x00C2,48
OutPatrol1_start,1,0x88,816,16,0x194,0x001C,28,LIGHT,0x0000,0x00C2,48
OutPatrol1_start,1,0x88,816,17,0x1C4,0x001D,29,WHILE,0x0000,0x0022,8
OutPatrol1_start,1,0x88,816,18,0x1CC,0x0209,9,RANDOM_WEIGHT,0x0200,0x0050,20
OutPatrol1_start,1,0x88,816,19,0x1E0,0x0002,2,IF,0x0000,0x0062,24
OutPatrol1_start,1,0x88,816,20,0x1F8,0x021A,26,DESTRUCTION_SOURCE,0x0200,0x0080,32
OutPatrol1_start,1,0x88,816,21,0x218,0x002E,46,TIMER,0x0000,0x0040,16
OutPatrol1_start,1,0x88,816,22,0x228,0x0005,5,ENDIF,0x0000,0x0022,8
OutPatrol1_start,1,0x88,816,23,0x230,0x0209,9,RANDOM_WEIGHT,0x0200,0x0050,20
OutPatrol1_start,1,0x88,816,24,0x244,0x0002,2,IF,0x0000,0x0062,24
OutPatrol1_start,1,0x88,816,25,0x25C,0x021A,26,DESTRUCTION_SOURCE,0x0200,0x0080,32
OutPatrol1_start,1,0x88,816,26,0x27C,0x0005,5,ENDIF,0x0000,0x0022,8
OutPatrol1_start,1,0x88,816,27,0x284,0x0209,9,RANDOM_WEIGHT,0x0200,0x0050,20
OutPatrol1_start,1,0x88,816,28,0x298,0x002E,46,TIMER,0x0000,0x0040,16
OutPatrol1_start,1,0x88,816,29,0x2A8,0x0005,5,ENDIF,0x0000,0x0022,8
OutPatrol1_start,1,0x88,816,30,0x2B0,0x0209,9,RANDOM_WEIGHT,0x0200,0x0050,20
OutPatrol1_start,1,0x88,816,31,0x2C4,0x0208,8,RANGE_TEST,0x0200,0x0050,20
OutPatrol1_start,1,0x88,816,32,0x2D8,0x0209,9,RANDOM_WEIGHT,0x0200,0x0050,20
OutPatrol1_start,1,0x88,816,33,0x2EC,0x0208,8,RANGE_TEST,0x0200,0x0050,20
OutPatrol1_start,1,0x88,816,34,0x300,0x0208,8,RANGE_TEST,0x0200,0x0050,20
OutPatrol1_start,1,0x88,816,35,0x314,0x0209,9,RANDOM_WEIGHT,0x0200,0x0050,20
OutPatrol1_start,1,0x88,816,36,0x328,0x001D,29,WHILE,0x0000,0x0022,8
OutPatrol1_start,2,0x3B8,96,0,0x1C,0x0203,3,ELSEIF,0x0200,0x0090,36
OutPatrol1_start,2,0x3B8,96,1,0x40,0x020D,13,LOOP,0x0200,0x0080,32
OutPatrol1_start,3,0x418,732,0,0x1C,0x0203,3,ELSEIF,0x0200,0x0090,36
OutPatrol1_start,3,0x418,732,1,0x40,0x0002,2,IF,0x0000,0x00C2,48
OutPatrol1_start,3,0x418,732,2,0x70,0x0219,25,CAMERA,0x0200,0x0040,16
OutPatrol1_start,3,0x418,732,3,0x80,0x0208,8,RANGE_TEST,0x0200,0x0050,20
OutPatrol1_start,3,0x418,732,4,0x94,0x0208,8,RANGE_TEST,0x0200,0x0050,20
OutPatrol1_start,3,0x418,732,5,0xA8,0x0208,8,RANGE_TEST,0x0200,0x0050,20
OutPatrol1_start,3,0x418,732,6,0xBC,0x0208,8,RANGE_TEST,0x0200,0x0050,20
OutPatrol1_start,3,0x418,732,7,0xD0,0x0208,8,RANGE_TEST,0x0200,0x0050,20
OutPatrol1_start,3,0x418,732,8,0xE4,0x0208,8,RANGE_TEST,0x0200,0x0050,20
OutPatrol1_start,3,0x418,732,9,0xF8,0x0208,8,RANGE_TEST,0x0200,0x0050,20
OutPatrol1_start,3,0x418,732,10,0x10C,0x002E,46,TIMER,0x0000,0x0040,16
OutPatrol1_start,3,0x418,732,11,0x11C,0x0219,25,CAMERA,0x0200,0x0040,16
OutPatrol1_start,3,0x418,732,12,0x12C,0x0004,4,ELSE,0x0000,0x0022,8
OutPatrol1_start,3,0x418,732,13,0x134,0x001C,28,LIGHT,0x0000,0x0022,8
OutPatrol1_start,3,0x418,732,14,0x13C,0x0208,8,RANGE_TEST,0x0200,0x0050,20
OutPatrol1_start,3,0x418,732,15,0x150,0x0209,9,RANDOM_WEIGHT,0x0200,0x0050,20
OutPatrol1_start,3,0x418,732,16,0x164,0x0208,8,RANGE_TEST,0x0200,0x0050,20
OutPatrol1_start,3,0x418,732,17,0x178,0x0209,9,RANDOM_WEIGHT,0x0200,0x0050,20
OutPatrol1_start,3,0x418,732,18,0x18C,0x0208,8,RANGE_TEST,0x0200,0x0050,20
OutPatrol1_start,3,0x418,732,19,0x1A0,0x0209,9,RANDOM_WEIGHT,0x0200,0x0050,20
OutPatrol1_start,3,0x418,732,20,0x1B4,0x0208,8,RANGE_TEST,0x0200,0x0050,20
OutPatrol1_start,3,0x418,732,21,0x1C8,0x0209,9,RANDOM_WEIGHT,0x0200,0x0050,20
OutPatrol1_start,3,0x418,732,22,0x1DC,0x0208,8,RANGE_TEST,0x0200,0x0050,20
OutPatrol1_start,3,0x418,732,23,0x1F0,0x0209,9,RANDOM_WEIGHT,0x0200,0x0050,20
OutPatrol1_start,3,0x418,732,24,0x204,0x0208,8,RANGE_TEST,0x0200,0x0050,20
OutPatrol1_start,3,0x418,732,25,0x218,0x0209,9,RANDOM_WEIGHT,0x0200,0x0050,20
OutPatrol1_start,3,0x418,732,26,0x22C,0x0208,8,RANGE_TEST,0x0200,0x0050,20
OutPatrol1_start,3,0x418,732,27,0x240,0x0209,9,RANDOM_WEIGHT,0x0200,0x0050,20
OutPatrol1_start,3,0x418,732,28,0x254,0x0208,8,RANGE_TEST,0x0200,0x0050,20
OutPatrol1_start,3,0x418,732,29,0x268,0x0209,9,RANDOM_WEIGHT,0x0200,0x0050,20
OutPatrol1_start,3,0x418,732,30,0x27C,0x0208,8,RANGE_TEST,0x0200,0x0050,20
OutPatrol1_start,3,0x418,732,31,0x290,0x0209,9,RANDOM_WEIGHT,0x0200,0x0050,20
OutPatrol1_start,3,0x418,732,32,0x2A4,0x0208,8,RANGE_TEST,0x0200,0x0050,20
OutPatrol1_start,3,0x418,732,33,0x2B8,0x0209,9,RANDOM_WEIGHT,0x0200,0x0050,20
OutPatrol1_start,3,0x418,732,34,0x2CC,0x001D,29,WHILE,0x0000,0x0022,8
OutPatrol1_start,3,0x418,732,35,0x2D4,0x0005,5,ENDIF,0x0000,0x0022,8
OutPatrol1_start,4,0x6F4,264,0,0x1C,0x0203,3,ELSEIF,0x0200,0x0090,36
OutPatrol1_start,4,0x6F4,264,1,0x40,0x020D,13,LOOP,0x0200,0x0080,32
OutPatrol1_start,4,0x6F4,264,2,0x60,0x0002,2,IF,0x0000,0x0042,16
OutPatrol1_start,4,0x6F4,264,3,0x70,0x021B,27,SOUND,0x0200,0x0060,24
OutPatrol1_start,4,0x6F4,264,4,0x88,0x0212,18,OBJECT_ROTATE_STATE,0x0200,0x0030,12
OutPatrol1_start,4,0x6F4,264,5,0x94,0x0003,3,ELSEIF,0x0000,0x0042,16
OutPatrol1_start,4,0x6F4,264,6,0xA4,0x021B,27,SOUND,0x0200,0x0060,24
OutPatrol1_start,4,0x6F4,264,7,0xBC,0x0212,18,OBJECT_ROTATE_STATE,0x0200,0x0030,12
OutPatrol1_start,4,0x6F4,264,8,0xC8,0x0004,4,ELSE,0x0000,0x0022,8
OutPatrol1_start,4,0x6F4,264,9,0xD0,0x021B,27,SOUND,0x0200,0x0060,24
OutPatrol1_start,4,0x6F4,264,10,0xE8,0x0005,5,ENDIF,0x0000,0x0022,8
OutPatrol1_start,4,0x6F4,264,11,0xF0,0x021B,27,SOUND,0x0200,0x0060,24
OutPatrol1_start,5,0x7FC,296,0,0x1C,0x0203,3,ELSEIF,0x0200,0x0090,36
OutPatrol1_start,5,0x7FC,296,1,0x40,0x020D,13,LOOP,0x0200,0x0080,32
OutPatrol1_start,5,0x7FC,296,2,0x60,0x020D,13,LOOP,0x0200,0x0080,32
OutPatrol1_start,5,0x7FC,296,3,0x80,0x0002,2,IF,0x0000,0x0042,16
OutPatrol1_start,5,0x7FC,296,4,0x90,0x021B,27,SOUND,0x0200,0x0060,24
OutPatrol1_start,5,0x7FC,296,5,0xA8,0x0212,18,OBJECT_ROTATE_STATE,0x0200,0x0030,12
OutPatrol1_start,5,0x7FC,296,6,0xB4,0x0003,3,ELSEIF,0x0000,0x0042,16
OutPatrol1_start,5,0x7FC,296,7,0xC4,0x021B,27,SOUND,0x0200,0x0060,24
OutPatrol1_start,5,0x7FC,296,8,0xDC,0x0212,18,OBJECT_ROTATE_STATE,0x0200,0x0030,12
OutPatrol1_start,5,0x7FC,296,9,0xE8,0x0004,4,ELSE,0x0000,0x0022,8
OutPatrol1_start,5,0x7FC,296,10,0xF0,0x021B,27,SOUND,0x0200,0x0060,24
OutPatrol1_start,5,0x7FC,296,11,0x108,0x0005,5,ENDIF,0x0000,0x0022,8
OutPatrol1_start,5,0x7FC,296,12,0x110,0x021B,27,SOUND,0x0200,0x0060,24
OutPatrol1_start,6,0x924,68,0,0x1C,0x0203,3,ELSEIF,0x0200,0x00A0,40
OutPatrol1_start,7,0x968,88,0,0x1C,0x0203,3,ELSEIF,0x0200,0x0090,36
OutPatrol1_start,7,0x968,88,1,0x40,0x021B,27,SOUND,0x0200,0x0060,24
OutPatrol1_start,8,0x9C0,104,0,0x1C,0x0203,3,ELSEIF,0x0200,0x0090,36
OutPatrol1_start,8,0x9C0,104,1,0x40,0x0213,19,OBJECT_MOTION,0x0200,0x00A1,40
OutPatrol2_special,0,0x0,40,0,0x1C,0x021E,30,END_WHILE,0x0200,0x0030,12
OutPatrol2_start,0,0x0,136,0,0x1C,0x0203,3,ELSEIF,0x0200,0x0080,32
OutPatrol2_start,0,0x0,136,1,0x3C,0x001C,28,LIGHT,0x0000,0x0082,32
OutPatrol2_start,0,0x0,136,2,0x5C,0x001D,29,WHILE,0x0000,0x0022,8
OutPatrol2_start,0,0x0,136,3,0x64,0x0211,17,OBJECT_TRANSLATE_STATE,0x0200,0x0050,20
OutPatrol2_start,0,0x0,136,4,0x78,0x001C,28,LIGHT,0x0000,0x0022,8
OutPatrol2_start,0,0x0,136,5,0x80,0x001D,29,WHILE,0x0000,0x0022,8
OutPatrol2_start,1,0x88,564,0,0x1C,0x0203,3,ELSEIF,0x0200,0x0090,36
OutPatrol2_start,1,0x88,564,1,0x40,0x001C,28,LIGHT,0x0000,0x0022,8
OutPatrol2_start,1,0x88,564,2,0x48,0x0208,8,RANGE_TEST,0x0200,0x0050,20
OutPatrol2_start,1,0x88,564,3,0x5C,0x0208,8,RANGE_TEST,0x0200,0x0050,20
OutPatrol2_start,1,0x88,564,4,0x70,0x0001,1,QUAD_ALIGN,0x0000,0x0020,8
OutPatrol2_start,1,0x88,564,5,0x78,0x0213,19,OBJECT_MOTION,0x0200,0x00A1,40
OutPatrol2_start,1,0x88,564,6,0xA0,0x020D,13,LOOP,0x0200,0x0090,36
OutPatrol2_start,1,0x88,564,7,0xC4,0x0209,9,RANDOM_WEIGHT,0x0200,0x0050,20
OutPatrol2_start,1,0x88,564,8,0xD8,0x0208,8,RANGE_TEST,0x0200,0x0050,20
OutPatrol2_start,1,0x88,564,9,0xEC,0x0208,8,RANGE_TEST,0x0200,0x0050,20
OutPatrol2_start,1,0x88,564,10,0x100,0x0209,9,RANDOM_WEIGHT,0x0200,0x0050,20
OutPatrol2_start,1,0x88,564,11,0x114,0x0208,8,RANGE_TEST,0x0200,0x0050,20
OutPatrol2_start,1,0x88,564,12,0x128,0x0208,8,RANGE_TEST,0x0200,0x0050,20
OutPatrol2_start,1,0x88,564,13,0x13C,0x0209,9,RANDOM_WEIGHT,0x0200,0x0050,20
OutPatrol2_start,1,0x88,564,14,0x150,0x0208,8,RANGE_TEST,0x0200,0x0050,20
OutPatrol2_start,1,0x88,564,15,0x164,0x0001,1,QUAD_ALIGN,0x0000,0x0010,4
OutPatrol2_start,1,0x88,564,16,0x168,0x0213,19,OBJECT_MOTION,0x0200,0x00A1,40
OutPatrol2_start,1,0x88,564,17,0x190,0x020D,13,LOOP,0x0200,0x0090,36
OutPatrol2_start,1,0x88,564,18,0x1B4,0x0209,9,RANDOM_WEIGHT,0x0200,0x0050,20
OutPatrol2_start,1,0x88,564,19,0x1C8,0x0208,8,RANGE_TEST,0x0200,0x0050,20
OutPatrol2_start,1,0x88,564,20,0x1DC,0x0209,9,RANDOM_WEIGHT,0x0200,0x0050,20
OutPatrol2_start,1,0x88,564,21,0x1F0,0x0208,8,RANGE_TEST,0x0200,0x0050,20
OutPatrol2_start,1,0x88,564,22,0x204,0x0208,8,RANGE_TEST,0x0200,0x0050,20
OutPatrol2_start,1,0x88,564,23,0x218,0x0209,9,RANDOM_WEIGHT,0x0200,0x0050,20
OutPatrol2_start,1,0x88,564,24,0x22C,0x001D,29,WHILE,0x0000,0x0022,8
OutPatrol2_start,2,0x2BC,96,0,0x1C,0x0203,3,ELSEIF,0x0200,0x0090,36
OutPatrol2_start,2,0x2BC,96,1,0x40,0x020D,13,LOOP,0x0200,0x0080,32
OutPatrol2_start,3,0x31C,424,0,0x1C,0x0203,3,ELSEIF,0x0200,0x0090,36
OutPatrol2_start,3,0x31C,424,1,0x40,0x000E,14,WAIT,0x0000,0x0030,12
OutPatrol2_start,3,0x31C,424,2,0x4C,0x020D,13,LOOP,0x0200,0x0080,32
OutPatrol2_start,3,0x31C,424,3,0x6C,0x002E,46,TIMER,0x0000,0x0040,16
OutPatrol2_start,3,0x31C,424,4,0x7C,0x0002,2,IF,0x0000,0x00C2,48
OutPatrol2_start,3,0x31C,424,5,0xAC,0x0219,25,CAMERA,0x0200,0x0040,16
OutPatrol2_start,3,0x31C,424,6,0xBC,0x0208,8,RANGE_TEST,0x0200,0x0050,20
OutPatrol2_start,3,0x31C,424,7,0xD0,0x0208,8,RANGE_TEST,0x0200,0x0050,20
OutPatrol2_start,3,0x31C,424,8,0xE4,0x0208,8,RANGE_TEST,0x0200,0x0050,20
OutPatrol2_start,3,0x31C,424,9,0xF8,0x0208,8,RANGE_TEST,0x0200,0x0050,20
OutPatrol2_start,3,0x31C,424,10,0x10C,0x0208,8,RANGE_TEST,0x0200,0x0050,20
OutPatrol2_start,3,0x31C,424,11,0x120,0x0208,8,RANGE_TEST,0x0200,0x0050,20
OutPatrol2_start,3,0x31C,424,12,0x134,0x0208,8,RANGE_TEST,0x0200,0x0050,20
OutPatrol2_start,3,0x31C,424,13,0x148,0x002E,46,TIMER,0x0000,0x0040,16
OutPatrol2_start,3,0x31C,424,14,0x158,0x0219,25,CAMERA,0x0200,0x0040,16
OutPatrol2_start,3,0x31C,424,15,0x168,0x0004,4,ELSE,0x0000,0x0022,8
OutPatrol2_start,3,0x31C,424,16,0x170,0x021C,28,LIGHT,0x0200,0x00C0,48
OutPatrol2_start,3,0x31C,424,17,0x1A0,0x0005,5,ENDIF,0x0000,0x0022,8
OutPatrol2_start,4,0x4C4,424,0,0x1C,0x0203,3,ELSEIF,0x0200,0x0090,36
OutPatrol2_start,4,0x4C4,424,1,0x40,0x000E,14,WAIT,0x0000,0x0030,12
OutPatrol2_start,4,0x4C4,424,2,0x4C,0x020D,13,LOOP,0x0200,0x0080,32
OutPatrol2_start,4,0x4C4,424,3,0x6C,0x002E,46,TIMER,0x0000,0x0040,16
OutPatrol2_start,4,0x4C4,424,4,0x7C,0x0002,2,IF,0x0000,0x00C2,48
OutPatrol2_start,4,0x4C4,424,5,0xAC,0x0219,25,CAMERA,0x0200,0x0040,16
OutPatrol2_start,4,0x4C4,424,6,0xBC,0x0208,8,RANGE_TEST,0x0200,0x0050,20
OutPatrol2_start,4,0x4C4,424,7,0xD0,0x0208,8,RANGE_TEST,0x0200,0x0050,20
OutPatrol2_start,4,0x4C4,424,8,0xE4,0x0208,8,RANGE_TEST,0x0200,0x0050,20
OutPatrol2_start,4,0x4C4,424,9,0xF8,0x0208,8,RANGE_TEST,0x0200,0x0050,20
OutPatrol2_start,4,0x4C4,424,10,0x10C,0x0208,8,RANGE_TEST,0x0200,0x0050,20
OutPatrol2_start,4,0x4C4,424,11,0x120,0x0208,8,RANGE_TEST,0x0200,0x0050,20
OutPatrol2_start,4,0x4C4,424,12,0x134,0x0208,8,RANGE_TEST,0x0200,0x0050,20
OutPatrol2_start,4,0x4C4,424,13,0x148,0x002E,46,TIMER,0x0000,0x0040,16
OutPatrol2_start,4,0x4C4,424,14,0x158,0x0219,25,CAMERA,0x0200,0x0040,16
OutPatrol2_start,4,0x4C4,424,15,0x168,0x0004,4,ELSE,0x0000,0x0022,8
OutPatrol2_start,4,0x4C4,424,16,0x170,0x021C,28,LIGHT,0x0200,0x00C0,48
OutPatrol2_start,4,0x4C4,424,17,0x1A0,0x0005,5,ENDIF,0x0000,0x0022,8
OutPatrol2_start,5,0x66C,180,0,0x1C,0x0203,3,ELSEIF,0x0200,0x0090,36
OutPatrol2_start,5,0x66C,180,1,0x40,0x021B,27,SOUND,0x0200,0x0060,24
OutPatrol2_start,5,0x66C,180,2,0x58,0x000E,14,WAIT,0x0000,0x0030,12
OutPatrol2_start,5,0x66C,180,3,0x64,0x020D,13,LOOP,0x0200,0x0080,32
OutPatrol2_start,5,0x66C,180,4,0x84,0x002E,46,TIMER,0x0000,0x0040,16
OutPatrol2_start,5,0x66C,180,5,0x94,0x020D,13,LOOP,0x0200,0x0080,32
OutPatrol2_start,6,0x720,68,0,0x1C,0x0203,3,ELSEIF,0x0200,0x00A0,40
OutPatrol2_start,7,0x764,88,0,0x1C,0x0203,3,ELSEIF,0x0200,0x0090,36
OutPatrol2_start,7,0x764,88,1,0x40,0x021B,27,SOUND,0x0200,0x0060,24
OutPatrol2_start,8,0x7BC,108,0,0x1C,0x0203,3,ELSEIF,0x0200,0x0090,36
OutPatrol2_start,8,0x7BC,108,1,0x40,0x0001,1,QUAD_ALIGN,0x0000,0x0010,4
OutPatrol2_start,8,0x7BC,108,2,0x44,0x0213,19,OBJECT_MOTION,0x0200,0x00A1,40
OutPatrol3_special,0,0x0,40,0,0x1C,0x021E,30,END_WHILE,0x0200,0x0030,12
OutPatrol3_start,0,0x0,136,0,0x1C,0x0203,3,ELSEIF,0x0200,0x0080,32
OutPatrol3_start,0,0x0,136,1,0x3C,0x001C,28,LIGHT,0x0000,0x0082,32
OutPatrol3_start,0,0x0,136,2,0x5C,0x001D,29,WHILE,0x0000,0x0022,8
OutPatrol3_start,0,0x0,136,3,0x64,0x0211,17,OBJECT_TRANSLATE_STATE,0x0200,0x0050,20
OutPatrol3_start,0,0x0,136,4,0x78,0x001C,28,LIGHT,0x0000,0x0022,8
OutPatrol3_start,0,0x0,136,5,0x80,0x001D,29,WHILE,0x0000,0x0022,8
OutPatrol3_start,1,0x88,1080,0,0x1C,0x0203,3,ELSEIF,0x0200,0x0090,36
OutPatrol3_start,1,0x88,1080,1,0x40,0x001C,28,LIGHT,0x0000,0x0022,8
OutPatrol3_start,1,0x88,1080,2,0x48,0x0208,8,RANGE_TEST,0x0200,0x0050,20
OutPatrol3_start,1,0x88,1080,3,0x5C,0x020C,12,ANIM_LOD,0x0200,0x00C0,48
OutPatrol3_start,1,0x88,1080,4,0x8C,0x0209,9,RANDOM_WEIGHT,0x0200,0x0050,20
OutPatrol3_start,1,0x88,1080,5,0xA0,0x0208,8,RANGE_TEST,0x0200,0x0050,20
OutPatrol3_start,1,0x88,1080,6,0xB4,0x020C,12,ANIM_LOD,0x0200,0x00C0,48
OutPatrol3_start,1,0x88,1080,7,0xE4,0x0001,1,QUAD_ALIGN,0x0000,0x0010,4
OutPatrol3_start,1,0x88,1080,8,0xE8,0x0213,19,OBJECT_MOTION,0x0200,0x00A1,40
OutPatrol3_start,1,0x88,1080,9,0x110,0x020D,13,LOOP,0x0200,0x0090,36
OutPatrol3_start,1,0x88,1080,10,0x134,0x0209,9,RANDOM_WEIGHT,0x0200,0x0050,20
OutPatrol3_start,1,0x88,1080,11,0x148,0x0208,8,RANGE_TEST,0x0200,0x0050,20
OutPatrol3_start,1,0x88,1080,12,0x15C,0x020C,12,ANIM_LOD,0x0200,0x00C0,48
OutPatrol3_start,1,0x88,1080,13,0x18C,0x0209,9,RANDOM_WEIGHT,0x0200,0x0050,20
OutPatrol3_start,1,0x88,1080,14,0x1A0,0x0208,8,RANGE_TEST,0x0200,0x0050,20
OutPatrol3_start,1,0x88,1080,15,0x1B4,0x020C,12,ANIM_LOD,0x0200,0x00C0,48
OutPatrol3_start,1,0x88,1080,16,0x1E4,0x0209,9,RANDOM_WEIGHT,0x0200,0x0050,20
OutPatrol3_start,1,0x88,1080,17,0x1F8,0x0208,8,RANGE_TEST,0x0200,0x0050,20
OutPatrol3_start,1,0x88,1080,18,0x20C,0x020C,12,ANIM_LOD,0x0200,0x00C0,48
OutPatrol3_start,1,0x88,1080,19,0x23C,0x0209,9,RANDOM_WEIGHT,0x0200,0x0050,20
OutPatrol3_start,1,0x88,1080,20,0x250,0x0208,8,RANGE_TEST,0x0200,0x0050,20
OutPatrol3_start,1,0x88,1080,21,0x264,0x020C,12,ANIM_LOD,0x0200,0x00C0,48
OutPatrol3_start,1,0x88,1080,22,0x294,0x0209,9,RANDOM_WEIGHT,0x0200,0x0050,20
OutPatrol3_start,1,0x88,1080,23,0x2A8,0x0208,8,RANGE_TEST,0x0200,0x0050,20
OutPatrol3_start,1,0x88,1080,24,0x2BC,0x0001,1,QUAD_ALIGN,0x0000,0x0030,12
OutPatrol3_start,1,0x88,1080,25,0x2C8,0x0213,19,OBJECT_MOTION,0x0200,0x00A1,40
OutPatrol3_start,1,0x88,1080,26,0x2F0,0x020D,13,LOOP,0x0200,0x0090,36
OutPatrol3_start,1,0x88,1080,27,0x314,0x0209,9,RANDOM_WEIGHT,0x0200,0x0050,20
OutPatrol3_start,1,0x88,1080,28,0x328,0x0208,8,RANGE_TEST,0x0200,0x0050,20
OutPatrol3_start,1,0x88,1080,29,0x33C,0x020C,12,ANIM_LOD,0x0200,0x00C0,48
OutPatrol3_start,1,0x88,1080,30,0x36C,0x0209,9,RANDOM_WEIGHT,0x0200,0x0050,20
OutPatrol3_start,1,0x88,1080,31,0x380,0x0208,8,RANGE_TEST,0x0200,0x0050,20
OutPatrol3_start,1,0x88,1080,32,0x394,0x020C,12,ANIM_LOD,0x0200,0x00C0,48
OutPatrol3_start,1,0x88,1080,33,0x3C4,0x0209,9,RANDOM_WEIGHT,0x0200,0x0050,20
OutPatrol3_start,1,0x88,1080,34,0x3D8,0x0208,8,RANGE_TEST,0x0200,0x0050,20
OutPatrol3_start,1,0x88,1080,35,0x3EC,0x020C,12,ANIM_LOD,0x0200,0x00C0,48
OutPatrol3_start,1,0x88,1080,36,0x41C,0x0209,9,RANDOM_WEIGHT,0x0200,0x0050,20
OutPatrol3_start,1,0x88,1080,37,0x430,0x001D,29,WHILE,0x0000,0x0022,8
OutPatrol3_start,2,0x4C0,96,0,0x1C,0x0203,3,ELSEIF,0x0200,0x0090,36
OutPatrol3_start,2,0x4C0,96,1,0x40,0x020D,13,LOOP,0x0200,0x0080,32
OutPatrol3_start,3,0x520,724,0,0x1C,0x0203,3,ELSEIF,0x0200,0x0090,36
OutPatrol3_start,3,0x520,724,1,0x40,0x000E,14,WAIT,0x0000,0x0030,12
OutPatrol3_start,3,0x520,724,2,0x4C,0x020D,13,LOOP,0x0200,0x0080,32
OutPatrol3_start,3,0x520,724,3,0x6C,0x002E,46,TIMER,0x0000,0x0040,16
OutPatrol3_start,3,0x520,724,4,0x7C,0x0002,2,IF,0x0000,0x00C2,48
OutPatrol3_start,3,0x520,724,5,0xAC,0x0219,25,CAMERA,0x0200,0x0040,16
OutPatrol3_start,3,0x520,724,6,0xBC,0x0208,8,RANGE_TEST,0x0200,0x0050,20
OutPatrol3_start,3,0x520,724,7,0xD0,0x0208,8,RANGE_TEST,0x0200,0x0050,20
OutPatrol3_start,3,0x520,724,8,0xE4,0x0208,8,RANGE_TEST,0x0200,0x0050,20
OutPatrol3_start,3,0x520,724,9,0xF8,0x0208,8,RANGE_TEST,0x0200,0x0050,20
OutPatrol3_start,3,0x520,724,10,0x10C,0x0208,8,RANGE_TEST,0x0200,0x0050,20
OutPatrol3_start,3,0x520,724,11,0x120,0x0208,8,RANGE_TEST,0x0200,0x0050,20
OutPatrol3_start,3,0x520,724,12,0x134,0x0208,8,RANGE_TEST,0x0200,0x0050,20
OutPatrol3_start,3,0x520,724,13,0x148,0x002E,46,TIMER,0x0000,0x0040,16
OutPatrol3_start,3,0x520,724,14,0x158,0x0219,25,CAMERA,0x0200,0x0040,16
OutPatrol3_start,3,0x520,724,15,0x168,0x0003,3,ELSEIF,0x0000,0x0062,24
OutPatrol3_start,3,0x520,724,16,0x180,0x0208,8,RANGE_TEST,0x0200,0x0050,20
OutPatrol3_start,3,0x520,724,17,0x194,0x020C,12,ANIM_LOD,0x0200,0x00C0,48
OutPatrol3_start,3,0x520,724,18,0x1C4,0x0202,2,IF,0x0200,0x0040,16
OutPatrol3_start,3,0x520,724,19,0x1D4,0x0211,17,OBJECT_TRANSLATE_STATE,0x0200,0x0080,32
OutPatrol3_start,3,0x520,724,20,0x1F4,0x0205,5,ENDIF,0x0200,0x0090,36
OutPatrol3_start,3,0x520,724,21,0x218,0x0209,9,RANDOM_WEIGHT,0x0200,0x0050,20
OutPatrol3_start,3,0x520,724,22,0x22C,0x0001,1,QUAD_ALIGN,0x0000,0x0010,4
OutPatrol3_start,3,0x520,724,23,0x230,0x0213,19,OBJECT_MOTION,0x0200,0x00A1,40
OutPatrol3_start,3,0x520,724,24,0x258,0x0208,8,RANGE_TEST,0x0200,0x0050,20
OutPatrol3_start,3,0x520,724,25,0x26C,0x021B,27,SOUND,0x0200,0x0060,24
OutPatrol3_start,3,0x520,724,26,0x284,0x002E,46,TIMER,0x0000,0x0040,16
OutPatrol3_start,3,0x520,724,27,0x294,0x0004,4,ELSE,0x0000,0x0022,8
OutPatrol3_start,3,0x520,724,28,0x29C,0x021C,28,LIGHT,0x0200,0x00C0,48
OutPatrol3_start,3,0x520,724,29,0x2CC,0x0005,5,ENDIF,0x0000,0x0022,8
OutPatrol3_start,4,0x7F4,416,0,0x1C,0x0203,3,ELSEIF,0x0200,0x0090,36
OutPatrol3_start,4,0x7F4,416,1,0x40,0x000E,14,WAIT,0x0000,0x0030,12
OutPatrol3_start,4,0x7F4,416,2,0x4C,0x020D,13,LOOP,0x0200,0x0080,32
OutPatrol3_start,4,0x7F4,416,3,0x6C,0x002E,46,TIMER,0x0000,0x0040,16
OutPatrol3_start,4,0x7F4,416,4,0x7C,0x0002,2,IF,0x0000,0x0062,24
OutPatrol3_start,4,0x7F4,416,5,0x94,0x0208,8,RANGE_TEST,0x0200,0x0050,20
OutPatrol3_start,4,0x7F4,416,6,0xA8,0x020C,12,ANIM_LOD,0x0200,0x00C0,48
OutPatrol3_start,4,0x7F4,416,7,0xD8,0x0202,2,IF,0x0200,0x0040,16
OutPatrol3_start,4,0x7F4,416,8,0xE8,0x0205,5,ENDIF,0x0200,0x0090,36
OutPatrol3_start,4,0x7F4,416,9,0x10C,0x0209,9,RANDOM_WEIGHT,0x0200,0x0050,20
OutPatrol3_start,4,0x7F4,416,10,0x120,0x0001,1,QUAD_ALIGN,0x0000,0x0030,12
OutPatrol3_start,4,0x7F4,416,11,0x12C,0x0213,19,OBJECT_MOTION,0x0200,0x00A1,40
OutPatrol3_start,4,0x7F4,416,12,0x154,0x0208,8,RANGE_TEST,0x0200,0x0050,20
OutPatrol3_start,4,0x7F4,416,13,0x168,0x021B,27,SOUND,0x0200,0x0060,24
OutPatrol3_start,4,0x7F4,416,14,0x180,0x002E,46,TIMER,0x0000,0x0040,16
OutPatrol3_start,4,0x7F4,416,15,0x190,0x0004,4,ELSE,0x0000,0x0022,8
OutPatrol3_start,4,0x7F4,416,16,0x198,0x0005,5,ENDIF,0x0000,0x0022,8
OutPatrol3_start,5,0x994,496,0,0x1C,0x0203,3,ELSEIF,0x0200,0x0090,36
OutPatrol3_start,5,0x994,496,1,0x40,0x021B,27,SOUND,0x0200,0x0060,24
OutPatrol3_start,5,0x994,496,2,0x58,0x000E,14,WAIT,0x0000,0x0030,12
OutPatrol3_start,5,0x994,496,3,0x64,0x020D,13,LOOP,0x0200,0x0080,32
OutPatrol3_start,5,0x994,496,4,0x84,0x002E,46,TIMER,0x0000,0x0040,16
OutPatrol3_start,5,0x994,496,5,0x94,0x020D,13,LOOP,0x0200,0x0080,32
OutPatrol3_start,5,0x994,496,6,0xB4,0x0202,2,IF,0x0200,0x0040,16
OutPatrol3_start,5,0x994,496,7,0xC4,0x0212,18,OBJECT_ROTATE_STATE,0x0200,0x0030,12
OutPatrol3_start,5,0x994,496,8,0xD0,0x0002,2,IF,0x0000,0x0062,24
OutPatrol3_start,5,0x994,496,9,0xE8,0x0208,8,RANGE_TEST,0x0200,0x0050,20
OutPatrol3_start,5,0x994,496,10,0xFC,0x020C,12,ANIM_LOD,0x0200,0x00C0,48
OutPatrol3_start,5,0x994,496,11,0x12C,0x0202,2,IF,0x0200,0x0040,16
OutPatrol3_start,5,0x994,496,12,0x13C,0x0205,5,ENDIF,0x0200,0x0090,36
OutPatrol3_start,5,0x994,496,13,0x160,0x0209,9,RANDOM_WEIGHT,0x0200,0x0050,20
OutPatrol3_start,5,0x994,496,14,0x174,0x0001,1,QUAD_ALIGN,0x0000,0x0020,8
OutPatrol3_start,5,0x994,496,15,0x17C,0x0213,19,OBJECT_MOTION,0x0200,0x00A1,40
OutPatrol3_start,5,0x994,496,16,0x1A4,0x0208,8,RANGE_TEST,0x0200,0x0050,20
OutPatrol3_start,5,0x994,496,17,0x1B8,0x021B,27,SOUND,0x0200,0x0060,24
OutPatrol3_start,5,0x994,496,18,0x1D0,0x002E,46,TIMER,0x0000,0x0040,16
OutPatrol3_start,5,0x994,496,19,0x1E0,0x0004,4,ELSE,0x0000,0x0022,8
OutPatrol3_start,5,0x994,496,20,0x1E8,0x0005,5,ENDIF,0x0000,0x0022,8
OutPatrol3_start,6,0xB84,160,0,0x1C,0x0203,3,ELSEIF,0x0200,0x00A0,40
OutPatrol3_start,6,0xB84,160,1,0x44,0x0208,8,RANGE_TEST,0x0200,0x0050,20
OutPatrol3_start,6,0xB84,160,2,0x58,0x020C,12,ANIM_LOD,0x0200,0x00C0,48
OutPatrol3_start,6,0xB84,160,3,0x88,0x021B,27,SOUND,0x0200,0x0060,24
OutPatrol3_start,7,0xC24,88,0,0x1C,0x0203,3,ELSEIF,0x0200,0x0090,36
OutPatrol3_start,7,0xC24,88,1,0x40,0x021B,27,SOUND,0x0200,0x0060,24
OutPatrol3_start,8,0xC7C,108,0,0x1C,0x0203,3,ELSEIF,0x0200,0x0090,36
OutPatrol3_start,8,0xC7C,108,1,0x40,0x0001,1,QUAD_ALIGN,0x0000,0x0010,4
OutPatrol3_start,8,0xC7C,108,2,0x44,0x0213,19,OBJECT_MOTION,0x0200,0x00A1,40
OutPatrol4_special,0,0x0,40,0,0x1C,0x021E,30,END_WHILE,0x0200,0x0030,12
OutPatrol4_start,0,0x0,136,0,0x1C,0x0203,3,ELSEIF,0x0200,0x0080,32
OutPatrol4_start,0,0x0,136,1,0x3C,0x001C,28,LIGHT,0x0000,0x0082,32
OutPatrol4_start,0,0x0,136,2,0x5C,0x001D,29,WHILE,0x0000,0x0022,8
OutPatrol4_start,0,0x0,136,3,0x64,0x0211,17,OBJECT_TRANSLATE_STATE,0x0200,0x0050,20
OutPatrol4_start,0,0x0,136,4,0x78,0x001C,28,LIGHT,0x0000,0x0022,8
OutPatrol4_start,0,0x0,136,5,0x80,0x001D,29,WHILE,0x0000,0x0022,8
OutPatrol4_start,1,0x88,660,0,0x1C,0x0203,3,ELSEIF,0x0200,0x0090,36
OutPatrol4_start,1,0x88,660,1,0x40,0x0209,9,RANDOM_WEIGHT,0x0200,0x0050,20
OutPatrol4_start,1,0x88,660,2,0x54,0x001C,28,LIGHT,0x0000,0x0022,8
OutPatrol4_start,1,0x88,660,3,0x5C,0x0208,8,RANGE_TEST,0x0200,0x0050,20
OutPatrol4_start,1,0x88,660,4,0x70,0x0209,9,RANDOM_WEIGHT,0x0200,0x0050,20
OutPatrol4_start,1,0x88,660,5,0x84,0x0208,8,RANGE_TEST,0x0200,0x0050,20
OutPatrol4_start,1,0x88,660,6,0x98,0x0213,19,OBJECT_MOTION,0x0200,0x00A1,40
OutPatrol4_start,1,0x88,660,7,0xC0,0x020D,13,LOOP,0x0200,0x0090,36
OutPatrol4_start,1,0x88,660,8,0xE4,0x0209,9,RANDOM_WEIGHT,0x0200,0x0050,20
OutPatrol4_start,1,0x88,660,9,0xF8,0x0208,8,RANGE_TEST,0x0200,0x0050,20
OutPatrol4_start,1,0x88,660,10,0x10C,0x0209,9,RANDOM_WEIGHT,0x0200,0x0050,20
OutPatrol4_start,1,0x88,660,11,0x120,0x0208,8,RANGE_TEST,0x0200,0x0050,20
OutPatrol4_start,1,0x88,660,12,0x134,0x0209,9,RANDOM_WEIGHT,0x0200,0x0050,20
OutPatrol4_start,1,0x88,660,13,0x148,0x0208,8,RANGE_TEST,0x0200,0x0050,20
OutPatrol4_start,1,0x88,660,14,0x15C,0x0209,9,RANDOM_WEIGHT,0x0200,0x0050,20
OutPatrol4_start,1,0x88,660,15,0x170,0x0208,8,RANGE_TEST,0x0200,0x0050,20
OutPatrol4_start,1,0x88,660,16,0x184,0x0209,9,RANDOM_WEIGHT,0x0200,0x0050,20
OutPatrol4_start,1,0x88,660,17,0x198,0x0208,8,RANGE_TEST,0x0200,0x0050,20
OutPatrol4_start,1,0x88,660,18,0x1AC,0x0209,9,RANDOM_WEIGHT,0x0200,0x0050,20
OutPatrol4_start,1,0x88,660,19,0x1C0,0x0001,1,QUAD_ALIGN,0x0000,0x0020,8
OutPatrol4_start,1,0x88,660,20,0x1C8,0x0213,19,OBJECT_MOTION,0x0200,0x00A1,40
OutPatrol4_start,1,0x88,660,21,0x1F0,0x020D,13,LOOP,0x0200,0x0090,36
OutPatrol4_start,1,0x88,660,22,0x214,0x0208,8,RANGE_TEST,0x0200,0x0050,20
OutPatrol4_start,1,0x88,660,23,0x228,0x0209,9,RANDOM_WEIGHT,0x0200,0x0050,20
OutPatrol4_start,1,0x88,660,24,0x23C,0x0208,8,RANGE_TEST,0x0200,0x0050,20
OutPatrol4_start,1,0x88,660,25,0x250,0x0209,9,RANDOM_WEIGHT,0x0200,0x0050,20
OutPatrol4_start,1,0x88,660,26,0x264,0x0208,8,RANGE_TEST,0x0200,0x0050,20
OutPatrol4_start,1,0x88,660,27,0x278,0x0209,9,RANDOM_WEIGHT,0x0200,0x0050,20
OutPatrol4_start,1,0x88,660,28,0x28C,0x001D,29,WHILE,0x0000,0x0022,8
OutPatrol4_start,2,0x31C,96,0,0x1C,0x0203,3,ELSEIF,0x0200,0x0090,36
OutPatrol4_start,2,0x31C,96,1,0x40,0x020D,13,LOOP,0x0200,0x0080,32
OutPatrol4_start,3,0x37C,792,0,0x1C,0x0203,3,ELSEIF,0x0200,0x0090,36
OutPatrol4_start,3,0x37C,792,1,0x40,0x000E,14,WAIT,0x0000,0x0030,12
OutPatrol4_start,3,0x37C,792,2,0x4C,0x020D,13,LOOP,0x0200,0x0080,32
OutPatrol4_start,3,0x37C,792,3,0x6C,0x002E,46,TIMER,0x0000,0x0040,16
OutPatrol4_start,3,0x37C,792,4,0x7C,0x0002,2,IF,0x0000,0x00C2,48
OutPatrol4_start,3,0x37C,792,5,0xAC,0x0219,25,CAMERA,0x0200,0x0040,16
OutPatrol4_start,3,0x37C,792,6,0xBC,0x0208,8,RANGE_TEST,0x0200,0x0050,20
OutPatrol4_start,3,0x37C,792,7,0xD0,0x0208,8,RANGE_TEST,0x0200,0x0050,20
OutPatrol4_start,3,0x37C,792,8,0xE4,0x0208,8,RANGE_TEST,0x0200,0x0050,20
OutPatrol4_start,3,0x37C,792,9,0xF8,0x0208,8,RANGE_TEST,0x0200,0x0050,20
OutPatrol4_start,3,0x37C,792,10,0x10C,0x0208,8,RANGE_TEST,0x0200,0x0050,20
OutPatrol4_start,3,0x37C,792,11,0x120,0x0208,8,RANGE_TEST,0x0200,0x0050,20
OutPatrol4_start,3,0x37C,792,12,0x134,0x0208,8,RANGE_TEST,0x0200,0x0050,20
OutPatrol4_start,3,0x37C,792,13,0x148,0x002E,46,TIMER,0x0000,0x0040,16
OutPatrol4_start,3,0x37C,792,14,0x158,0x0219,25,CAMERA,0x0200,0x0040,16
OutPatrol4_start,3,0x37C,792,15,0x168,0x0004,4,ELSE,0x0000,0x0022,8
OutPatrol4_start,3,0x37C,792,16,0x170,0x001C,28,LIGHT,0x0000,0x0022,8
OutPatrol4_start,3,0x37C,792,17,0x178,0x0208,8,RANGE_TEST,0x0200,0x0050,20
OutPatrol4_start,3,0x37C,792,18,0x18C,0x0209,9,RANDOM_WEIGHT,0x0200,0x0050,20
OutPatrol4_start,3,0x37C,792,19,0x1A0,0x0208,8,RANGE_TEST,0x0200,0x0050,20
OutPatrol4_start,3,0x37C,792,20,0x1B4,0x0209,9,RANDOM_WEIGHT,0x0200,0x0050,20
OutPatrol4_start,3,0x37C,792,21,0x1C8,0x0208,8,RANGE_TEST,0x0200,0x0050,20
OutPatrol4_start,3,0x37C,792,22,0x1DC,0x0209,9,RANDOM_WEIGHT,0x0200,0x0050,20
OutPatrol4_start,3,0x37C,792,23,0x1F0,0x0208,8,RANGE_TEST,0x0200,0x0050,20
OutPatrol4_start,3,0x37C,792,24,0x204,0x0209,9,RANDOM_WEIGHT,0x0200,0x0050,20
OutPatrol4_start,3,0x37C,792,25,0x218,0x0208,8,RANGE_TEST,0x0200,0x0050,20
OutPatrol4_start,3,0x37C,792,26,0x22C,0x0209,9,RANDOM_WEIGHT,0x0200,0x0050,20
OutPatrol4_start,3,0x37C,792,27,0x240,0x0208,8,RANGE_TEST,0x0200,0x0050,20
OutPatrol4_start,3,0x37C,792,28,0x254,0x0209,9,RANDOM_WEIGHT,0x0200,0x0050,20
OutPatrol4_start,3,0x37C,792,29,0x268,0x0208,8,RANGE_TEST,0x0200,0x0050,20
OutPatrol4_start,3,0x37C,792,30,0x27C,0x0209,9,RANDOM_WEIGHT,0x0200,0x0050,20
OutPatrol4_start,3,0x37C,792,31,0x290,0x0208,8,RANGE_TEST,0x0200,0x0050,20
OutPatrol4_start,3,0x37C,792,32,0x2A4,0x0209,9,RANDOM_WEIGHT,0x0200,0x0050,20
OutPatrol4_start,3,0x37C,792,33,0x2B8,0x0208,8,RANGE_TEST,0x0200,0x0050,20
OutPatrol4_start,3,0x37C,792,34,0x2CC,0x0209,9,RANDOM_WEIGHT,0x0200,0x0050,20
OutPatrol4_start,3,0x37C,792,35,0x2E0,0x0208,8,RANGE_TEST,0x0200,0x0050,20
OutPatrol4_start,3,0x37C,792,36,0x2F4,0x0209,9,RANDOM_WEIGHT,0x0200,0x0050,20
OutPatrol4_start,3,0x37C,792,37,0x308,0x001D,29,WHILE,0x0000,0x0022,8
OutPatrol4_start,3,0x37C,792,38,0x310,0x0005,5,ENDIF,0x0000,0x0022,8
OutPatrol4_start,4,0x694,324,0,0x1C,0x0203,3,ELSEIF,0x0200,0x0090,36
OutPatrol4_start,4,0x694,324,1,0x40,0x000E,14,WAIT,0x0000,0x0030,12
OutPatrol4_start,4,0x694,324,2,0x4C,0x020D,13,LOOP,0x0200,0x0080,32
OutPatrol4_start,4,0x694,324,3,0x6C,0x002E,46,TIMER,0x0000,0x0040,16
OutPatrol4_start,4,0x694,324,4,0x7C,0x020D,13,LOOP,0x0200,0x0080,32
OutPatrol4_start,4,0x694,324,5,0x9C,0x0002,2,IF,0x0000,0x0042,16
OutPatrol4_start,4,0x694,324,6,0xAC,0x021B,27,SOUND,0x0200,0x0060,24
OutPatrol4_start,4,0x694,324,7,0xC4,0x0212,18,OBJECT_ROTATE_STATE,0x0200,0x0030,12
OutPatrol4_start,4,0x694,324,8,0xD0,0x0003,3,ELSEIF,0x0000,0x0042,16
OutPatrol4_start,4,0x694,324,9,0xE0,0x021B,27,SOUND,0x0200,0x0060,24
OutPatrol4_start,4,0x694,324,10,0xF8,0x0212,18,OBJECT_ROTATE_STATE,0x0200,0x0030,12
OutPatrol4_start,4,0x694,324,11,0x104,0x0004,4,ELSE,0x0000,0x0022,8
OutPatrol4_start,4,0x694,324,12,0x10C,0x021B,27,SOUND,0x0200,0x0060,24
OutPatrol4_start,4,0x694,324,13,0x124,0x0005,5,ENDIF,0x0000,0x0022,8
OutPatrol4_start,4,0x694,324,14,0x12C,0x021B,27,SOUND,0x0200,0x0060,24
OutPatrol4_start,5,0x7D8,340,0,0x1C,0x0203,3,ELSEIF,0x0200,0x0090,36
OutPatrol4_start,5,0x7D8,340,1,0x40,0x000E,14,WAIT,0x0000,0x0030,12
OutPatrol4_start,5,0x7D8,340,2,0x4C,0x002E,46,TIMER,0x0000,0x0040,16
OutPatrol4_start,5,0x7D8,340,3,0x5C,0x020D,13,LOOP,0x0200,0x0080,32
OutPatrol4_start,5,0x7D8,340,4,0x7C,0x020D,13,LOOP,0x0200,0x0080,32
OutPatrol4_start,5,0x7D8,340,5,0x9C,0x0202,2,IF,0x0200,0x0040,16
OutPatrol4_start,5,0x7D8,340,6,0xAC,0x0002,2,IF,0x0000,0x0042,16
OutPatrol4_start,5,0x7D8,340,7,0xBC,0x021B,27,SOUND,0x0200,0x0060,24
OutPatrol4_start,5,0x7D8,340,8,0xD4,0x0212,18,OBJECT_ROTATE_STATE,0x0200,0x0030,12
OutPatrol4_start,5,0x7D8,340,9,0xE0,0x0003,3,ELSEIF,0x0000,0x0042,16
OutPatrol4_start,5,0x7D8,340,10,0xF0,0x021B,27,SOUND,0x0200,0x0060,24
OutPatrol4_start,5,0x7D8,340,11,0x108,0x0212,18,OBJECT_ROTATE_STATE,0x0200,0x0030,12
OutPatrol4_start,5,0x7D8,340,12,0x114,0x0004,4,ELSE,0x0000,0x0022,8
OutPatrol4_start,5,0x7D8,340,13,0x11C,0x021B,27,SOUND,0x0200,0x0060,24
OutPatrol4_start,5,0x7D8,340,14,0x134,0x0005,5,ENDIF,0x0000,0x0022,8
OutPatrol4_start,5,0x7D8,340,15,0x13C,0x021B,27,SOUND,0x0200,0x0060,24
OutPatrol4_start,6,0x92C,68,0,0x1C,0x0203,3,ELSEIF,0x0200,0x00A0,40
OutPatrol4_start,7,0x970,88,0,0x1C,0x0203,3,ELSEIF,0x0200,0x0090,36
OutPatrol4_start,7,0x970,88,1,0x40,0x021B,27,SOUND,0x0200,0x0060,24
OutPatrol4_start,8,0x9C8,144,0,0x1C,0x0203,3,ELSEIF,0x0200,0x0090,36
OutPatrol4_start,8,0x9C8,144,1,0x40,0x000E,14,WAIT,0x0000,0x0030,12
OutPatrol4_start,8,0x9C8,144,2,0x4C,0x002E,46,TIMER,0x0000,0x0040,16
OutPatrol4_start,8,0x9C8,144,3,0x5C,0x0001,1,QUAD_ALIGN,0x0000,0x0030,12
OutPatrol4_start,8,0x9C8,144,4,0x68,0x0213,19,OBJECT_MOTION,0x0200,0x00A1,40
OutPatrol5_special,0,0x0,40,0,0x1C,0x021E,30,END_WHILE,0x0200,0x0030,12
OutPatrol5_start,0,0x0,136,0,0x1C,0x0203,3,ELSEIF,0x0200,0x0080,32
OutPatrol5_start,0,0x0,136,1,0x3C,0x001C,28,LIGHT,0x0000,0x0082,32
OutPatrol5_start,0,0x0,136,2,0x5C,0x001D,29,WHILE,0x0000,0x0022,8
OutPatrol5_start,0,0x0,136,3,0x64,0x0211,17,OBJECT_TRANSLATE_STATE,0x0200,0x0050,20
OutPatrol5_start,0,0x0,136,4,0x78,0x001C,28,LIGHT,0x0000,0x0022,8
OutPatrol5_start,0,0x0,136,5,0x80,0x001D,29,WHILE,0x0000,0x0022,8
OutPatrol5_start,1,0x88,868,0,0x1C,0x0203,3,ELSEIF,0x0200,0x0090,36
OutPatrol5_start,1,0x88,868,1,0x40,0x001C,28,LIGHT,0x0000,0x0022,8
OutPatrol5_start,1,0x88,868,2,0x48,0x0208,8,RANGE_TEST,0x0200,0x0050,20
OutPatrol5_start,1,0x88,868,3,0x5C,0x0208,8,RANGE_TEST,0x0200,0x0050,20
OutPatrol5_start,1,0x88,868,4,0x70,0x020C,12,ANIM_LOD,0x0200,0x00C0,48
OutPatrol5_start,1,0x88,868,5,0xA0,0x0002,2,IF,0x0000,0x00C2,48
OutPatrol5_start,1,0x88,868,6,0xD0,0x001C,28,LIGHT,0x0000,0x00C2,48
OutPatrol5_start,1,0x88,868,7,0x100,0x001D,29,WHILE,0x0000,0x0022,8
OutPatrol5_start,1,0x88,868,8,0x108,0x0209,9,RANDOM_WEIGHT,0x0200,0x0050,20
OutPatrol5_start,1,0x88,868,9,0x11C,0x021A,26,DESTRUCTION_SOURCE,0x0200,0x0080,32
OutPatrol5_start,1,0x88,868,10,0x13C,0x002E,46,TIMER,0x0000,0x0040,16
OutPatrol5_start,1,0x88,868,11,0x14C,0x0209,9,RANDOM_WEIGHT,0x0200,0x0050,20
OutPatrol5_start,1,0x88,868,12,0x160,0x0002,2,IF,0x0000,0x0062,24
OutPatrol5_start,1,0x88,868,13,0x178,0x021A,26,DESTRUCTION_SOURCE,0x0200,0x0080,32
OutPatrol5_start,1,0x88,868,14,0x198,0x002E,46,TIMER,0x0000,0x0040,16
OutPatrol5_start,1,0x88,868,15,0x1A8,0x0005,5,ENDIF,0x0000,0x0022,8
OutPatrol5_start,1,0x88,868,16,0x1B0,0x0209,9,RANDOM_WEIGHT,0x0200,0x0050,20
OutPatrol5_start,1,0x88,868,17,0x1C4,0x002E,46,TIMER,0x0000,0x0040,16
OutPatrol5_start,1,0x88,868,18,0x1D4,0x002E,46,TIMER,0x0000,0x0040,16
OutPatrol5_start,1,0x88,868,19,0x1E4,0x0005,5,ENDIF,0x0000,0x0022,8
OutPatrol5_start,1,0x88,868,20,0x1EC,0x0209,9,RANDOM_WEIGHT,0x0200,0x0050,20
OutPatrol5_start,1,0x88,868,21,0x200,0x0208,8,RANGE_TEST,0x0200,0x0050,20
OutPatrol5_start,1,0x88,868,22,0x214,0x0208,8,RANGE_TEST,0x0200,0x0050,20
OutPatrol5_start,1,0x88,868,23,0x228,0x0209,9,RANDOM_WEIGHT,0x0200,0x0050,20
OutPatrol5_start,1,0x88,868,24,0x23C,0x0208,8,RANGE_TEST,0x0200,0x0050,20
OutPatrol5_start,1,0x88,868,25,0x250,0x0208,8,RANGE_TEST,0x0200,0x0050,20
OutPatrol5_start,1,0x88,868,26,0x264,0x0209,9,RANDOM_WEIGHT,0x0200,0x0050,20
OutPatrol5_start,1,0x88,868,27,0x278,0x0208,8,RANGE_TEST,0x0200,0x0050,20
OutPatrol5_start,1,0x88,868,28,0x28C,0x0001,1,QUAD_ALIGN,0x0000,0x0030,12
OutPatrol5_start,1,0x88,868,29,0x298,0x0213,19,OBJECT_MOTION,0x0200,0x00A1,40
OutPatrol5_start,1,0x88,868,30,0x2C0,0x020D,13,LOOP,0x0200,0x0090,36
OutPatrol5_start,1,0x88,868,31,0x2E4,0x0209,9,RANDOM_WEIGHT,0x0200,0x0050,20
OutPatrol5_start,1,0x88,868,32,0x2F8,0x0208,8,RANGE_TEST,0x0200,0x0050,20
OutPatrol5_start,1,0x88,868,33,0x30C,0x0209,9,RANDOM_WEIGHT,0x0200,0x0050,20
OutPatrol5_start,1,0x88,868,34,0x320,0x0208,8,RANGE_TEST,0x0200,0x0050,20
OutPatrol5_start,1,0x88,868,35,0x334,0x0208,8,RANGE_TEST,0x0200,0x0050,20
OutPatrol5_start,1,0x88,868,36,0x348,0x0209,9,RANDOM_WEIGHT,0x0200,0x0050,20
OutPatrol5_start,1,0x88,868,37,0x35C,0x001D,29,WHILE,0x0000,0x0022,8
OutPatrol5_start,2,0x3EC,96,0,0x1C,0x0203,3,ELSEIF,0x0200,0x0090,36
OutPatrol5_start,2,0x3EC,96,1,0x40,0x020D,13,LOOP,0x0200,0x0080,32
OutPatrol5_start,3,0x44C,732,0,0x1C,0x0203,3,ELSEIF,0x0200,0x0090,36
OutPatrol5_start,3,0x44C,732,1,0x40,0x0002,2,IF,0x0000,0x00C2,48
OutPatrol5_start,3,0x44C,732,2,0x70,0x0219,25,CAMERA,0x0200,0x0040,16
OutPatrol5_start,3,0x44C,732,3,0x80,0x0208,8,RANGE_TEST,0x0200,0x0050,20
OutPatrol5_start,3,0x44C,732,4,0x94,0x0208,8,RANGE_TEST,0x0200,0x0050,20
OutPatrol5_start,3,0x44C,732,5,0xA8,0x0208,8,RANGE_TEST,0x0200,0x0050,20
OutPatrol5_start,3,0x44C,732,6,0xBC,0x0208,8,RANGE_TEST,0x0200,0x0050,20
OutPatrol5_start,3,0x44C,732,7,0xD0,0x0208,8,RANGE_TEST,0x0200,0x0050,20
OutPatrol5_start,3,0x44C,732,8,0xE4,0x0208,8,RANGE_TEST,0x0200,0x0050,20
OutPatrol5_start,3,0x44C,732,9,0xF8,0x0208,8,RANGE_TEST,0x0200,0x0050,20
OutPatrol5_start,3,0x44C,732,10,0x10C,0x002E,46,TIMER,0x0000,0x0040,16
OutPatrol5_start,3,0x44C,732,11,0x11C,0x0219,25,CAMERA,0x0200,0x0040,16
OutPatrol5_start,3,0x44C,732,12,0x12C,0x0004,4,ELSE,0x0000,0x0022,8
OutPatrol5_start,3,0x44C,732,13,0x134,0x001C,28,LIGHT,0x0000,0x0022,8
OutPatrol5_start,3,0x44C,732,14,0x13C,0x0208,8,RANGE_TEST,0x0200,0x0050,20
OutPatrol5_start,3,0x44C,732,15,0x150,0x0209,9,RANDOM_WEIGHT,0x0200,0x0050,20
OutPatrol5_start,3,0x44C,732,16,0x164,0x0208,8,RANGE_TEST,0x0200,0x0050,20
OutPatrol5_start,3,0x44C,732,17,0x178,0x0209,9,RANDOM_WEIGHT,0x0200,0x0050,20
OutPatrol5_start,3,0x44C,732,18,0x18C,0x0208,8,RANGE_TEST,0x0200,0x0050,20
OutPatrol5_start,3,0x44C,732,19,0x1A0,0x0209,9,RANDOM_WEIGHT,0x0200,0x0050,20
OutPatrol5_start,3,0x44C,732,20,0x1B4,0x0208,8,RANGE_TEST,0x0200,0x0050,20
OutPatrol5_start,3,0x44C,732,21,0x1C8,0x0209,9,RANDOM_WEIGHT,0x0200,0x0050,20
OutPatrol5_start,3,0x44C,732,22,0x1DC,0x0208,8,RANGE_TEST,0x0200,0x0050,20
OutPatrol5_start,3,0x44C,732,23,0x1F0,0x0209,9,RANDOM_WEIGHT,0x0200,0x0050,20
OutPatrol5_start,3,0x44C,732,24,0x204,0x0208,8,RANGE_TEST,0x0200,0x0050,20
OutPatrol5_start,3,0x44C,732,25,0x218,0x0209,9,RANDOM_WEIGHT,0x0200,0x0050,20
OutPatrol5_start,3,0x44C,732,26,0x22C,0x0208,8,RANGE_TEST,0x0200,0x0050,20
OutPatrol5_start,3,0x44C,732,27,0x240,0x0209,9,RANDOM_WEIGHT,0x0200,0x0050,20
OutPatrol5_start,3,0x44C,732,28,0x254,0x0208,8,RANGE_TEST,0x0200,0x0050,20
OutPatrol5_start,3,0x44C,732,29,0x268,0x0209,9,RANDOM_WEIGHT,0x0200,0x0050,20
OutPatrol5_start,3,0x44C,732,30,0x27C,0x0208,8,RANGE_TEST,0x0200,0x0050,20
OutPatrol5_start,3,0x44C,732,31,0x290,0x0209,9,RANDOM_WEIGHT,0x0200,0x0050,20
OutPatrol5_start,3,0x44C,732,32,0x2A4,0x0208,8,RANGE_TEST,0x0200,0x0050,20
OutPatrol5_start,3,0x44C,732,33,0x2B8,0x0209,9,RANDOM_WEIGHT,0x0200,0x0050,20
OutPatrol5_start,3,0x44C,732,34,0x2CC,0x001D,29,WHILE,0x0000,0x0022,8
OutPatrol5_start,3,0x44C,732,35,0x2D4,0x0005,5,ENDIF,0x0000,0x0022,8
OutPatrol5_start,4,0x728,264,0,0x1C,0x0203,3,ELSEIF,0x0200,0x0090,36
OutPatrol5_start,4,0x728,264,1,0x40,0x020D,13,LOOP,0x0200,0x0080,32
OutPatrol5_start,4,0x728,264,2,0x60,0x0002,2,IF,0x0000,0x0042,16
OutPatrol5_start,4,0x728,264,3,0x70,0x021B,27,SOUND,0x0200,0x0060,24
OutPatrol5_start,4,0x728,264,4,0x88,0x0212,18,OBJECT_ROTATE_STATE,0x0200,0x0030,12
OutPatrol5_start,4,0x728,264,5,0x94,0x0003,3,ELSEIF,0x0000,0x0042,16
OutPatrol5_start,4,0x728,264,6,0xA4,0x021B,27,SOUND,0x0200,0x0060,24
OutPatrol5_start,4,0x728,264,7,0xBC,0x0212,18,OBJECT_ROTATE_STATE,0x0200,0x0030,12
OutPatrol5_start,4,0x728,264,8,0xC8,0x0004,4,ELSE,0x0000,0x0022,8
OutPatrol5_start,4,0x728,264,9,0xD0,0x021B,27,SOUND,0x0200,0x0060,24
OutPatrol5_start,4,0x728,264,10,0xE8,0x0005,5,ENDIF,0x0000,0x0022,8
OutPatrol5_start,4,0x728,264,11,0xF0,0x021B,27,SOUND,0x0200,0x0060,24
OutPatrol5_start,5,0x830,296,0,0x1C,0x0203,3,ELSEIF,0x0200,0x0090,36
OutPatrol5_start,5,0x830,296,1,0x40,0x020D,13,LOOP,0x0200,0x0080,32
OutPatrol5_start,5,0x830,296,2,0x60,0x020D,13,LOOP,0x0200,0x0080,32
OutPatrol5_start,5,0x830,296,3,0x80,0x0002,2,IF,0x0000,0x0042,16
OutPatrol5_start,5,0x830,296,4,0x90,0x021B,27,SOUND,0x0200,0x0060,24
OutPatrol5_start,5,0x830,296,5,0xA8,0x0212,18,OBJECT_ROTATE_STATE,0x0200,0x0030,12
OutPatrol5_start,5,0x830,296,6,0xB4,0x0003,3,ELSEIF,0x0000,0x0042,16
OutPatrol5_start,5,0x830,296,7,0xC4,0x021B,27,SOUND,0x0200,0x0060,24
OutPatrol5_start,5,0x830,296,8,0xDC,0x0212,18,OBJECT_ROTATE_STATE,0x0200,0x0030,12
OutPatrol5_start,5,0x830,296,9,0xE8,0x0004,4,ELSE,0x0000,0x0022,8
OutPatrol5_start,5,0x830,296,10,0xF0,0x021B,27,SOUND,0x0200,0x0060,24
OutPatrol5_start,5,0x830,296,11,0x108,0x0005,5,ENDIF,0x0000,0x0022,8
OutPatrol5_start,5,0x830,296,12,0x110,0x021B,27,SOUND,0x0200,0x0060,24
OutPatrol5_start,6,0x958,68,0,0x1C,0x0203,3,ELSEIF,0x0200,0x00A0,40
OutPatrol5_start,7,0x99C,88,0,0x1C,0x0203,3,ELSEIF,0x0200,0x0090,36
OutPatrol5_start,7,0x99C,88,1,0x40,0x021B,27,SOUND,0x0200,0x0060,24
OutPatrol5_start,8,0x9F4,116,0,0x1C,0x0203,3,ELSEIF,0x0200,0x0090,36
OutPatrol5_start,8,0x9F4,116,1,0x40,0x0001,1,QUAD_ALIGN,0x0000,0x0030,12
OutPatrol5_start,8,0x9F4,116,2,0x4C,0x0213,19,OBJECT_MOTION,0x0200,0x00A1,40
OutPatrol6_special,0,0x0,40,0,0x1C,0x021E,30,END_WHILE,0x0200,0x0030,12
OutPatrol6_start,0,0x0,184,0,0x1C,0x0203,3,ELSEIF,0x0200,0x0080,32
OutPatrol6_start,0,0x0,184,1,0x3C,0x0217,23,OBJECT_MOTION_SI_SCRIPT,0x0200,0x0030,12
OutPatrol6_start,0,0x0,184,2,0x48,0x001C,28,LIGHT,0x0000,0x0072,28
OutPatrol6_start,0,0x0,184,3,0x64,0x001D,29,WHILE,0x0000,0x0022,8
OutPatrol6_start,0,0x0,184,4,0x6C,0x001C,28,LIGHT,0x0000,0x0082,32
OutPatrol6_start,0,0x0,184,5,0x8C,0x001D,29,WHILE,0x0000,0x0022,8
OutPatrol6_start,0,0x0,184,6,0x94,0x0211,17,OBJECT_TRANSLATE_STATE,0x0200,0x0050,20
OutPatrol6_start,0,0x0,184,7,0xA8,0x001C,28,LIGHT,0x0000,0x0022,8
OutPatrol6_start,0,0x0,184,8,0xB0,0x001D,29,WHILE,0x0000,0x0022,8
OutPatrol6_start,1,0xB8,780,0,0x1C,0x0203,3,ELSEIF,0x0200,0x0090,36
OutPatrol6_start,1,0xB8,780,1,0x40,0x001C,28,LIGHT,0x0000,0x0022,8
OutPatrol6_start,1,0xB8,780,2,0x48,0x0208,8,RANGE_TEST,0x0200,0x0050,20
OutPatrol6_start,1,0xB8,780,3,0x5C,0x0208,8,RANGE_TEST,0x0200,0x0050,20
OutPatrol6_start,1,0xB8,780,4,0x70,0x0001,1,QUAD_ALIGN,0x0000,0x0020,8
OutPatrol6_start,1,0xB8,780,5,0x78,0x0213,19,OBJECT_MOTION,0x0200,0x00A1,40
OutPatrol6_start,1,0xB8,780,6,0xA0,0x020D,13,LOOP,0x0200,0x0090,36
OutPatrol6_start,1,0xB8,780,7,0xC4,0x0209,9,RANDOM_WEIGHT,0x0200,0x0050,20
OutPatrol6_start,1,0xB8,780,8,0xD8,0x0208,8,RANGE_TEST,0x0200,0x0050,20
OutPatrol6_start,1,0xB8,780,9,0xEC,0x0208,8,RANGE_TEST,0x0200,0x0050,20
OutPatrol6_start,1,0xB8,780,10,0x100,0x0209,9,RANDOM_WEIGHT,0x0200,0x0050,20
OutPatrol6_start,1,0xB8,780,11,0x114,0x0208,8,RANGE_TEST,0x0200,0x0050,20
OutPatrol6_start,1,0xB8,780,12,0x128,0x0208,8,RANGE_TEST,0x0200,0x0050,20
OutPatrol6_start,1,0xB8,780,13,0x13C,0x0209,9,RANDOM_WEIGHT,0x0200,0x0050,20
OutPatrol6_start,1,0xB8,780,14,0x150,0x0208,8,RANGE_TEST,0x0200,0x0050,20
OutPatrol6_start,1,0xB8,780,15,0x164,0x020C,12,ANIM_LOD,0x0200,0x00C0,48
OutPatrol6_start,1,0xB8,780,16,0x194,0x0002,2,IF,0x0000,0x00C2,48
OutPatrol6_start,1,0xB8,780,17,0x1C4,0x001C,28,LIGHT,0x0000,0x00C2,48
OutPatrol6_start,1,0xB8,780,18,0x1F4,0x001D,29,WHILE,0x0000,0x0022,8
OutPatrol6_start,1,0xB8,780,19,0x1FC,0x0209,9,RANDOM_WEIGHT,0x0200,0x0050,20
OutPatrol6_start,1,0xB8,780,20,0x210,0x0002,2,IF,0x0000,0x0062,24
OutPatrol6_start,1,0xB8,780,21,0x228,0x021A,26,DESTRUCTION_SOURCE,0x0200,0x0080,32
OutPatrol6_start,1,0xB8,780,22,0x248,0x002E,46,TIMER,0x0000,0x0040,16
OutPatrol6_start,1,0xB8,780,23,0x258,0x0005,5,ENDIF,0x0000,0x0022,8
OutPatrol6_start,1,0xB8,780,24,0x260,0x0209,9,RANDOM_WEIGHT,0x0200,0x0050,20
OutPatrol6_start,1,0xB8,780,25,0x274,0x002E,46,TIMER,0x0000,0x0040,16
OutPatrol6_start,1,0xB8,780,26,0x284,0x0005,5,ENDIF,0x0000,0x0022,8
OutPatrol6_start,1,0xB8,780,27,0x28C,0x0209,9,RANDOM_WEIGHT,0x0200,0x0050,20
OutPatrol6_start,1,0xB8,780,28,0x2A0,0x0208,8,RANGE_TEST,0x0200,0x0050,20
OutPatrol6_start,1,0xB8,780,29,0x2B4,0x0209,9,RANDOM_WEIGHT,0x0200,0x0050,20
OutPatrol6_start,1,0xB8,780,30,0x2C8,0x0208,8,RANGE_TEST,0x0200,0x0050,20
OutPatrol6_start,1,0xB8,780,31,0x2DC,0x0208,8,RANGE_TEST,0x0200,0x0050,20
OutPatrol6_start,1,0xB8,780,32,0x2F0,0x0209,9,RANDOM_WEIGHT,0x0200,0x0050,20
OutPatrol6_start,1,0xB8,780,33,0x304,0x001D,29,WHILE,0x0000,0x0022,8
OutPatrol6_start,2,0x3C4,96,0,0x1C,0x0203,3,ELSEIF,0x0200,0x0090,36
OutPatrol6_start,2,0x3C4,96,1,0x40,0x020D,13,LOOP,0x0200,0x0080,32
OutPatrol6_start,3,0x424,732,0,0x1C,0x0203,3,ELSEIF,0x0200,0x0090,36
OutPatrol6_start,3,0x424,732,1,0x40,0x0002,2,IF,0x0000,0x00C2,48
OutPatrol6_start,3,0x424,732,2,0x70,0x0219,25,CAMERA,0x0200,0x0040,16
OutPatrol6_start,3,0x424,732,3,0x80,0x0208,8,RANGE_TEST,0x0200,0x0050,20
OutPatrol6_start,3,0x424,732,4,0x94,0x0208,8,RANGE_TEST,0x0200,0x0050,20
OutPatrol6_start,3,0x424,732,5,0xA8,0x0208,8,RANGE_TEST,0x0200,0x0050,20
OutPatrol6_start,3,0x424,732,6,0xBC,0x0208,8,RANGE_TEST,0x0200,0x0050,20
OutPatrol6_start,3,0x424,732,7,0xD0,0x0208,8,RANGE_TEST,0x0200,0x0050,20
OutPatrol6_start,3,0x424,732,8,0xE4,0x0208,8,RANGE_TEST,0x0200,0x0050,20
OutPatrol6_start,3,0x424,732,9,0xF8,0x0208,8,RANGE_TEST,0x0200,0x0050,20
OutPatrol6_start,3,0x424,732,10,0x10C,0x002E,46,TIMER,0x0000,0x0040,16
OutPatrol6_start,3,0x424,732,11,0x11C,0x0219,25,CAMERA,0x0200,0x0040,16
OutPatrol6_start,3,0x424,732,12,0x12C,0x0004,4,ELSE,0x0000,0x0022,8
OutPatrol6_start,3,0x424,732,13,0x134,0x001C,28,LIGHT,0x0000,0x0022,8
OutPatrol6_start,3,0x424,732,14,0x13C,0x0208,8,RANGE_TEST,0x0200,0x0050,20
OutPatrol6_start,3,0x424,732,15,0x150,0x0209,9,RANDOM_WEIGHT,0x0200,0x0050,20
OutPatrol6_start,3,0x424,732,16,0x164,0x0208,8,RANGE_TEST,0x0200,0x0050,20
OutPatrol6_start,3,0x424,732,17,0x178,0x0209,9,RANDOM_WEIGHT,0x0200,0x0050,20
OutPatrol6_start,3,0x424,732,18,0x18C,0x0208,8,RANGE_TEST,0x0200,0x0050,20
OutPatrol6_start,3,0x424,732,19,0x1A0,0x0209,9,RANDOM_WEIGHT,0x0200,0x0050,20
OutPatrol6_start,3,0x424,732,20,0x1B4,0x0208,8,RANGE_TEST,0x0200,0x0050,20
OutPatrol6_start,3,0x424,732,21,0x1C8,0x0209,9,RANDOM_WEIGHT,0x0200,0x0050,20
OutPatrol6_start,3,0x424,732,22,0x1DC,0x0208,8,RANGE_TEST,0x0200,0x0050,20
OutPatrol6_start,3,0x424,732,23,0x1F0,0x0209,9,RANDOM_WEIGHT,0x0200,0x0050,20
OutPatrol6_start,3,0x424,732,24,0x204,0x0208,8,RANGE_TEST,0x0200,0x0050,20
OutPatrol6_start,3,0x424,732,25,0x218,0x0209,9,RANDOM_WEIGHT,0x0200,0x0050,20
OutPatrol6_start,3,0x424,732,26,0x22C,0x0208,8,RANGE_TEST,0x0200,0x0050,20
OutPatrol6_start,3,0x424,732,27,0x240,0x0209,9,RANDOM_WEIGHT,0x0200,0x0050,20
OutPatrol6_start,3,0x424,732,28,0x254,0x0208,8,RANGE_TEST,0x0200,0x0050,20
OutPatrol6_start,3,0x424,732,29,0x268,0x0209,9,RANDOM_WEIGHT,0x0200,0x0050,20
OutPatrol6_start,3,0x424,732,30,0x27C,0x0208,8,RANGE_TEST,0x0200,0x0050,20
OutPatrol6_start,3,0x424,732,31,0x290,0x0209,9,RANDOM_WEIGHT,0x0200,0x0050,20
OutPatrol6_start,3,0x424,732,32,0x2A4,0x0208,8,RANGE_TEST,0x0200,0x0050,20
OutPatrol6_start,3,0x424,732,33,0x2B8,0x0209,9,RANDOM_WEIGHT,0x0200,0x0050,20
OutPatrol6_start,3,0x424,732,34,0x2CC,0x001D,29,WHILE,0x0000,0x0022,8
OutPatrol6_start,3,0x424,732,35,0x2D4,0x0005,5,ENDIF,0x0000,0x0022,8
OutPatrol6_start,4,0x700,264,0,0x1C,0x0203,3,ELSEIF,0x0200,0x0090,36
OutPatrol6_start,4,0x700,264,1,0x40,0x020D,13,LOOP,0x0200,0x0080,32
OutPatrol6_start,4,0x700,264,2,0x60,0x0002,2,IF,0x0000,0x0042,16
OutPatrol6_start,4,0x700,264,3,0x70,0x021B,27,SOUND,0x0200,0x0060,24
OutPatrol6_start,4,0x700,264,4,0x88,0x0212,18,OBJECT_ROTATE_STATE,0x0200,0x0030,12
OutPatrol6_start,4,0x700,264,5,0x94,0x0003,3,ELSEIF,0x0000,0x0042,16
OutPatrol6_start,4,0x700,264,6,0xA4,0x021B,27,SOUND,0x0200,0x0060,24
OutPatrol6_start,4,0x700,264,7,0xBC,0x0212,18,OBJECT_ROTATE_STATE,0x0200,0x0030,12
OutPatrol6_start,4,0x700,264,8,0xC8,0x0004,4,ELSE,0x0000,0x0022,8
OutPatrol6_start,4,0x700,264,9,0xD0,0x021B,27,SOUND,0x0200,0x0060,24
OutPatrol6_start,4,0x700,264,10,0xE8,0x0005,5,ENDIF,0x0000,0x0022,8
OutPatrol6_start,4,0x700,264,11,0xF0,0x021B,27,SOUND,0x0200,0x0060,24
OutPatrol6_start,5,0x808,296,0,0x1C,0x0203,3,ELSEIF,0x0200,0x0090,36
OutPatrol6_start,5,0x808,296,1,0x40,0x020D,13,LOOP,0x0200,0x0080,32
OutPatrol6_start,5,0x808,296,2,0x60,0x020D,13,LOOP,0x0200,0x0080,32
OutPatrol6_start,5,0x808,296,3,0x80,0x0002,2,IF,0x0000,0x0042,16
OutPatrol6_start,5,0x808,296,4,0x90,0x021B,27,SOUND,0x0200,0x0060,24
OutPatrol6_start,5,0x808,296,5,0xA8,0x0212,18,OBJECT_ROTATE_STATE,0x0200,0x0030,12
OutPatrol6_start,5,0x808,296,6,0xB4,0x0003,3,ELSEIF,0x0000,0x0042,16
OutPatrol6_start,5,0x808,296,7,0xC4,0x021B,27,SOUND,0x0200,0x0060,24
OutPatrol6_start,5,0x808,296,8,0xDC,0x0212,18,OBJECT_ROTATE_STATE,0x0200,0x0030,12
OutPatrol6_start,5,0x808,296,9,0xE8,0x0004,4,ELSE,0x0000,0x0022,8
OutPatrol6_start,5,0x808,296,10,0xF0,0x021B,27,SOUND,0x0200,0x0060,24
OutPatrol6_start,5,0x808,296,11,0x108,0x0005,5,ENDIF,0x0000,0x0022,8
OutPatrol6_start,5,0x808,296,12,0x110,0x021B,27,SOUND,0x0200,0x0060,24
OutPatrol6_start,6,0x930,68,0,0x1C,0x0203,3,ELSEIF,0x0200,0x00A0,40
OutPatrol6_start,7,0x974,88,0,0x1C,0x0203,3,ELSEIF,0x0200,0x0090,36
OutPatrol6_start,7,0x974,88,1,0x40,0x021B,27,SOUND,0x0200,0x0060,24
OutPatrol6_start,8,0x9CC,108,0,0x1C,0x0203,3,ELSEIF,0x0200,0x0090,36
OutPatrol6_start,8,0x9CC,108,1,0x40,0x0001,1,QUAD_ALIGN,0x0000,0x0010,4
OutPatrol6_start,8,0x9CC,108,2,0x44,0x0213,19,OBJECT_MOTION,0x0200,0x00A1,40
OutPatrol7_special,0,0x0,40,0,0x1C,0x021E,30,END_WHILE,0x0200,0x0030,12
OutPatrol7_start,0,0x0,184,0,0x1C,0x0203,3,ELSEIF,0x0200,0x0080,32
OutPatrol7_start,0,0x0,184,1,0x3C,0x0217,23,OBJECT_MOTION_SI_SCRIPT,0x0200,0x0030,12
OutPatrol7_start,0,0x0,184,2,0x48,0x001C,28,LIGHT,0x0000,0x0072,28
OutPatrol7_start,0,0x0,184,3,0x64,0x001D,29,WHILE,0x0000,0x0022,8
OutPatrol7_start,0,0x0,184,4,0x6C,0x001C,28,LIGHT,0x0000,0x0082,32
OutPatrol7_start,0,0x0,184,5,0x8C,0x001D,29,WHILE,0x0000,0x0022,8
OutPatrol7_start,0,0x0,184,6,0x94,0x0211,17,OBJECT_TRANSLATE_STATE,0x0200,0x0050,20
OutPatrol7_start,0,0x0,184,7,0xA8,0x001C,28,LIGHT,0x0000,0x0022,8
OutPatrol7_start,0,0x0,184,8,0xB0,0x001D,29,WHILE,0x0000,0x0022,8
OutPatrol7_start,1,0xB8,896,0,0x1C,0x0203,3,ELSEIF,0x0200,0x0090,36
OutPatrol7_start,1,0xB8,896,1,0x40,0x001C,28,LIGHT,0x0000,0x0022,8
OutPatrol7_start,1,0xB8,896,2,0x48,0x0208,8,RANGE_TEST,0x0200,0x0050,20
OutPatrol7_start,1,0xB8,896,3,0x5C,0x0208,8,RANGE_TEST,0x0200,0x0050,20
OutPatrol7_start,1,0xB8,896,4,0x70,0x0001,1,QUAD_ALIGN,0x0000,0x0020,8
OutPatrol7_start,1,0xB8,896,5,0x78,0x0213,19,OBJECT_MOTION,0x0200,0x00A1,40
OutPatrol7_start,1,0xB8,896,6,0xA0,0x020D,13,LOOP,0x0200,0x0090,36
OutPatrol7_start,1,0xB8,896,7,0xC4,0x0209,9,RANDOM_WEIGHT,0x0200,0x0050,20
OutPatrol7_start,1,0xB8,896,8,0xD8,0x0208,8,RANGE_TEST,0x0200,0x0050,20
OutPatrol7_start,1,0xB8,896,9,0xEC,0x0208,8,RANGE_TEST,0x0200,0x0050,20
OutPatrol7_start,1,0xB8,896,10,0x100,0x0209,9,RANDOM_WEIGHT,0x0200,0x0050,20
OutPatrol7_start,1,0xB8,896,11,0x114,0x0208,8,RANGE_TEST,0x0200,0x0050,20
OutPatrol7_start,1,0xB8,896,12,0x128,0x0208,8,RANGE_TEST,0x0200,0x0050,20
OutPatrol7_start,1,0xB8,896,13,0x13C,0x020C,12,ANIM_LOD,0x0200,0x00C0,48
OutPatrol7_start,1,0xB8,896,14,0x16C,0x0002,2,IF,0x0000,0x00C2,48
OutPatrol7_start,1,0xB8,896,15,0x19C,0x001C,28,LIGHT,0x0000,0x00C2,48
OutPatrol7_start,1,0xB8,896,16,0x1CC,0x001D,29,WHILE,0x0000,0x0022,8
OutPatrol7_start,1,0xB8,896,17,0x1D4,0x0209,9,RANDOM_WEIGHT,0x0200,0x0050,20
OutPatrol7_start,1,0xB8,896,18,0x1E8,0x021A,26,DESTRUCTION_SOURCE,0x0200,0x0080,32
OutPatrol7_start,1,0xB8,896,19,0x208,0x002E,46,TIMER,0x0000,0x0040,16
OutPatrol7_start,1,0xB8,896,20,0x218,0x0209,9,RANDOM_WEIGHT,0x0200,0x0050,20
OutPatrol7_start,1,0xB8,896,21,0x22C,0x0002,2,IF,0x0000,0x0062,24
OutPatrol7_start,1,0xB8,896,22,0x244,0x021A,26,DESTRUCTION_SOURCE,0x0200,0x0080,32
OutPatrol7_start,1,0xB8,896,23,0x264,0x0005,5,ENDIF,0x0000,0x0022,8
OutPatrol7_start,1,0xB8,896,24,0x26C,0x0209,9,RANDOM_WEIGHT,0x0200,0x0050,20
OutPatrol7_start,1,0xB8,896,25,0x280,0x002E,46,TIMER,0x0000,0x0040,16
OutPatrol7_start,1,0xB8,896,26,0x290,0x0005,5,ENDIF,0x0000,0x0022,8
OutPatrol7_start,1,0xB8,896,27,0x298,0x0209,9,RANDOM_WEIGHT,0x0200,0x0050,20
OutPatrol7_start,1,0xB8,896,28,0x2AC,0x0208,8,RANGE_TEST,0x0200,0x0050,20
OutPatrol7_start,1,0xB8,896,29,0x2C0,0x0001,1,QUAD_ALIGN,0x0000,0x0020,8
OutPatrol7_start,1,0xB8,896,30,0x2C8,0x0213,19,OBJECT_MOTION,0x0200,0x00A1,40
OutPatrol7_start,1,0xB8,896,31,0x2F0,0x020D,13,LOOP,0x0200,0x0090,36
OutPatrol7_start,1,0xB8,896,32,0x314,0x0208,8,RANGE_TEST,0x0200,0x0050,20
OutPatrol7_start,1,0xB8,896,33,0x328,0x0209,9,RANDOM_WEIGHT,0x0200,0x0050,20
OutPatrol7_start,1,0xB8,896,34,0x33C,0x0208,8,RANGE_TEST,0x0200,0x0050,20
OutPatrol7_start,1,0xB8,896,35,0x350,0x0208,8,RANGE_TEST,0x0200,0x0050,20
OutPatrol7_start,1,0xB8,896,36,0x364,0x0209,9,RANDOM_WEIGHT,0x0200,0x0050,20
OutPatrol7_start,1,0xB8,896,37,0x378,0x001D,29,WHILE,0x0000,0x0022,8
OutPatrol7_start,2,0x438,96,0,0x1C,0x0203,3,ELSEIF,0x0200,0x0090,36
OutPatrol7_start,2,0x438,96,1,0x40,0x020D,13,LOOP,0x0200,0x0080,32
OutPatrol7_start,3,0x498,732,0,0x1C,0x0203,3,ELSEIF,0x0200,0x0090,36
OutPatrol7_start,3,0x498,732,1,0x40,0x0002,2,IF,0x0000,0x00C2,48
OutPatrol7_start,3,0x498,732,2,0x70,0x0219,25,CAMERA,0x0200,0x0040,16
OutPatrol7_start,3,0x498,732,3,0x80,0x0208,8,RANGE_TEST,0x0200,0x0050,20
OutPatrol7_start,3,0x498,732,4,0x94,0x0208,8,RANGE_TEST,0x0200,0x0050,20
OutPatrol7_start,3,0x498,732,5,0xA8,0x0208,8,RANGE_TEST,0x0200,0x0050,20
OutPatrol7_start,3,0x498,732,6,0xBC,0x0208,8,RANGE_TEST,0x0200,0x0050,20
OutPatrol7_start,3,0x498,732,7,0xD0,0x0208,8,RANGE_TEST,0x0200,0x0050,20
OutPatrol7_start,3,0x498,732,8,0xE4,0x0208,8,RANGE_TEST,0x0200,0x0050,20
OutPatrol7_start,3,0x498,732,9,0xF8,0x0208,8,RANGE_TEST,0x0200,0x0050,20
OutPatrol7_start,3,0x498,732,10,0x10C,0x002E,46,TIMER,0x0000,0x0040,16
OutPatrol7_start,3,0x498,732,11,0x11C,0x0219,25,CAMERA,0x0200,0x0040,16
OutPatrol7_start,3,0x498,732,12,0x12C,0x0004,4,ELSE,0x0000,0x0022,8
OutPatrol7_start,3,0x498,732,13,0x134,0x001C,28,LIGHT,0x0000,0x0022,8
OutPatrol7_start,3,0x498,732,14,0x13C,0x0208,8,RANGE_TEST,0x0200,0x0050,20
OutPatrol7_start,3,0x498,732,15,0x150,0x0209,9,RANDOM_WEIGHT,0x0200,0x0050,20
OutPatrol7_start,3,0x498,732,16,0x164,0x0208,8,RANGE_TEST,0x0200,0x0050,20
OutPatrol7_start,3,0x498,732,17,0x178,0x0209,9,RANDOM_WEIGHT,0x0200,0x0050,20
OutPatrol7_start,3,0x498,732,18,0x18C,0x0208,8,RANGE_TEST,0x0200,0x0050,20
OutPatrol7_start,3,0x498,732,19,0x1A0,0x0209,9,RANDOM_WEIGHT,0x0200,0x0050,20
OutPatrol7_start,3,0x498,732,20,0x1B4,0x0208,8,RANGE_TEST,0x0200,0x0050,20
OutPatrol7_start,3,0x498,732,21,0x1C8,0x0209,9,RANDOM_WEIGHT,0x0200,0x0050,20
OutPatrol7_start,3,0x498,732,22,0x1DC,0x0208,8,RANGE_TEST,0x0200,0x0050,20
OutPatrol7_start,3,0x498,732,23,0x1F0,0x0209,9,RANDOM_WEIGHT,0x0200,0x0050,20
OutPatrol7_start,3,0x498,732,24,0x204,0x0208,8,RANGE_TEST,0x0200,0x0050,20
OutPatrol7_start,3,0x498,732,25,0x218,0x0209,9,RANDOM_WEIGHT,0x0200,0x0050,20
OutPatrol7_start,3,0x498,732,26,0x22C,0x0208,8,RANGE_TEST,0x0200,0x0050,20
OutPatrol7_start,3,0x498,732,27,0x240,0x0209,9,RANDOM_WEIGHT,0x0200,0x0050,20
OutPatrol7_start,3,0x498,732,28,0x254,0x0208,8,RANGE_TEST,0x0200,0x0050,20
OutPatrol7_start,3,0x498,732,29,0x268,0x0209,9,RANDOM_WEIGHT,0x0200,0x0050,20
OutPatrol7_start,3,0x498,732,30,0x27C,0x0208,8,RANGE_TEST,0x0200,0x0050,20
OutPatrol7_start,3,0x498,732,31,0x290,0x0209,9,RANDOM_WEIGHT,0x0200,0x0050,20
OutPatrol7_start,3,0x498,732,32,0x2A4,0x0208,8,RANGE_TEST,0x0200,0x0050,20
OutPatrol7_start,3,0x498,732,33,0x2B8,0x0209,9,RANDOM_WEIGHT,0x0200,0x0050,20
OutPatrol7_start,3,0x498,732,34,0x2CC,0x001D,29,WHILE,0x0000,0x0022,8
OutPatrol7_start,3,0x498,732,35,0x2D4,0x0005,5,ENDIF,0x0000,0x0022,8
OutPatrol7_start,4,0x774,264,0,0x1C,0x0203,3,ELSEIF,0x0200,0x0090,36
OutPatrol7_start,4,0x774,264,1,0x40,0x020D,13,LOOP,0x0200,0x0080,32
OutPatrol7_start,4,0x774,264,2,0x60,0x0002,2,IF,0x0000,0x0042,16
OutPatrol7_start,4,0x774,264,3,0x70,0x021B,27,SOUND,0x0200,0x0060,24
OutPatrol7_start,4,0x774,264,4,0x88,0x0212,18,OBJECT_ROTATE_STATE,0x0200,0x0030,12
OutPatrol7_start,4,0x774,264,5,0x94,0x0003,3,ELSEIF,0x0000,0x0042,16
OutPatrol7_start,4,0x774,264,6,0xA4,0x021B,27,SOUND,0x0200,0x0060,24
OutPatrol7_start,4,0x774,264,7,0xBC,0x0212,18,OBJECT_ROTATE_STATE,0x0200,0x0030,12
OutPatrol7_start,4,0x774,264,8,0xC8,0x0004,4,ELSE,0x0000,0x0022,8
OutPatrol7_start,4,0x774,264,9,0xD0,0x021B,27,SOUND,0x0200,0x0060,24
OutPatrol7_start,4,0x774,264,10,0xE8,0x0005,5,ENDIF,0x0000,0x0022,8
OutPatrol7_start,4,0x774,264,11,0xF0,0x021B,27,SOUND,0x0200,0x0060,24
OutPatrol7_start,5,0x87C,296,0,0x1C,0x0203,3,ELSEIF,0x0200,0x0090,36
OutPatrol7_start,5,0x87C,296,1,0x40,0x020D,13,LOOP,0x0200,0x0080,32
OutPatrol7_start,5,0x87C,296,2,0x60,0x020D,13,LOOP,0x0200,0x0080,32
OutPatrol7_start,5,0x87C,296,3,0x80,0x0002,2,IF,0x0000,0x0042,16
OutPatrol7_start,5,0x87C,296,4,0x90,0x021B,27,SOUND,0x0200,0x0060,24
OutPatrol7_start,5,0x87C,296,5,0xA8,0x0212,18,OBJECT_ROTATE_STATE,0x0200,0x0030,12
OutPatrol7_start,5,0x87C,296,6,0xB4,0x0003,3,ELSEIF,0x0000,0x0042,16
OutPatrol7_start,5,0x87C,296,7,0xC4,0x021B,27,SOUND,0x0200,0x0060,24
OutPatrol7_start,5,0x87C,296,8,0xDC,0x0212,18,OBJECT_ROTATE_STATE,0x0200,0x0030,12
OutPatrol7_start,5,0x87C,296,9,0xE8,0x0004,4,ELSE,0x0000,0x0022,8
OutPatrol7_start,5,0x87C,296,10,0xF0,0x021B,27,SOUND,0x0200,0x0060,24
OutPatrol7_start,5,0x87C,296,11,0x108,0x0005,5,ENDIF,0x0000,0x0022,8
OutPatrol7_start,5,0x87C,296,12,0x110,0x021B,27,SOUND,0x0200,0x0060,24
OutPatrol7_start,6,0x9A4,68,0,0x1C,0x0203,3,ELSEIF,0x0200,0x00A0,40
OutPatrol7_start,7,0x9E8,88,0,0x1C,0x0203,3,ELSEIF,0x0200,0x0090,36
OutPatrol7_start,7,0x9E8,88,1,0x40,0x021B,27,SOUND,0x0200,0x0060,24
OutPatrol7_start,8,0xA40,104,0,0x1C,0x0203,3,ELSEIF,0x0200,0x0090,36
OutPatrol7_start,8,0xA40,104,1,0x40,0x0213,19,OBJECT_MOTION,0x0200,0x00A1,40
OutPatrol8_special,0,0x0,40,0,0x1C,0x021E,30,END_WHILE,0x0200,0x0030,12
OutPatrol8_start,0,0x0,184,0,0x1C,0x0203,3,ELSEIF,0x0200,0x0080,32
OutPatrol8_start,0,0x0,184,1,0x3C,0x0217,23,OBJECT_MOTION_SI_SCRIPT,0x0200,0x0030,12
OutPatrol8_start,0,0x0,184,2,0x48,0x001C,28,LIGHT,0x0000,0x0072,28
OutPatrol8_start,0,0x0,184,3,0x64,0x001D,29,WHILE,0x0000,0x0022,8
OutPatrol8_start,0,0x0,184,4,0x6C,0x001C,28,LIGHT,0x0000,0x0082,32
OutPatrol8_start,0,0x0,184,5,0x8C,0x001D,29,WHILE,0x0000,0x0022,8
OutPatrol8_start,0,0x0,184,6,0x94,0x0211,17,OBJECT_TRANSLATE_STATE,0x0200,0x0050,20
OutPatrol8_start,0,0x0,184,7,0xA8,0x001C,28,LIGHT,0x0000,0x0022,8
OutPatrol8_start,0,0x0,184,8,0xB0,0x001D,29,WHILE,0x0000,0x0022,8
OutPatrol8_start,1,0xB8,1464,0,0x1C,0x0203,3,ELSEIF,0x0200,0x0090,36
OutPatrol8_start,1,0xB8,1464,1,0x40,0x001C,28,LIGHT,0x0000,0x0022,8
OutPatrol8_start,1,0xB8,1464,2,0x48,0x0208,8,RANGE_TEST,0x0200,0x0050,20
OutPatrol8_start,1,0xB8,1464,3,0x5C,0x0208,8,RANGE_TEST,0x0200,0x0050,20
OutPatrol8_start,1,0xB8,1464,4,0x70,0x0001,1,QUAD_ALIGN,0x0000,0x0020,8
OutPatrol8_start,1,0xB8,1464,5,0x78,0x0213,19,OBJECT_MOTION,0x0200,0x00A1,40
OutPatrol8_start,1,0xB8,1464,6,0xA0,0x0209,9,RANDOM_WEIGHT,0x0200,0x0050,20
OutPatrol8_start,1,0xB8,1464,7,0xB4,0x0208,8,RANGE_TEST,0x0200,0x0050,20
OutPatrol8_start,1,0xB8,1464,8,0xC8,0x0208,8,RANGE_TEST,0x0200,0x0050,20
OutPatrol8_start,1,0xB8,1464,9,0xDC,0x0209,9,RANDOM_WEIGHT,0x0200,0x0050,20
OutPatrol8_start,1,0xB8,1464,10,0xF0,0x0208,8,RANGE_TEST,0x0200,0x0050,20
OutPatrol8_start,1,0xB8,1464,11,0x104,0x0208,8,RANGE_TEST,0x0200,0x0050,20
OutPatrol8_start,1,0xB8,1464,12,0x118,0x020C,12,ANIM_LOD,0x0200,0x00C0,48
OutPatrol8_start,1,0xB8,1464,13,0x148,0x0211,17,OBJECT_TRANSLATE_STATE,0x0200,0x0070,28
OutPatrol8_start,1,0xB8,1464,14,0x164,0x002E,46,TIMER,0x0000,0x0040,16
OutPatrol8_start,1,0xB8,1464,15,0x174,0x0218,24,PARTICLE_SOURCE,0x0200,0x00A0,40
OutPatrol8_start,1,0xB8,1464,16,0x19C,0x0209,9,RANDOM_WEIGHT,0x0200,0x0050,20
OutPatrol8_start,1,0xB8,1464,17,0x1B0,0x0218,24,PARTICLE_SOURCE,0x0200,0x00A0,40
OutPatrol8_start,1,0xB8,1464,18,0x1D8,0x0209,9,RANDOM_WEIGHT,0x0200,0x0050,20
OutPatrol8_start,1,0xB8,1464,19,0x1EC,0x0218,24,PARTICLE_SOURCE,0x0200,0x0080,32
OutPatrol8_start,1,0xB8,1464,20,0x20C,0x0209,9,RANDOM_WEIGHT,0x0200,0x0050,20
OutPatrol8_start,1,0xB8,1464,21,0x220,0x0203,3,ELSEIF,0x0200,0x0070,28
OutPatrol8_start,1,0xB8,1464,22,0x23C,0x0002,2,IF,0x0000,0x0062,24
OutPatrol8_start,1,0xB8,1464,23,0x254,0x0203,3,ELSEIF,0x0200,0x0070,28
OutPatrol8_start,1,0xB8,1464,24,0x270,0x0002,2,IF,0x0000,0x0092,36
OutPatrol8_start,1,0xB8,1464,25,0x294,0x0203,3,ELSEIF,0x0200,0x0090,36
OutPatrol8_start,1,0xB8,1464,26,0x2B8,0x021A,26,DESTRUCTION_SOURCE,0x0200,0x0080,32
OutPatrol8_start,1,0xB8,1464,27,0x2D8,0x000E,14,WAIT,0x0000,0x0030,12
OutPatrol8_start,1,0xB8,1464,28,0x2E4,0x021A,26,DESTRUCTION_SOURCE,0x0200,0x0080,32
OutPatrol8_start,1,0xB8,1464,29,0x304,0x000E,14,WAIT,0x0000,0x0030,12
OutPatrol8_start,1,0xB8,1464,30,0x310,0x002E,46,TIMER,0x0000,0x0040,16
OutPatrol8_start,1,0xB8,1464,31,0x320,0x002E,46,TIMER,0x0000,0x0040,16
OutPatrol8_start,1,0xB8,1464,32,0x330,0x0209,9,RANDOM_WEIGHT,0x0200,0x0050,20
OutPatrol8_start,1,0xB8,1464,33,0x344,0x0005,5,ENDIF,0x0000,0x0022,8
OutPatrol8_start,1,0xB8,1464,34,0x34C,0x0005,5,ENDIF,0x0000,0x0022,8
OutPatrol8_start,1,0xB8,1464,35,0x354,0x002E,46,TIMER,0x0000,0x0040,16
OutPatrol8_start,1,0xB8,1464,36,0x364,0x002E,46,TIMER,0x0000,0x0040,16
OutPatrol8_start,1,0xB8,1464,37,0x374,0x0209,9,RANDOM_WEIGHT,0x0200,0x0050,20
OutPatrol8_start,1,0xB8,1464,38,0x388,0x0208,8,RANGE_TEST,0x0200,0x0050,20
OutPatrol8_start,1,0xB8,1464,39,0x39C,0x020D,13,LOOP,0x0200,0x0090,36
OutPatrol8_start,1,0xB8,1464,40,0x3C0,0x0209,9,RANDOM_WEIGHT,0x0200,0x0050,20
OutPatrol8_start,1,0xB8,1464,41,0x3D4,0x0208,8,RANGE_TEST,0x0200,0x0050,20
OutPatrol8_start,1,0xB8,1464,42,0x3E8,0x0209,9,RANDOM_WEIGHT,0x0200,0x0050,20
OutPatrol8_start,1,0xB8,1464,43,0x3FC,0x0208,8,RANGE_TEST,0x0200,0x0050,20
OutPatrol8_start,1,0xB8,1464,44,0x410,0x0001,1,QUAD_ALIGN,0x0000,0x0020,8
OutPatrol8_start,1,0xB8,1464,45,0x418,0x0213,19,OBJECT_MOTION,0x0200,0x00A1,40
OutPatrol8_start,1,0xB8,1464,46,0x440,0x0209,9,RANDOM_WEIGHT,0x0200,0x0050,20
OutPatrol8_start,1,0xB8,1464,47,0x454,0x0208,8,RANGE_TEST,0x0200,0x0050,20
OutPatrol8_start,1,0xB8,1464,48,0x468,0x0209,9,RANDOM_WEIGHT,0x0200,0x0050,20
OutPatrol8_start,1,0xB8,1464,49,0x47C,0x0208,8,RANGE_TEST,0x0200,0x0050,20
OutPatrol8_start,1,0xB8,1464,50,0x490,0x020D,13,LOOP,0x0200,0x0090,36
OutPatrol8_start,1,0xB8,1464,51,0x4B4,0x0209,9,RANDOM_WEIGHT,0x0200,0x0050,20
OutPatrol8_start,1,0xB8,1464,52,0x4C8,0x0208,8,RANGE_TEST,0x0200,0x0050,20
OutPatrol8_start,1,0xB8,1464,53,0x4DC,0x020C,12,ANIM_LOD,0x0200,0x00C0,48
OutPatrol8_start,1,0xB8,1464,54,0x50C,0x0218,24,PARTICLE_SOURCE,0x0200,0x00A0,40
OutPatrol8_start,1,0xB8,1464,55,0x534,0x0209,9,RANDOM_WEIGHT,0x0200,0x0050,20
OutPatrol8_start,1,0xB8,1464,56,0x548,0x021A,26,DESTRUCTION_SOURCE,0x0200,0x0080,32
OutPatrol8_start,1,0xB8,1464,57,0x568,0x0218,24,PARTICLE_SOURCE,0x0200,0x0080,32
OutPatrol8_start,1,0xB8,1464,58,0x588,0x0208,8,RANGE_TEST,0x0200,0x0050,20
OutPatrol8_start,1,0xB8,1464,59,0x59C,0x0209,9,RANDOM_WEIGHT,0x0200,0x0050,20
OutPatrol8_start,1,0xB8,1464,60,0x5B0,0x001D,29,WHILE,0x0000,0x0022,8
OutPatrol8_start,2,0x670,128,0,0x1C,0x0203,3,ELSEIF,0x0200,0x0090,36
OutPatrol8_start,2,0x670,128,1,0x40,0x0218,24,PARTICLE_SOURCE,0x0200,0x0080,32
OutPatrol8_start,2,0x670,128,2,0x60,0x020D,13,LOOP,0x0200,0x0080,32
OutPatrol8_start,3,0x6F0,764,0,0x1C,0x0203,3,ELSEIF,0x0200,0x0090,36
OutPatrol8_start,3,0x6F0,764,1,0x40,0x0218,24,PARTICLE_SOURCE,0x0200,0x0080,32
OutPatrol8_start,3,0x6F0,764,2,0x60,0x0002,2,IF,0x0000,0x00C2,48
OutPatrol8_start,3,0x6F0,764,3,0x90,0x0219,25,CAMERA,0x0200,0x0040,16
OutPatrol8_start,3,0x6F0,764,4,0xA0,0x0208,8,RANGE_TEST,0x0200,0x0050,20
OutPatrol8_start,3,0x6F0,764,5,0xB4,0x0208,8,RANGE_TEST,0x0200,0x0050,20
OutPatrol8_start,3,0x6F0,764,6,0xC8,0x0208,8,RANGE_TEST,0x0200,0x0050,20
OutPatrol8_start,3,0x6F0,764,7,0xDC,0x0208,8,RANGE_TEST,0x0200,0x0050,20
OutPatrol8_start,3,0x6F0,764,8,0xF0,0x0208,8,RANGE_TEST,0x0200,0x0050,20
OutPatrol8_start,3,0x6F0,764,9,0x104,0x0208,8,RANGE_TEST,0x0200,0x0050,20
OutPatrol8_start,3,0x6F0,764,10,0x118,0x0208,8,RANGE_TEST,0x0200,0x0050,20
OutPatrol8_start,3,0x6F0,764,11,0x12C,0x002E,46,TIMER,0x0000,0x0040,16
OutPatrol8_start,3,0x6F0,764,12,0x13C,0x0219,25,CAMERA,0x0200,0x0040,16
OutPatrol8_start,3,0x6F0,764,13,0x14C,0x0004,4,ELSE,0x0000,0x0022,8
OutPatrol8_start,3,0x6F0,764,14,0x154,0x001C,28,LIGHT,0x0000,0x0022,8
OutPatrol8_start,3,0x6F0,764,15,0x15C,0x0208,8,RANGE_TEST,0x0200,0x0050,20
OutPatrol8_start,3,0x6F0,764,16,0x170,0x0209,9,RANDOM_WEIGHT,0x0200,0x0050,20
OutPatrol8_start,3,0x6F0,764,17,0x184,0x0208,8,RANGE_TEST,0x0200,0x0050,20
OutPatrol8_start,3,0x6F0,764,18,0x198,0x0209,9,RANDOM_WEIGHT,0x0200,0x0050,20
OutPatrol8_start,3,0x6F0,764,19,0x1AC,0x0208,8,RANGE_TEST,0x0200,0x0050,20
OutPatrol8_start,3,0x6F0,764,20,0x1C0,0x0209,9,RANDOM_WEIGHT,0x0200,0x0050,20
OutPatrol8_start,3,0x6F0,764,21,0x1D4,0x0208,8,RANGE_TEST,0x0200,0x0050,20
OutPatrol8_start,3,0x6F0,764,22,0x1E8,0x0209,9,RANDOM_WEIGHT,0x0200,0x0050,20
OutPatrol8_start,3,0x6F0,764,23,0x1FC,0x0208,8,RANGE_TEST,0x0200,0x0050,20
OutPatrol8_start,3,0x6F0,764,24,0x210,0x0209,9,RANDOM_WEIGHT,0x0200,0x0050,20
OutPatrol8_start,3,0x6F0,764,25,0x224,0x0208,8,RANGE_TEST,0x0200,0x0050,20
OutPatrol8_start,3,0x6F0,764,26,0x238,0x0209,9,RANDOM_WEIGHT,0x0200,0x0050,20
OutPatrol8_start,3,0x6F0,764,27,0x24C,0x0208,8,RANGE_TEST,0x0200,0x0050,20
OutPatrol8_start,3,0x6F0,764,28,0x260,0x0209,9,RANDOM_WEIGHT,0x0200,0x0050,20
OutPatrol8_start,3,0x6F0,764,29,0x274,0x0208,8,RANGE_TEST,0x0200,0x0050,20
OutPatrol8_start,3,0x6F0,764,30,0x288,0x0209,9,RANDOM_WEIGHT,0x0200,0x0050,20
OutPatrol8_start,3,0x6F0,764,31,0x29C,0x0208,8,RANGE_TEST,0x0200,0x0050,20
OutPatrol8_start,3,0x6F0,764,32,0x2B0,0x0209,9,RANDOM_WEIGHT,0x0200,0x0050,20
OutPatrol8_start,3,0x6F0,764,33,0x2C4,0x0208,8,RANGE_TEST,0x0200,0x0050,20
OutPatrol8_start,3,0x6F0,764,34,0x2D8,0x0209,9,RANDOM_WEIGHT,0x0200,0x0050,20
OutPatrol8_start,3,0x6F0,764,35,0x2EC,0x001D,29,WHILE,0x0000,0x0022,8
OutPatrol8_start,3,0x6F0,764,36,0x2F4,0x0005,5,ENDIF,0x0000,0x0022,8
OutPatrol8_start,4,0x9EC,296,0,0x1C,0x0203,3,ELSEIF,0x0200,0x0090,36
OutPatrol8_start,4,0x9EC,296,1,0x40,0x0218,24,PARTICLE_SOURCE,0x0200,0x0080,32
OutPatrol8_start,4,0x9EC,296,2,0x60,0x020D,13,LOOP,0x0200,0x0080,32
OutPatrol8_start,4,0x9EC,296,3,0x80,0x0002,2,IF,0x0000,0x0042,16
OutPatrol8_start,4,0x9EC,296,4,0x90,0x021B,27,SOUND,0x0200,0x0060,24
OutPatrol8_start,4,0x9EC,296,5,0xA8,0x0212,18,OBJECT_ROTATE_STATE,0x0200,0x0030,12
OutPatrol8_start,4,0x9EC,296,6,0xB4,0x0003,3,ELSEIF,0x0000,0x0042,16
OutPatrol8_start,4,0x9EC,296,7,0xC4,0x021B,27,SOUND,0x0200,0x0060,24
OutPatrol8_start,4,0x9EC,296,8,0xDC,0x0212,18,OBJECT_ROTATE_STATE,0x0200,0x0030,12
OutPatrol8_start,4,0x9EC,296,9,0xE8,0x0004,4,ELSE,0x0000,0x0022,8
OutPatrol8_start,4,0x9EC,296,10,0xF0,0x021B,27,SOUND,0x0200,0x0060,24
OutPatrol8_start,4,0x9EC,296,11,0x108,0x0005,5,ENDIF,0x0000,0x0022,8
OutPatrol8_start,4,0x9EC,296,12,0x110,0x021B,27,SOUND,0x0200,0x0060,24
OutPatrol8_start,5,0xB14,328,0,0x1C,0x0203,3,ELSEIF,0x0200,0x0090,36
OutPatrol8_start,5,0xB14,328,1,0x40,0x0218,24,PARTICLE_SOURCE,0x0200,0x0080,32
OutPatrol8_start,5,0xB14,328,2,0x60,0x020D,13,LOOP,0x0200,0x0080,32
OutPatrol8_start,5,0xB14,328,3,0x80,0x020D,13,LOOP,0x0200,0x0080,32
OutPatrol8_start,5,0xB14,328,4,0xA0,0x0002,2,IF,0x0000,0x0042,16
OutPatrol8_start,5,0xB14,328,5,0xB0,0x021B,27,SOUND,0x0200,0x0060,24
OutPatrol8_start,5,0xB14,328,6,0xC8,0x0212,18,OBJECT_ROTATE_STATE,0x0200,0x0030,12
OutPatrol8_start,5,0xB14,328,7,0xD4,0x0003,3,ELSEIF,0x0000,0x0042,16
OutPatrol8_start,5,0xB14,328,8,0xE4,0x021B,27,SOUND,0x0200,0x0060,24
OutPatrol8_start,5,0xB14,328,9,0xFC,0x0212,18,OBJECT_ROTATE_STATE,0x0200,0x0030,12
OutPatrol8_start,5,0xB14,328,10,0x108,0x0004,4,ELSE,0x0000,0x0022,8
OutPatrol8_start,5,0xB14,328,11,0x110,0x021B,27,SOUND,0x0200,0x0060,24
OutPatrol8_start,5,0xB14,328,12,0x128,0x0005,5,ENDIF,0x0000,0x0022,8
OutPatrol8_start,5,0xB14,328,13,0x130,0x021B,27,SOUND,0x0200,0x0060,24
OutPatrol8_start,6,0xC5C,100,0,0x1C,0x0203,3,ELSEIF,0x0200,0x00A0,40
OutPatrol8_start,6,0xC5C,100,1,0x44,0x0218,24,PARTICLE_SOURCE,0x0200,0x0080,32
OutPatrol8_start,7,0xCC0,120,0,0x1C,0x0203,3,ELSEIF,0x0200,0x0090,36
OutPatrol8_start,7,0xCC0,120,1,0x40,0x0218,24,PARTICLE_SOURCE,0x0200,0x0080,32
OutPatrol8_start,7,0xCC0,120,2,0x60,0x021B,27,SOUND,0x0200,0x0060,24
OutPatrol8_start,8,0xD38,144,0,0x1C,0x0203,3,ELSEIF,0x0200,0x0090,36
OutPatrol8_start,8,0xD38,144,1,0x40,0x0218,24,PARTICLE_SOURCE,0x0200,0x0080,32
OutPatrol8_start,8,0xD38,144,2,0x60,0x0001,1,QUAD_ALIGN,0x0000,0x0020,8
OutPatrol8_start,8,0xD38,144,3,0x68,0x0213,19,OBJECT_MOTION,0x0200,0x00A1,40
Shed1_special,0,0x0,40,0,0x1C,0x021E,30,END_WHILE,0x0200,0x0030,12
Shed1_start,0,0x0,136,0,0x1C,0x0203,3,ELSEIF,0x0200,0x0080,32
Shed1_start,0,0x0,136,1,0x3C,0x001C,28,LIGHT,0x0000,0x0082,32
Shed1_start,0,0x0,136,2,0x5C,0x001D,29,WHILE,0x0000,0x0022,8
Shed1_start,0,0x0,136,3,0x64,0x0211,17,OBJECT_TRANSLATE_STATE,0x0200,0x0050,20
Shed1_start,0,0x0,136,4,0x78,0x001C,28,LIGHT,0x0000,0x0022,8
Shed1_start,0,0x0,136,5,0x80,0x001D,29,WHILE,0x0000,0x0022,8
Shed1_start,1,0x88,820,0,0x1C,0x0203,3,ELSEIF,0x0200,0x0090,36
Shed1_start,1,0x88,820,1,0x40,0x0208,8,RANGE_TEST,0x0200,0x0050,20
Shed1_start,1,0x88,820,2,0x54,0x001C,28,LIGHT,0x0000,0x0022,8
Shed1_start,1,0x88,820,3,0x5C,0x0208,8,RANGE_TEST,0x0200,0x0050,20
Shed1_start,1,0x88,820,4,0x70,0x0218,24,PARTICLE_SOURCE,0x0200,0x00A0,40
Shed1_start,1,0x88,820,5,0x98,0x0213,19,OBJECT_MOTION,0x0200,0x00A1,40
Shed1_start,1,0x88,820,6,0xC0,0x0209,9,RANDOM_WEIGHT,0x0200,0x0050,20
Shed1_start,1,0x88,820,7,0xD4,0x0001,1,QUAD_ALIGN,0x0000,0x0010,4
Shed1_start,1,0x88,820,8,0xD8,0x0213,19,OBJECT_MOTION,0x0200,0x00A1,40
Shed1_start,1,0x88,820,9,0x100,0x0209,9,RANDOM_WEIGHT,0x0200,0x0050,20
Shed1_start,1,0x88,820,10,0x114,0x0001,1,QUAD_ALIGN,0x0000,0x0010,4
Shed1_start,1,0x88,820,11,0x118,0x0213,19,OBJECT_MOTION,0x0200,0x00A1,40
Shed1_start,1,0x88,820,12,0x140,0x0209,9,RANDOM_WEIGHT,0x0200,0x0050,20
Shed1_start,1,0x88,820,13,0x154,0x0001,1,QUAD_ALIGN,0x0000,0x0010,4
Shed1_start,1,0x88,820,14,0x158,0x0213,19,OBJECT_MOTION,0x0200,0x00A1,40
Shed1_start,1,0x88,820,15,0x180,0x0209,9,RANDOM_WEIGHT,0x0200,0x0050,20
Shed1_start,1,0x88,820,16,0x194,0x0001,1,QUAD_ALIGN,0x0000,0x0010,4
Shed1_start,1,0x88,820,17,0x198,0x0213,19,OBJECT_MOTION,0x0200,0x00A1,40
Shed1_start,1,0x88,820,18,0x1C0,0x020D,13,LOOP,0x0200,0x0090,36
Shed1_start,1,0x88,820,19,0x1E4,0x0209,9,RANDOM_WEIGHT,0x0200,0x0050,20
Shed1_start,1,0x88,820,20,0x1F8,0x0218,24,PARTICLE_SOURCE,0x0200,0x0080,32
Shed1_start,1,0x88,820,21,0x218,0x0208,8,RANGE_TEST,0x0200,0x0050,20
Shed1_start,1,0x88,820,22,0x22C,0x020C,12,ANIM_LOD,0x0200,0x00C0,48
Shed1_start,1,0x88,820,23,0x25C,0x0001,1,QUAD_ALIGN,0x0000,0x0030,12
Shed1_start,1,0x88,820,24,0x268,0x0213,19,OBJECT_MOTION,0x0200,0x00C1,48
Shed1_start,1,0x88,820,25,0x298,0x0209,9,RANDOM_WEIGHT,0x0200,0x0050,20
Shed1_start,1,0x88,820,26,0x2AC,0x0208,8,RANGE_TEST,0x0200,0x0050,20
Shed1_start,1,0x88,820,27,0x2C0,0x0001,1,QUAD_ALIGN,0x0000,0x0020,8
Shed1_start,1,0x88,820,28,0x2C8,0x0213,19,OBJECT_MOTION,0x0200,0x00B1,44
Shed1_start,1,0x88,820,29,0x2F4,0x020D,13,LOOP,0x0200,0x0090,36
Shed1_start,1,0x88,820,30,0x318,0x0209,9,RANDOM_WEIGHT,0x0200,0x0050,20
Shed1_start,1,0x88,820,31,0x32C,0x001D,29,WHILE,0x0000,0x0022,8
Shed1_start,2,0x3BC,128,0,0x1C,0x0203,3,ELSEIF,0x0200,0x0090,36
Shed1_start,2,0x3BC,128,1,0x40,0x0218,24,PARTICLE_SOURCE,0x0200,0x0080,32
Shed1_start,2,0x3BC,128,2,0x60,0x020D,13,LOOP,0x0200,0x0080,32
Shed1_start,3,0x43C,508,0,0x1C,0x0203,3,ELSEIF,0x0200,0x0090,36
Shed1_start,3,0x43C,508,1,0x40,0x0219,25,CAMERA,0x0200,0x0040,16
Shed1_start,3,0x43C,508,2,0x50,0x0218,24,PARTICLE_SOURCE,0x0200,0x0080,32
Shed1_start,3,0x43C,508,3,0x70,0x0002,2,IF,0x0000,0x0042,16
Shed1_start,3,0x43C,508,4,0x80,0x0208,8,RANGE_TEST,0x0200,0x0050,20
Shed1_start,3,0x43C,508,5,0x94,0x0004,4,ELSE,0x0000,0x0022,8
Shed1_start,3,0x43C,508,6,0x9C,0x0208,8,RANGE_TEST,0x0200,0x0050,20
Shed1_start,3,0x43C,508,7,0xB0,0x0005,5,ENDIF,0x0000,0x0022,8
Shed1_start,3,0x43C,508,8,0xB8,0x021B,27,SOUND,0x0200,0x0060,24
Shed1_start,3,0x43C,508,9,0xD0,0x020C,12,ANIM_LOD,0x0200,0x00C0,48
Shed1_start,3,0x43C,508,10,0x100,0x002E,46,TIMER,0x0000,0x0040,16
Shed1_start,3,0x43C,508,11,0x110,0x0219,25,CAMERA,0x0200,0x0040,16
Shed1_start,3,0x43C,508,12,0x120,0x001C,28,LIGHT,0x0000,0x0022,8
Shed1_start,3,0x43C,508,13,0x128,0x0209,9,RANDOM_WEIGHT,0x0200,0x0050,20
Shed1_start,3,0x43C,508,14,0x13C,0x020C,12,ANIM_LOD,0x0200,0x00C0,48
Shed1_start,3,0x43C,508,15,0x16C,0x0209,9,RANDOM_WEIGHT,0x0200,0x0050,20
Shed1_start,3,0x43C,508,16,0x180,0x020C,12,ANIM_LOD,0x0200,0x00C0,48
Shed1_start,3,0x43C,508,17,0x1B0,0x0209,9,RANDOM_WEIGHT,0x0200,0x0050,20
Shed1_start,3,0x43C,508,18,0x1C4,0x020C,12,ANIM_LOD,0x0200,0x00C0,48
Shed1_start,3,0x43C,508,19,0x1F4,0x001D,29,WHILE,0x0000,0x0022,8
Shed1_start,4,0x638,508,0,0x1C,0x0219,25,CAMERA,0x0200,0x0040,16
Shed1_start,4,0x638,508,1,0x2C,0x0218,24,PARTICLE_SOURCE,0x0200,0x0080,32
Shed1_start,4,0x638,508,2,0x4C,0x0203,3,ELSEIF,0x0200,0x0090,36
Shed1_start,4,0x638,508,3,0x70,0x0002,2,IF,0x0000,0x0042,16
Shed1_start,4,0x638,508,4,0x80,0x0208,8,RANGE_TEST,0x0200,0x0050,20
Shed1_start,4,0x638,508,5,0x94,0x0004,4,ELSE,0x0000,0x0022,8
Shed1_start,4,0x638,508,6,0x9C,0x0208,8,RANGE_TEST,0x0200,0x0050,20
Shed1_start,4,0x638,508,7,0xB0,0x0005,5,ENDIF,0x0000,0x0022,8
Shed1_start,4,0x638,508,8,0xB8,0x021B,27,SOUND,0x0200,0x0060,24
Shed1_start,4,0x638,508,9,0xD0,0x020C,12,ANIM_LOD,0x0200,0x00C0,48
Shed1_start,4,0x638,508,10,0x100,0x002E,46,TIMER,0x0000,0x0040,16
Shed1_start,4,0x638,508,11,0x110,0x0219,25,CAMERA,0x0200,0x0040,16
Shed1_start,4,0x638,508,12,0x120,0x001C,28,LIGHT,0x0000,0x0022,8
Shed1_start,4,0x638,508,13,0x128,0x0209,9,RANDOM_WEIGHT,0x0200,0x0050,20
Shed1_start,4,0x638,508,14,0x13C,0x020C,12,ANIM_LOD,0x0200,0x00C0,48
Shed1_start,4,0x638,508,15,0x16C,0x0209,9,RANDOM_WEIGHT,0x0200,0x0050,20
Shed1_start,4,0x638,508,16,0x180,0x020C,12,ANIM_LOD,0x0200,0x00C0,48
Shed1_start,4,0x638,508,17,0x1B0,0x0209,9,RANDOM_WEIGHT,0x0200,0x0050,20
Shed1_start,4,0x638,508,18,0x1C4,0x020C,12,ANIM_LOD,0x0200,0x00C0,48
Shed1_start,4,0x638,508,19,0x1F4,0x001D,29,WHILE,0x0000,0x0022,8
Shed1_start,5,0x834,400,0,0x1C,0x0203,3,ELSEIF,0x0200,0x0090,36
Shed1_start,5,0x834,400,1,0x40,0x0218,24,PARTICLE_SOURCE,0x0200,0x0080,32
Shed1_start,5,0x834,400,2,0x60,0x0002,2,IF,0x0000,0x0062,24
Shed1_start,5,0x834,400,3,0x78,0x020D,13,LOOP,0x0200,0x0080,32
Shed1_start,5,0x834,400,4,0x98,0x020D,13,LOOP,0x0200,0x0080,32
Shed1_start,5,0x834,400,5,0xB8,0x0002,2,IF,0x0000,0x0042,16
Shed1_start,5,0x834,400,6,0xC8,0x021B,27,SOUND,0x0200,0x0060,24
Shed1_start,5,0x834,400,7,0xE0,0x0212,18,OBJECT_ROTATE_STATE,0x0200,0x0030,12
Shed1_start,5,0x834,400,8,0xEC,0x0003,3,ELSEIF,0x0000,0x0042,16
Shed1_start,5,0x834,400,9,0xFC,0x021B,27,SOUND,0x0200,0x0060,24
Shed1_start,5,0x834,400,10,0x114,0x0212,18,OBJECT_ROTATE_STATE,0x0200,0x0030,12
Shed1_start,5,0x834,400,11,0x120,0x0004,4,ELSE,0x0000,0x0022,8
Shed1_start,5,0x834,400,12,0x128,0x021B,27,SOUND,0x0200,0x0060,24
Shed1_start,5,0x834,400,13,0x140,0x0005,5,ENDIF,0x0000,0x0022,8
Shed1_start,5,0x834,400,14,0x148,0x021B,27,SOUND,0x0200,0x0060,24
Shed1_start,5,0x834,400,15,0x160,0x0004,4,ELSE,0x0000,0x0022,8
Shed1_start,5,0x834,400,16,0x168,0x020D,13,LOOP,0x0200,0x0080,32
Shed1_start,5,0x834,400,17,0x188,0x0005,5,ENDIF,0x0000,0x0022,8
Shed1_start,6,0x9C4,100,0,0x1C,0x0203,3,ELSEIF,0x0200,0x00A0,40
Shed1_start,6,0x9C4,100,1,0x44,0x0218,24,PARTICLE_SOURCE,0x0200,0x0080,32
Shed1_start,7,0xA28,120,0,0x1C,0x0203,3,ELSEIF,0x0200,0x0090,36
Shed1_start,7,0xA28,120,1,0x40,0x0218,24,PARTICLE_SOURCE,0x0200,0x0080,32
Shed1_start,7,0xA28,120,2,0x60,0x021B,27,SOUND,0x0200,0x0060,24
Shed1_start,8,0xAA0,136,0,0x1C,0x0203,3,ELSEIF,0x0200,0x0090,36
Shed1_start,8,0xAA0,136,1,0x40,0x0218,24,PARTICLE_SOURCE,0x0200,0x0080,32
Shed1_start,8,0xAA0,136,2,0x60,0x0213,19,OBJECT_MOTION,0x0200,0x00A1,40
Shed2_special,0,0x0,40,0,0x1C,0x021E,30,END_WHILE,0x0200,0x0030,12
Shed2_start,0,0x0,192,0,0x1C,0x0203,3,ELSEIF,0x0200,0x0080,32
Shed2_start,0,0x0,192,1,0x3C,0x0217,23,OBJECT_MOTION_SI_SCRIPT,0x0200,0x0030,12
Shed2_start,0,0x0,192,2,0x48,0x001C,28,LIGHT,0x0000,0x0072,28
Shed2_start,0,0x0,192,3,0x64,0x001D,29,WHILE,0x0000,0x0022,8
Shed2_start,0,0x0,192,4,0x6C,0x0025,37,INVALIDATE_ANIMATION,0x0000,0x0022,8
Shed2_start,0,0x0,192,5,0x74,0x001C,28,LIGHT,0x0000,0x0082,32
Shed2_start,0,0x0,192,6,0x94,0x001D,29,WHILE,0x0000,0x0022,8
Shed2_start,0,0x0,192,7,0x9C,0x0211,17,OBJECT_TRANSLATE_STATE,0x0200,0x0050,20
Shed2_start,0,0x0,192,8,0xB0,0x001C,28,LIGHT,0x0000,0x0022,8
Shed2_start,0,0x0,192,9,0xB8,0x001D,29,WHILE,0x0000,0x0022,8
Shed2_start,1,0xC0,648,0,0x1C,0x0203,3,ELSEIF,0x0200,0x0080,32
Shed2_start,1,0xC0,648,1,0x3C,0x000E,14,WAIT,0x0000,0x0030,12
Shed2_start,1,0xC0,648,2,0x48,0x0026,38,CALL_SEQUENCE,0x0000,0x0022,8
Shed2_start,1,0xC0,648,3,0x50,0x0208,8,RANGE_TEST,0x0200,0x0050,20
Shed2_start,1,0xC0,648,4,0x64,0x0001,1,QUAD_ALIGN,0x0000,0x0030,12
Shed2_start,1,0xC0,648,5,0x70,0x0213,19,OBJECT_MOTION,0x0200,0x00A1,40
Shed2_start,1,0xC0,648,6,0x98,0x0209,9,RANDOM_WEIGHT,0x0200,0x0050,20
Shed2_start,1,0xC0,648,7,0xAC,0x0026,38,CALL_SEQUENCE,0x0000,0x0022,8
Shed2_start,1,0xC0,648,8,0xB4,0x0208,8,RANGE_TEST,0x0200,0x0060,24
Shed2_start,1,0xC0,648,9,0xCC,0x0026,38,CALL_SEQUENCE,0x0000,0x0022,8
Shed2_start,1,0xC0,648,10,0xD4,0x0002,2,IF,0x0000,0x0092,36
Shed2_start,1,0xC0,648,11,0xF8,0x002E,46,TIMER,0x0000,0x0040,16
Shed2_start,1,0xC0,648,12,0x108,0x002E,46,TIMER,0x0000,0x0040,16
Shed2_start,1,0xC0,648,13,0x118,0x020C,12,ANIM_LOD,0x0200,0x00C0,48
Shed2_start,1,0xC0,648,14,0x148,0x0209,9,RANDOM_WEIGHT,0x0200,0x0050,20
Shed2_start,1,0xC0,648,15,0x15C,0x001A,26,DESTRUCTION_SOURCE,0x0000,0x0082,32
Shed2_start,1,0xC0,648,16,0x17C,0x0001,1,QUAD_ALIGN,0x0000,0x0010,4
Shed2_start,1,0xC0,648,17,0x180,0x0213,19,OBJECT_MOTION,0x0200,0x00A1,40
Shed2_start,1,0xC0,648,18,0x1A8,0x020D,13,LOOP,0x0200,0x0090,36
Shed2_start,1,0xC0,648,19,0x1CC,0x0209,9,RANDOM_WEIGHT,0x0200,0x0050,20
Shed2_start,1,0xC0,648,20,0x1E0,0x0213,19,OBJECT_MOTION,0x0200,0x00A1,40
Shed2_start,1,0xC0,648,21,0x208,0x020D,13,LOOP,0x0200,0x0090,36
Shed2_start,1,0xC0,648,22,0x22C,0x0209,9,RANDOM_WEIGHT,0x0200,0x0050,20
Shed2_start,1,0xC0,648,23,0x240,0x002E,46,TIMER,0x0000,0x0040,16
Shed2_start,1,0xC0,648,24,0x250,0x0005,5,ENDIF,0x0000,0x0022,8
Shed2_start,1,0xC0,648,25,0x258,0x0208,8,RANGE_TEST,0x0200,0x0080,32
Shed2_start,1,0xC0,648,26,0x278,0x0025,37,INVALIDATE_ANIMATION,0x0000,0x0022,8
Shed2_start,1,0xC0,648,27,0x280,0x0026,38,CALL_SEQUENCE,0x0000,0x0022,8
Shed2_start,2,0x348,872,0,0x1C,0x0203,3,ELSEIF,0x0200,0x0090,36
Shed2_start,2,0x348,872,1,0x40,0x001C,28,LIGHT,0x0000,0x0022,8
Shed2_start,2,0x348,872,2,0x48,0x0002,2,IF,0x0000,0x0062,24
Shed2_start,2,0x348,872,3,0x60,0x000E,14,WAIT,0x0000,0x0030,12
Shed2_start,2,0x348,872,4,0x6C,0x0208,8,RANGE_TEST,0x0200,0x0050,20
Shed2_start,2,0x348,872,5,0x80,0x0001,1,QUAD_ALIGN,0x0000,0x0020,8
Shed2_start,2,0x348,872,6,0x88,0x0213,19,OBJECT_MOTION,0x0200,0x00A1,40
Shed2_start,2,0x348,872,7,0xB0,0x0209,9,RANDOM_WEIGHT,0x0200,0x0050,20
Shed2_start,2,0x348,872,8,0xC4,0x0208,8,RANGE_TEST,0x0200,0x0060,24
Shed2_start,2,0x348,872,9,0xDC,0x002E,46,TIMER,0x0000,0x0040,16
Shed2_start,2,0x348,872,10,0xEC,0x002E,46,TIMER,0x0000,0x0040,16
Shed2_start,2,0x348,872,11,0xFC,0x020C,12,ANIM_LOD,0x0200,0x00C0,48
Shed2_start,2,0x348,872,12,0x12C,0x0209,9,RANDOM_WEIGHT,0x0200,0x0050,20
Shed2_start,2,0x348,872,13,0x140,0x0001,1,QUAD_ALIGN,0x0000,0x0020,8
Shed2_start,2,0x348,872,14,0x148,0x0213,19,OBJECT_MOTION,0x0200,0x00A1,40
Shed2_start,2,0x348,872,15,0x170,0x020D,13,LOOP,0x0200,0x0090,36
Shed2_start,2,0x348,872,16,0x194,0x0209,9,RANDOM_WEIGHT,0x0200,0x0050,20
Shed2_start,2,0x348,872,17,0x1A8,0x0213,19,OBJECT_MOTION,0x0200,0x00A1,40
Shed2_start,2,0x348,872,18,0x1D0,0x020D,13,LOOP,0x0200,0x0090,36
Shed2_start,2,0x348,872,19,0x1F4,0x0209,9,RANDOM_WEIGHT,0x0200,0x0050,20
Shed2_start,2,0x348,872,20,0x208,0x002E,46,TIMER,0x0000,0x0040,16
Shed2_start,2,0x348,872,21,0x218,0x0208,8,RANGE_TEST,0x0200,0x0080,32
Shed2_start,2,0x348,872,22,0x238,0x0004,4,ELSE,0x0000,0x0022,8
Shed2_start,2,0x348,872,23,0x240,0x0208,8,RANGE_TEST,0x0200,0x0050,20
Shed2_start,2,0x348,872,24,0x254,0x020C,12,ANIM_LOD,0x0200,0x00C0,48
Shed2_start,2,0x348,872,25,0x284,0x0001,1,QUAD_ALIGN,0x0000,0x0010,4
Shed2_start,2,0x348,872,26,0x288,0x0213,19,OBJECT_MOTION,0x0200,0x00B1,44
Shed2_start,2,0x348,872,27,0x2B4,0x0209,9,RANDOM_WEIGHT,0x0200,0x0050,20
Shed2_start,2,0x348,872,28,0x2C8,0x0208,8,RANGE_TEST,0x0200,0x0050,20
Shed2_start,2,0x348,872,29,0x2DC,0x020C,12,ANIM_LOD,0x0200,0x00C0,48
Shed2_start,2,0x348,872,30,0x30C,0x0001,1,QUAD_ALIGN,0x0000,0x0030,12
Shed2_start,2,0x348,872,31,0x318,0x0213,19,OBJECT_MOTION,0x0200,0x00B1,44
Shed2_start,2,0x348,872,32,0x344,0x0209,9,RANDOM_WEIGHT,0x0200,0x0050,20
Shed2_start,2,0x348,872,33,0x358,0x0005,5,ENDIF,0x0000,0x0022,8
Shed2_start,2,0x348,872,34,0x360,0x001D,29,WHILE,0x0000,0x0022,8
Shed2_start,3,0x6B0,184,0,0x1C,0x0203,3,ELSEIF,0x0200,0x0090,36
Shed2_start,3,0x6B0,184,1,0x40,0x0002,2,IF,0x0000,0x0062,24
Shed2_start,3,0x6B0,184,2,0x58,0x020D,13,LOOP,0x0200,0x0080,32
Shed2_start,3,0x6B0,184,3,0x78,0x0003,3,ELSEIF,0x0000,0x0062,24
Shed2_start,3,0x6B0,184,4,0x90,0x021A,26,DESTRUCTION_SOURCE,0x0200,0x0080,32
Shed2_start,3,0x6B0,184,5,0xB0,0x0005,5,ENDIF,0x0000,0x0022,8
Shed2_start,4,0x768,324,0,0x1C,0x0203,3,ELSEIF,0x0200,0x0090,36
Shed2_start,4,0x768,324,1,0x40,0x0026,38,CALL_SEQUENCE,0x0000,0x0022,8
Shed2_start,4,0x768,324,2,0x48,0x0002,2,IF,0x0000,0x0062,24
Shed2_start,4,0x768,324,3,0x60,0x020C,12,ANIM_LOD,0x0200,0x00C0,48
Shed2_start,4,0x768,324,4,0x90,0x020D,13,LOOP,0x0200,0x0080,32
Shed2_start,4,0x768,324,5,0xB0,0x021B,27,SOUND,0x0200,0x0060,24
Shed2_start,4,0x768,324,6,0xC8,0x0003,3,ELSEIF,0x0000,0x0062,24
Shed2_start,4,0x768,324,7,0xE0,0x0208,8,RANGE_TEST,0x0200,0x0050,20
Shed2_start,4,0x768,324,8,0xF4,0x002E,46,TIMER,0x0000,0x0040,16
Shed2_start,4,0x768,324,9,0x104,0x020D,13,LOOP,0x0200,0x0080,32
Shed2_start,4,0x768,324,10,0x124,0x021B,27,SOUND,0x0200,0x0060,24
Shed2_start,4,0x768,324,11,0x13C,0x0005,5,ENDIF,0x0000,0x0022,8
Shed2_start,5,0x8AC,324,0,0x1C,0x0203,3,ELSEIF,0x0200,0x0090,36
Shed2_start,5,0x8AC,324,1,0x40,0x0026,38,CALL_SEQUENCE,0x0000,0x0022,8
Shed2_start,5,0x8AC,324,2,0x48,0x0002,2,IF,0x0000,0x0062,24
Shed2_start,5,0x8AC,324,3,0x60,0x020C,12,ANIM_LOD,0x0200,0x00C0,48
Shed2_start,5,0x8AC,324,4,0x90,0x020D,13,LOOP,0x0200,0x0080,32
Shed2_start,5,0x8AC,324,5,0xB0,0x021B,27,SOUND,0x0200,0x0060,24
Shed2_start,5,0x8AC,324,6,0xC8,0x0003,3,ELSEIF,0x0000,0x0062,24
Shed2_start,5,0x8AC,324,7,0xE0,0x0208,8,RANGE_TEST,0x0200,0x0050,20
Shed2_start,5,0x8AC,324,8,0xF4,0x002E,46,TIMER,0x0000,0x0040,16
Shed2_start,5,0x8AC,324,9,0x104,0x020D,13,LOOP,0x0200,0x0080,32
Shed2_start,5,0x8AC,324,10,0x124,0x021B,27,SOUND,0x0200,0x0060,24
Shed2_start,5,0x8AC,324,11,0x13C,0x0005,5,ENDIF,0x0000,0x0022,8
Shed2_start,6,0x9F0,472,0,0x1C,0x0203,3,ELSEIF,0x0200,0x0090,36
Shed2_start,6,0x9F0,472,1,0x40,0x0026,38,CALL_SEQUENCE,0x0000,0x0022,8
Shed2_start,6,0x9F0,472,2,0x48,0x0002,2,IF,0x0000,0x0062,24
Shed2_start,6,0x9F0,472,3,0x60,0x020D,13,LOOP,0x0200,0x0080,32
Shed2_start,6,0x9F0,472,4,0x80,0x020D,13,LOOP,0x0200,0x0080,32
Shed2_start,6,0x9F0,472,5,0xA0,0x0002,2,IF,0x0000,0x0042,16
Shed2_start,6,0x9F0,472,6,0xB0,0x021B,27,SOUND,0x0200,0x0060,24
Shed2_start,6,0x9F0,472,7,0xC8,0x0212,18,OBJECT_ROTATE_STATE,0x0200,0x0030,12
Shed2_start,6,0x9F0,472,8,0xD4,0x0003,3,ELSEIF,0x0000,0x0042,16
Shed2_start,6,0x9F0,472,9,0xE4,0x021B,27,SOUND,0x0200,0x0060,24
Shed2_start,6,0x9F0,472,10,0xFC,0x0212,18,OBJECT_ROTATE_STATE,0x0200,0x0030,12
Shed2_start,6,0x9F0,472,11,0x108,0x0004,4,ELSE,0x0000,0x0022,8
Shed2_start,6,0x9F0,472,12,0x110,0x021B,27,SOUND,0x0200,0x0060,24
Shed2_start,6,0x9F0,472,13,0x128,0x0005,5,ENDIF,0x0000,0x0022,8
Shed2_start,6,0x9F0,472,14,0x130,0x021B,27,SOUND,0x0200,0x0060,24
Shed2_start,6,0x9F0,472,15,0x148,0x0003,3,ELSEIF,0x0000,0x0062,24
Shed2_start,6,0x9F0,472,16,0x160,0x021A,26,DESTRUCTION_SOURCE,0x0200,0x0080,32
Shed2_start,6,0x9F0,472,17,0x180,0x020D,13,LOOP,0x0200,0x0080,32
Shed2_start,6,0x9F0,472,18,0x1A0,0x0208,8,RANGE_TEST,0x0200,0x0050,20
Shed2_start,6,0x9F0,472,19,0x1B4,0x002E,46,TIMER,0x0000,0x0040,16
Shed2_start,6,0x9F0,472,20,0x1C4,0x0212,18,OBJECT_ROTATE_STATE,0x0200,0x0030,12
Shed2_start,6,0x9F0,472,21,0x1D0,0x0005,5,ENDIF,0x0000,0x0022,8
Shed2_start,7,0xBC8,68,0,0x1C,0x0203,3,ELSEIF,0x0200,0x00A0,40
Shed2_start,8,0xC0C,88,0,0x1C,0x0203,3,ELSEIF,0x0200,0x0090,36
Shed2_start,8,0xC0C,88,1,0x40,0x021B,27,SOUND,0x0200,0x0060,24
Shed2_start,9,0xC64,116,0,0x1C,0x0203,3,ELSEIF,0x0200,0x0090,36
Shed2_start,9,0xC64,116,1,0x40,0x0001,1,QUAD_ALIGN,0x0000,0x0030,12
Shed2_start,9,0xC64,116,2,0x4C,0x0213,19,OBJECT_MOTION,0x0200,0x00A1,40
Bunk1_special,0,0x0,40,0,0x1C,0x021E,30,END_WHILE,0x0200,0x0030,12
Bunk1_start,0,0x0,184,0,0x1C,0x0203,3,ELSEIF,0x0200,0x0080,32
Bunk1_start,0,0x0,184,1,0x3C,0x0217,23,OBJECT_MOTION_SI_SCRIPT,0x0200,0x0030,12
Bunk1_start,0,0x0,184,2,0x48,0x001C,28,LIGHT,0x0000,0x0072,28
Bunk1_start,0,0x0,184,3,0x64,0x001D,29,WHILE,0x0000,0x0022,8
Bunk1_start,0,0x0,184,4,0x6C,0x001C,28,LIGHT,0x0000,0x0082,32
Bunk1_start,0,0x0,184,5,0x8C,0x001D,29,WHILE,0x0000,0x0022,8
Bunk1_start,0,0x0,184,6,0x94,0x0211,17,OBJECT_TRANSLATE_STATE,0x0200,0x0050,20
Bunk1_start,0,0x0,184,7,0xA8,0x001C,28,LIGHT,0x0000,0x0022,8
Bunk1_start,0,0x0,184,8,0xB0,0x001D,29,WHILE,0x0000,0x0022,8
Bunk1_start,1,0xB8,948,0,0x1C,0x0203,3,ELSEIF,0x0200,0x0090,36
Bunk1_start,1,0xB8,948,1,0x40,0x001C,28,LIGHT,0x0000,0x0022,8
Bunk1_start,1,0xB8,948,2,0x48,0x0208,8,RANGE_TEST,0x0200,0x0050,20
Bunk1_start,1,0xB8,948,3,0x5C,0x020C,12,ANIM_LOD,0x0200,0x00C0,48
Bunk1_start,1,0xB8,948,4,0x8C,0x0002,2,IF,0x0000,0x00C2,48
Bunk1_start,1,0xB8,948,5,0xBC,0x001C,28,LIGHT,0x0000,0x00B2,44
Bunk1_start,1,0xB8,948,6,0xE8,0x001D,29,WHILE,0x0000,0x0022,8
Bunk1_start,1,0xB8,948,7,0xF0,0x001C,28,LIGHT,0x0000,0x0082,32
Bunk1_start,1,0xB8,948,8,0x110,0x001D,29,WHILE,0x0000,0x0022,8
Bunk1_start,1,0xB8,948,9,0x118,0x0209,9,RANDOM_WEIGHT,0x0200,0x0050,20
Bunk1_start,1,0xB8,948,10,0x12C,0x0002,2,IF,0x0000,0x0062,24
Bunk1_start,1,0xB8,948,11,0x144,0x021A,26,DESTRUCTION_SOURCE,0x0200,0x0080,32
Bunk1_start,1,0xB8,948,12,0x164,0x0209,9,RANDOM_WEIGHT,0x0200,0x0050,20
Bunk1_start,1,0xB8,948,13,0x178,0x002E,46,TIMER,0x0000,0x0040,16
Bunk1_start,1,0xB8,948,14,0x188,0x0005,5,ENDIF,0x0000,0x0022,8
Bunk1_start,1,0xB8,948,15,0x190,0x0209,9,RANDOM_WEIGHT,0x0200,0x0050,20
Bunk1_start,1,0xB8,948,16,0x1A4,0x0002,2,IF,0x0000,0x0062,24
Bunk1_start,1,0xB8,948,17,0x1BC,0x021A,26,DESTRUCTION_SOURCE,0x0200,0x0080,32
Bunk1_start,1,0xB8,948,18,0x1DC,0x0005,5,ENDIF,0x0000,0x0022,8
Bunk1_start,1,0xB8,948,19,0x1E4,0x0209,9,RANDOM_WEIGHT,0x0200,0x0050,20
Bunk1_start,1,0xB8,948,20,0x1F8,0x002E,46,TIMER,0x0000,0x0040,16
Bunk1_start,1,0xB8,948,21,0x208,0x0005,5,ENDIF,0x0000,0x0022,8
Bunk1_start,1,0xB8,948,22,0x210,0x0209,9,RANDOM_WEIGHT,0x0200,0x0050,20
Bunk1_start,1,0xB8,948,23,0x224,0x0208,8,RANGE_TEST,0x0200,0x0050,20
Bunk1_start,1,0xB8,948,24,0x238,0x020C,12,ANIM_LOD,0x0200,0x00C0,48
Bunk1_start,1,0xB8,948,25,0x268,0x0209,9,RANDOM_WEIGHT,0x0200,0x0050,20
Bunk1_start,1,0xB8,948,26,0x27C,0x0001,1,QUAD_ALIGN,0x0000,0x0030,12
Bunk1_start,1,0xB8,948,27,0x288,0x0213,19,OBJECT_MOTION,0x0200,0x00B1,44
Bunk1_start,1,0xB8,948,28,0x2B4,0x020D,13,LOOP,0x0200,0x0090,36
Bunk1_start,1,0xB8,948,29,0x2D8,0x0209,9,RANDOM_WEIGHT,0x0200,0x0050,20
Bunk1_start,1,0xB8,948,30,0x2EC,0x0208,8,RANGE_TEST,0x0200,0x0050,20
Bunk1_start,1,0xB8,948,31,0x300,0x0208,8,RANGE_TEST,0x0200,0x0050,20
Bunk1_start,1,0xB8,948,32,0x314,0x0209,9,RANDOM_WEIGHT,0x0200,0x0050,20
Bunk1_start,1,0xB8,948,33,0x328,0x0002,2,IF,0x0000,0x0092,36
Bunk1_start,1,0xB8,948,34,0x34C,0x0203,3,ELSEIF,0x0200,0x0090,36
Bunk1_start,1,0xB8,948,35,0x370,0x021A,26,DESTRUCTION_SOURCE,0x0200,0x0080,32
Bunk1_start,1,0xB8,948,36,0x390,0x0209,9,RANDOM_WEIGHT,0x0200,0x0050,20
Bunk1_start,1,0xB8,948,37,0x3A4,0x0005,5,ENDIF,0x0000,0x0022,8
Bunk1_start,1,0xB8,948,38,0x3AC,0x001D,29,WHILE,0x0000,0x0022,8
Bunk1_start,2,0x46C,96,0,0x1C,0x0203,3,ELSEIF,0x0200,0x0090,36
Bunk1_start,2,0x46C,96,1,0x40,0x020D,13,LOOP,0x0200,0x0080,32
Bunk1_start,3,0x4CC,276,0,0x1C,0x0203,3,ELSEIF,0x0200,0x0090,36
Bunk1_start,3,0x4CC,276,1,0x40,0x0208,8,RANGE_TEST,0x0200,0x0050,20
Bunk1_start,3,0x4CC,276,2,0x54,0x021B,27,SOUND,0x0200,0x0060,24
Bunk1_start,3,0x4CC,276,3,0x6C,0x020C,12,ANIM_LOD,0x0200,0x00C0,48
Bunk1_start,3,0x4CC,276,4,0x9C,0x002E,46,TIMER,0x0000,0x0040,16
Bunk1_start,3,0x4CC,276,5,0xAC,0x001C,28,LIGHT,0x0000,0x0022,8
Bunk1_start,3,0x4CC,276,6,0xB4,0x021B,27,SOUND,0x0200,0x0060,24
Bunk1_start,3,0x4CC,276,7,0xCC,0x0209,9,RANDOM_WEIGHT,0x0200,0x0050,20
Bunk1_start,3,0x4CC,276,8,0xE0,0x021B,27,SOUND,0x0200,0x0060,24
Bunk1_start,3,0x4CC,276,9,0xF8,0x0209,9,RANDOM_WEIGHT,0x0200,0x0050,20
Bunk1_start,3,0x4CC,276,10,0x10C,0x001D,29,WHILE,0x0000,0x0022,8
Bunk1_start,4,0x5E0,276,0,0x1C,0x0203,3,ELSEIF,0x0200,0x0090,36
Bunk1_start,4,0x5E0,276,1,0x40,0x0208,8,RANGE_TEST,0x0200,0x0050,20
Bunk1_start,4,0x5E0,276,2,0x54,0x021B,27,SOUND,0x0200,0x0060,24
Bunk1_start,4,0x5E0,276,3,0x6C,0x020C,12,ANIM_LOD,0x0200,0x00C0,48
Bunk1_start,4,0x5E0,276,4,0x9C,0x002E,46,TIMER,0x0000,0x0040,16
Bunk1_start,4,0x5E0,276,5,0xAC,0x001C,28,LIGHT,0x0000,0x0022,8
Bunk1_start,4,0x5E0,276,6,0xB4,0x021B,27,SOUND,0x0200,0x0060,24
Bunk1_start,4,0x5E0,276,7,0xCC,0x0209,9,RANDOM_WEIGHT,0x0200,0x0050,20
Bunk1_start,4,0x5E0,276,8,0xE0,0x021B,27,SOUND,0x0200,0x0060,24
Bunk1_start,4,0x5E0,276,9,0xF8,0x0209,9,RANDOM_WEIGHT,0x0200,0x0050,20
Bunk1_start,4,0x5E0,276,10,0x10C,0x001D,29,WHILE,0x0000,0x0022,8
Bunk1_start,5,0x6F4,472,0,0x1C,0x0203,3,ELSEIF,0x0200,0x0090,36
Bunk1_start,5,0x6F4,472,1,0x40,0x0002,2,IF,0x0000,0x0062,24
Bunk1_start,5,0x6F4,472,2,0x58,0x020D,13,LOOP,0x0200,0x0080,32
Bunk1_start,5,0x6F4,472,3,0x78,0x020D,13,LOOP,0x0200,0x0080,32
Bunk1_start,5,0x6F4,472,4,0x98,0x0002,2,IF,0x0000,0x0042,16
Bunk1_start,5,0x6F4,472,5,0xA8,0x021B,27,SOUND,0x0200,0x0060,24
Bunk1_start,5,0x6F4,472,6,0xC0,0x0212,18,OBJECT_ROTATE_STATE,0x0200,0x0030,12
Bunk1_start,5,0x6F4,472,7,0xCC,0x0003,3,ELSEIF,0x0000,0x0042,16
Bunk1_start,5,0x6F4,472,8,0xDC,0x021B,27,SOUND,0x0200,0x0060,24
Bunk1_start,5,0x6F4,472,9,0xF4,0x0212,18,OBJECT_ROTATE_STATE,0x0200,0x0030,12
Bunk1_start,5,0x6F4,472,10,0x100,0x0004,4,ELSE,0x0000,0x0022,8
Bunk1_start,5,0x6F4,472,11,0x108,0x021B,27,SOUND,0x0200,0x0060,24
Bunk1_start,5,0x6F4,472,12,0x120,0x0005,5,ENDIF,0x0000,0x0022,8
Bunk1_start,5,0x6F4,472,13,0x128,0x021B,27,SOUND,0x0200,0x0060,24
Bunk1_start,5,0x6F4,472,14,0x140,0x0004,4,ELSE,0x0000,0x0022,8
Bunk1_start,5,0x6F4,472,15,0x148,0x020D,13,LOOP,0x0200,0x0080,32
Bunk1_start,5,0x6F4,472,16,0x168,0x001C,28,LIGHT,0x0000,0x0022,8
Bunk1_start,5,0x6F4,472,17,0x170,0x021B,27,SOUND,0x0200,0x0060,24
Bunk1_start,5,0x6F4,472,18,0x188,0x0209,9,RANDOM_WEIGHT,0x0200,0x0050,20
Bunk1_start,5,0x6F4,472,19,0x19C,0x021B,27,SOUND,0x0200,0x0060,24
Bunk1_start,5,0x6F4,472,20,0x1B4,0x0209,9,RANDOM_WEIGHT,0x0200,0x0050,20
Bunk1_start,5,0x6F4,472,21,0x1C8,0x001D,29,WHILE,0x0000,0x0022,8
Bunk1_start,5,0x6F4,472,22,0x1D0,0x0005,5,ENDIF,0x0000,0x0022,8
Bunk1_start,6,0x8CC,68,0,0x1C,0x0203,3,ELSEIF,0x0200,0x00A0,40
Bunk1_start,7,0x910,88,0,0x1C,0x0203,3,ELSEIF,0x0200,0x0090,36
Bunk1_start,7,0x910,88,1,0x40,0x021B,27,SOUND,0x0200,0x0060,24
Bunk1_start,8,0x968,112,0,0x1C,0x0203,3,ELSEIF,0x0200,0x0090,36
Bunk1_start,8,0x968,112,1,0x40,0x0001,1,QUAD_ALIGN,0x0000,0x0020,8
Bunk1_start,8,0x968,112,2,0x48,0x0213,19,OBJECT_MOTION,0x0200,0x00A1,40
Bunk2_special,0,0x0,40,0,0x1C,0x021E,30,END_WHILE,0x0200,0x0030,12
Bunk2_start,0,0x0,184,0,0x1C,0x0203,3,ELSEIF,0x0200,0x0080,32
Bunk2_start,0,0x0,184,1,0x3C,0x0217,23,OBJECT_MOTION_SI_SCRIPT,0x0200,0x0030,12
Bunk2_start,0,0x0,184,2,0x48,0x001C,28,LIGHT,0x0000,0x0072,28
Bunk2_start,0,0x0,184,3,0x64,0x001D,29,WHILE,0x0000,0x0022,8
Bunk2_start,0,0x0,184,4,0x6C,0x001C,28,LIGHT,0x0000,0x0082,32
Bunk2_start,0,0x0,184,5,0x8C,0x001D,29,WHILE,0x0000,0x0022,8
Bunk2_start,0,0x0,184,6,0x94,0x0211,17,OBJECT_TRANSLATE_STATE,0x0200,0x0050,20
Bunk2_start,0,0x0,184,7,0xA8,0x001C,28,LIGHT,0x0000,0x0022,8
Bunk2_start,0,0x0,184,8,0xB0,0x001D,29,WHILE,0x0000,0x0022,8
Bunk2_start,1,0xB8,1124,0,0x1C,0x0203,3,ELSEIF,0x0200,0x0090,36
Bunk2_start,1,0xB8,1124,1,0x40,0x001C,28,LIGHT,0x0000,0x0022,8
Bunk2_start,1,0xB8,1124,2,0x48,0x0208,8,RANGE_TEST,0x0200,0x0050,20
Bunk2_start,1,0xB8,1124,3,0x5C,0x020C,12,ANIM_LOD,0x0200,0x00C0,48
Bunk2_start,1,0xB8,1124,4,0x8C,0x0218,24,PARTICLE_SOURCE,0x0200,0x00A0,40
Bunk2_start,1,0xB8,1124,5,0xB4,0x0002,2,IF,0x0000,0x00C2,48
Bunk2_start,1,0xB8,1124,6,0xE4,0x001C,28,LIGHT,0x0000,0x00B2,44
Bunk2_start,1,0xB8,1124,7,0x110,0x001D,29,WHILE,0x0000,0x0022,8
Bunk2_start,1,0xB8,1124,8,0x118,0x002E,46,TIMER,0x0000,0x0040,16
Bunk2_start,1,0xB8,1124,9,0x128,0x021A,26,DESTRUCTION_SOURCE,0x0200,0x0080,32
Bunk2_start,1,0xB8,1124,10,0x148,0x0209,9,RANDOM_WEIGHT,0x0200,0x0050,20
Bunk2_start,1,0xB8,1124,11,0x15C,0x002E,46,TIMER,0x0000,0x0040,16
Bunk2_start,1,0xB8,1124,12,0x16C,0x0209,9,RANDOM_WEIGHT,0x0200,0x0050,20
Bunk2_start,1,0xB8,1124,13,0x180,0x0002,2,IF,0x0000,0x0062,24
Bunk2_start,1,0xB8,1124,14,0x198,0x021A,26,DESTRUCTION_SOURCE,0x0200,0x0080,32
Bunk2_start,1,0xB8,1124,15,0x1B8,0x0209,9,RANDOM_WEIGHT,0x0200,0x0050,20
Bunk2_start,1,0xB8,1124,16,0x1CC,0x002E,46,TIMER,0x0000,0x0040,16
Bunk2_start,1,0xB8,1124,17,0x1DC,0x0005,5,ENDIF,0x0000,0x0022,8
Bunk2_start,1,0xB8,1124,18,0x1E4,0x0209,9,RANDOM_WEIGHT,0x0200,0x0050,20
Bunk2_start,1,0xB8,1124,19,0x1F8,0x002E,46,TIMER,0x0000,0x0040,16
Bunk2_start,1,0xB8,1124,20,0x208,0x002E,46,TIMER,0x0000,0x0040,16
Bunk2_start,1,0xB8,1124,21,0x218,0x002E,46,TIMER,0x0000,0x0040,16
Bunk2_start,1,0xB8,1124,22,0x228,0x0005,5,ENDIF,0x0000,0x0022,8
Bunk2_start,1,0xB8,1124,23,0x230,0x0209,9,RANDOM_WEIGHT,0x0200,0x0050,20
Bunk2_start,1,0xB8,1124,24,0x244,0x0218,24,PARTICLE_SOURCE,0x0200,0x0080,32
Bunk2_start,1,0xB8,1124,25,0x264,0x0208,8,RANGE_TEST,0x0200,0x0050,20
Bunk2_start,1,0xB8,1124,26,0x278,0x0213,19,OBJECT_MOTION,0x0200,0x00B1,44
Bunk2_start,1,0xB8,1124,27,0x2A4,0x0209,9,RANDOM_WEIGHT,0x0200,0x0050,20
Bunk2_start,1,0xB8,1124,28,0x2B8,0x0208,8,RANGE_TEST,0x0200,0x0050,20
Bunk2_start,1,0xB8,1124,29,0x2CC,0x0209,9,RANDOM_WEIGHT,0x0200,0x0050,20
Bunk2_start,1,0xB8,1124,30,0x2E0,0x0218,24,PARTICLE_SOURCE,0x0200,0x00A0,40
Bunk2_start,1,0xB8,1124,31,0x308,0x0213,19,OBJECT_MOTION,0x0200,0x00A1,40
Bunk2_start,1,0xB8,1124,32,0x330,0x0209,9,RANDOM_WEIGHT,0x0200,0x0050,20
Bunk2_start,1,0xB8,1124,33,0x344,0x0001,1,QUAD_ALIGN,0x0000,0x0010,4
Bunk2_start,1,0xB8,1124,34,0x348,0x0213,19,OBJECT_MOTION,0x0200,0x00A1,40
Bunk2_start,1,0xB8,1124,35,0x370,0x0209,9,RANDOM_WEIGHT,0x0200,0x0050,20
Bunk2_start,1,0xB8,1124,36,0x384,0x0001,1,QUAD_ALIGN,0x0000,0x0010,4
Bunk2_start,1,0xB8,1124,37,0x388,0x0213,19,OBJECT_MOTION,0x0200,0x00A1,40
Bunk2_start,1,0xB8,1124,38,0x3B0,0x0209,9,RANDOM_WEIGHT,0x0200,0x0050,20
Bunk2_start,1,0xB8,1124,39,0x3C4,0x0001,1,QUAD_ALIGN,0x0000,0x0010,4
Bunk2_start,1,0xB8,1124,40,0x3C8,0x0213,19,OBJECT_MOTION,0x0200,0x00A1,40
Bunk2_start,1,0xB8,1124,41,0x3F0,0x020D,13,LOOP,0x0200,0x0090,36
Bunk2_start,1,0xB8,1124,42,0x414,0x0209,9,RANDOM_WEIGHT,0x0200,0x0050,20
Bunk2_start,1,0xB8,1124,43,0x428,0x0218,24,PARTICLE_SOURCE,0x0200,0x0080,32
Bunk2_start,1,0xB8,1124,44,0x448,0x0209,9,RANDOM_WEIGHT,0x0200,0x0050,20
Bunk2_start,1,0xB8,1124,45,0x45C,0x001D,29,WHILE,0x0000,0x0022,8
Bunk2_start,2,0x51C,128,0,0x1C,0x0203,3,ELSEIF,0x0200,0x0090,36
Bunk2_start,2,0x51C,128,1,0x40,0x0218,24,PARTICLE_SOURCE,0x0200,0x0080,32
Bunk2_start,2,0x51C,128,2,0x60,0x020D,13,LOOP,0x0200,0x0080,32
Bunk2_start,3,0x59C,308,0,0x1C,0x0203,3,ELSEIF,0x0200,0x0090,36
Bunk2_start,3,0x59C,308,1,0x40,0x0218,24,PARTICLE_SOURCE,0x0200,0x0080,32
Bunk2_start,3,0x59C,308,2,0x60,0x0208,8,RANGE_TEST,0x0200,0x0050,20
Bunk2_start,3,0x59C,308,3,0x74,0x021B,27,SOUND,0x0200,0x0060,24
Bunk2_start,3,0x59C,308,4,0x8C,0x020C,12,ANIM_LOD,0x0200,0x00C0,48
Bunk2_start,3,0x59C,308,5,0xBC,0x002E,46,TIMER,0x0000,0x0040,16
Bunk2_start,3,0x59C,308,6,0xCC,0x001C,28,LIGHT,0x0000,0x0022,8
Bunk2_start,3,0x59C,308,7,0xD4,0x021B,27,SOUND,0x0200,0x0060,24
Bunk2_start,3,0x59C,308,8,0xEC,0x0209,9,RANDOM_WEIGHT,0x0200,0x0050,20
Bunk2_start,3,0x59C,308,9,0x100,0x021B,27,SOUND,0x0200,0x0060,24
Bunk2_start,3,0x59C,308,10,0x118,0x0209,9,RANDOM_WEIGHT,0x0200,0x0050,20
Bunk2_start,3,0x59C,308,11,0x12C,0x001D,29,WHILE,0x0000,0x0022,8
Bunk2_start,4,0x6D0,308,0,0x1C,0x0203,3,ELSEIF,0x0200,0x0090,36
Bunk2_start,4,0x6D0,308,1,0x40,0x0218,24,PARTICLE_SOURCE,0x0200,0x0080,32
Bunk2_start,4,0x6D0,308,2,0x60,0x0208,8,RANGE_TEST,0x0200,0x0050,20
Bunk2_start,4,0x6D0,308,3,0x74,0x021B,27,SOUND,0x0200,0x0060,24
Bunk2_start,4,0x6D0,308,4,0x8C,0x020C,12,ANIM_LOD,0x0200,0x00C0,48
Bunk2_start,4,0x6D0,308,5,0xBC,0x002E,46,TIMER,0x0000,0x0040,16
Bunk2_start,4,0x6D0,308,6,0xCC,0x001C,28,LIGHT,0x0000,0x0022,8
Bunk2_start,4,0x6D0,308,7,0xD4,0x021B,27,SOUND,0x0200,0x0060,24
Bunk2_start,4,0x6D0,308,8,0xEC,0x0209,9,RANDOM_WEIGHT,0x0200,0x0050,20
Bunk2_start,4,0x6D0,308,9,0x100,0x021B,27,SOUND,0x0200,0x0060,24
Bunk2_start,4,0x6D0,308,10,0x118,0x0209,9,RANDOM_WEIGHT,0x0200,0x0050,20
Bunk2_start,4,0x6D0,308,11,0x12C,0x001D,29,WHILE,0x0000,0x0022,8
Bunk2_start,5,0x804,504,0,0x1C,0x0203,3,ELSEIF,0x0200,0x0090,36
Bunk2_start,5,0x804,504,1,0x40,0x0218,24,PARTICLE_SOURCE,0x0200,0x0080,32
Bunk2_start,5,0x804,504,2,0x60,0x0002,2,IF,0x0000,0x0062,24
Bunk2_start,5,0x804,504,3,0x78,0x020D,13,LOOP,0x0200,0x0080,32
Bunk2_start,5,0x804,504,4,0x98,0x020D,13,LOOP,0x0200,0x0080,32
Bunk2_start,5,0x804,504,5,0xB8,0x0002,2,IF,0x0000,0x0042,16
Bunk2_start,5,0x804,504,6,0xC8,0x021B,27,SOUND,0x0200,0x0060,24
Bunk2_start,5,0x804,504,7,0xE0,0x0212,18,OBJECT_ROTATE_STATE,0x0200,0x0030,12
Bunk2_start,5,0x804,504,8,0xEC,0x0003,3,ELSEIF,0x0000,0x0042,16
Bunk2_start,5,0x804,504,9,0xFC,0x021B,27,SOUND,0x0200,0x0060,24
Bunk2_start,5,0x804,504,10,0x114,0x0212,18,OBJECT_ROTATE_STATE,0x0200,0x0030,12
Bunk2_start,5,0x804,504,11,0x120,0x0004,4,ELSE,0x0000,0x0022,8
Bunk2_start,5,0x804,504,12,0x128,0x021B,27,SOUND,0x0200,0x0060,24
Bunk2_start,5,0x804,504,13,0x140,0x0005,5,ENDIF,0x0000,0x0022,8
Bunk2_start,5,0x804,504,14,0x148,0x021B,27,SOUND,0x0200,0x0060,24
Bunk2_start,5,0x804,504,15,0x160,0x0004,4,ELSE,0x0000,0x0022,8
Bunk2_start,5,0x804,504,16,0x168,0x020D,13,LOOP,0x0200,0x0080,32
Bunk2_start,5,0x804,504,17,0x188,0x001C,28,LIGHT,0x0000,0x0022,8
Bunk2_start,5,0x804,504,18,0x190,0x021B,27,SOUND,0x0200,0x0060,24
Bunk2_start,5,0x804,504,19,0x1A8,0x0209,9,RANDOM_WEIGHT,0x0200,0x0050,20
Bunk2_start,5,0x804,504,20,0x1BC,0x021B,27,SOUND,0x0200,0x0060,24
Bunk2_start,5,0x804,504,21,0x1D4,0x0209,9,RANDOM_WEIGHT,0x0200,0x0050,20
Bunk2_start,5,0x804,504,22,0x1E8,0x001D,29,WHILE,0x0000,0x0022,8
Bunk2_start,5,0x804,504,23,0x1F0,0x0005,5,ENDIF,0x0000,0x0022,8
Bunk2_start,6,0x9FC,100,0,0x1C,0x0203,3,ELSEIF,0x0200,0x00A0,40
Bunk2_start,6,0x9FC,100,1,0x44,0x0218,24,PARTICLE_SOURCE,0x0200,0x0080,32
Bunk2_start,7,0xA60,120,0,0x1C,0x0203,3,ELSEIF,0x0200,0x0090,36
Bunk2_start,7,0xA60,120,1,0x40,0x0218,24,PARTICLE_SOURCE,0x0200,0x0080,32
Bunk2_start,7,0xA60,120,2,0x60,0x021B,27,SOUND,0x0200,0x0060,24
Bunk2_start,8,0xAD8,144,0,0x1C,0x0203,3,ELSEIF,0x0200,0x0090,36
Bunk2_start,8,0xAD8,144,1,0x40,0x0218,24,PARTICLE_SOURCE,0x0200,0x0080,32
Bunk2_start,8,0xAD8,144,2,0x60,0x0001,1,QUAD_ALIGN,0x0000,0x0020,8
Bunk2_start,8,0xAD8,144,3,0x68,0x0213,19,OBJECT_MOTION,0x0200,0x00A1,40
Snow1_special,0,0x0,40,0,0x1C,0x021E,30,END_WHILE,0x0200,0x0030,12
Snow1_start,0,0x0,192,0,0x1C,0x0203,3,ELSEIF,0x0200,0x0080,32
Snow1_start,0,0x0,192,1,0x3C,0x0217,23,OBJECT_MOTION_SI_SCRIPT,0x0200,0x0030,12
Snow1_start,0,0x0,192,2,0x48,0x001C,28,LIGHT,0x0000,0x0072,28
Snow1_start,0,0x0,192,3,0x64,0x001D,29,WHILE,0x0000,0x0022,8
Snow1_start,0,0x0,192,4,0x6C,0x0025,37,INVALIDATE_ANIMATION,0x0000,0x0022,8
Snow1_start,0,0x0,192,5,0x74,0x001C,28,LIGHT,0x0000,0x0082,32
Snow1_start,0,0x0,192,6,0x94,0x001D,29,WHILE,0x0000,0x0022,8
Snow1_start,0,0x0,192,7,0x9C,0x0211,17,OBJECT_TRANSLATE_STATE,0x0200,0x0050,20
Snow1_start,0,0x0,192,8,0xB0,0x001C,28,LIGHT,0x0000,0x0022,8
Snow1_start,0,0x0,192,9,0xB8,0x001D,29,WHILE,0x0000,0x0022,8
Snow1_start,1,0xC0,612,0,0x1C,0x0203,3,ELSEIF,0x0200,0x0080,32
Snow1_start,1,0xC0,612,1,0x3C,0x001C,28,LIGHT,0x0000,0x0022,8
Snow1_start,1,0xC0,612,2,0x44,0x0002,2,IF,0x0000,0x0062,24
Snow1_start,1,0xC0,612,3,0x5C,0x0026,38,CALL_SEQUENCE,0x0000,0x0022,8
Snow1_start,1,0xC0,612,4,0x64,0x0218,24,PARTICLE_SOURCE,0x0200,0x0080,32
Snow1_start,1,0xC0,612,5,0x84,0x0208,8,RANGE_TEST,0x0200,0x0050,20
Snow1_start,1,0xC0,612,6,0x98,0x020C,12,ANIM_LOD,0x0200,0x00C0,48
Snow1_start,1,0xC0,612,7,0xC8,0x0209,9,RANDOM_WEIGHT,0x0200,0x0050,20
Snow1_start,1,0xC0,612,8,0xDC,0x0218,24,PARTICLE_SOURCE,0x0200,0x00A0,40
Snow1_start,1,0xC0,612,9,0x104,0x0209,9,RANDOM_WEIGHT,0x0200,0x0050,20
Snow1_start,1,0xC0,612,10,0x118,0x0218,24,PARTICLE_SOURCE,0x0200,0x0080,32
Snow1_start,1,0xC0,612,11,0x138,0x0203,3,ELSEIF,0x0200,0x0070,28
Snow1_start,1,0xC0,612,12,0x154,0x0002,2,IF,0x0000,0x0062,24
Snow1_start,1,0xC0,612,13,0x16C,0x0203,3,ELSEIF,0x0200,0x0080,32
Snow1_start,1,0xC0,612,14,0x18C,0x0002,2,IF,0x0000,0x0102,64
Snow1_start,1,0xC0,612,15,0x1CC,0x0203,3,ELSEIF,0x0200,0x0090,36
Snow1_start,1,0xC0,612,16,0x1F0,0x021A,26,DESTRUCTION_SOURCE,0x0200,0x0080,32
Snow1_start,1,0xC0,612,17,0x210,0x000E,14,WAIT,0x0000,0x0030,12
Snow1_start,1,0xC0,612,18,0x21C,0x0005,5,ENDIF,0x0000,0x0022,8
Snow1_start,1,0xC0,612,19,0x224,0x0005,5,ENDIF,0x0000,0x0022,8
Snow1_start,1,0xC0,612,20,0x22C,0x0218,24,PARTICLE_SOURCE,0x0200,0x0080,32
Snow1_start,1,0xC0,612,21,0x24C,0x0025,37,INVALIDATE_ANIMATION,0x0000,0x0022,8
Snow1_start,1,0xC0,612,22,0x254,0x0005,5,ENDIF,0x0000,0x0022,8
Snow1_start,1,0xC0,612,23,0x25C,0x001D,29,WHILE,0x0000,0x0022,8
Snow1_start,2,0x324,484,0,0x1C,0x0203,3,ELSEIF,0x0200,0x0090,36
Snow1_start,2,0x324,484,1,0x40,0x0218,24,PARTICLE_SOURCE,0x0200,0x0080,32
Snow1_start,2,0x324,484,2,0x60,0x001C,28,LIGHT,0x0000,0x0022,8
Snow1_start,2,0x324,484,3,0x68,0x0208,8,RANGE_TEST,0x0200,0x0050,20
Snow1_start,2,0x324,484,4,0x7C,0x020C,12,ANIM_LOD,0x0200,0x00C0,48
Snow1_start,2,0x324,484,5,0xAC,0x0209,9,RANDOM_WEIGHT,0x0200,0x0050,20
Snow1_start,2,0x324,484,6,0xC0,0x0001,1,QUAD_ALIGN,0x0000,0x0030,12
Snow1_start,2,0x324,484,7,0xCC,0x0213,19,OBJECT_MOTION,0x0200,0x00B1,44
Snow1_start,2,0x324,484,8,0xF8,0x020D,13,LOOP,0x0200,0x0080,32
Snow1_start,2,0x324,484,9,0x118,0x0209,9,RANDOM_WEIGHT,0x0200,0x0050,20
Snow1_start,2,0x324,484,10,0x12C,0x0218,24,PARTICLE_SOURCE,0x0200,0x00A0,40
Snow1_start,2,0x324,484,11,0x154,0x0209,9,RANDOM_WEIGHT,0x0200,0x0050,20
Snow1_start,2,0x324,484,12,0x168,0x0218,24,PARTICLE_SOURCE,0x0200,0x0080,32
Snow1_start,2,0x324,484,13,0x188,0x0208,8,RANGE_TEST,0x0200,0x0050,20
Snow1_start,2,0x324,484,14,0x19C,0x0213,19,OBJECT_MOTION,0x0200,0x00B1,44
Snow1_start,2,0x324,484,15,0x1C8,0x0209,9,RANDOM_WEIGHT,0x0200,0x0050,20
Snow1_start,2,0x324,484,16,0x1DC,0x001D,29,WHILE,0x0000,0x0022,8
Snow1_start,3,0x508,128,0,0x1C,0x0203,3,ELSEIF,0x0200,0x0090,36
Snow1_start,3,0x508,128,1,0x40,0x0218,24,PARTICLE_SOURCE,0x0200,0x0080,32
Snow1_start,3,0x508,128,2,0x60,0x020D,13,LOOP,0x0200,0x0080,32
Snow1_start,4,0x588,456,0,0x1C,0x0203,3,ELSEIF,0x0200,0x0090,36
Snow1_start,4,0x588,456,1,0x40,0x0026,38,CALL_SEQUENCE,0x0000,0x0022,8
Snow1_start,4,0x588,456,2,0x48,0x0218,24,PARTICLE_SOURCE,0x0200,0x0080,32
Snow1_start,4,0x588,456,3,0x68,0x0002,2,IF,0x0000,0x0042,16
Snow1_start,4,0x588,456,4,0x78,0x0208,8,RANGE_TEST,0x0200,0x0050,20
Snow1_start,4,0x588,456,5,0x8C,0x021B,27,SOUND,0x0200,0x0060,24
Snow1_start,4,0x588,456,6,0xA4,0x020C,12,ANIM_LOD,0x0200,0x00C0,48
Snow1_start,4,0x588,456,7,0xD4,0x002E,46,TIMER,0x0000,0x0040,16
Snow1_start,4,0x588,456,8,0xE4,0x001C,28,LIGHT,0x0000,0x0022,8
Snow1_start,4,0x588,456,9,0xEC,0x021B,27,SOUND,0x0200,0x0060,24
Snow1_start,4,0x588,456,10,0x104,0x0209,9,RANDOM_WEIGHT,0x0200,0x0050,20
Snow1_start,4,0x588,456,11,0x118,0x021B,27,SOUND,0x0200,0x0060,24
Snow1_start,4,0x588,456,12,0x130,0x0209,9,RANDOM_WEIGHT,0x0200,0x0050,20
Snow1_start,4,0x588,456,13,0x144,0x001D,29,WHILE,0x0000,0x0022,8
Snow1_start,4,0x588,456,14,0x14C,0x0004,4,ELSE,0x0000,0x0022,8
Snow1_start,4,0x588,456,15,0x154,0x0208,8,RANGE_TEST,0x0200,0x0050,20
Snow1_start,4,0x588,456,16,0x168,0x020C,12,ANIM_LOD,0x0200,0x00C0,48
Snow1_start,4,0x588,456,17,0x198,0x021B,27,SOUND,0x0200,0x0060,24
Snow1_start,4,0x588,456,18,0x1B0,0x002E,46,TIMER,0x0000,0x0040,16
Snow1_start,4,0x588,456,19,0x1C0,0x0005,5,ENDIF,0x0000,0x0022,8
Snow1_start,5,0x750,456,0,0x1C,0x0203,3,ELSEIF,0x0200,0x0090,36
Snow1_start,5,0x750,456,1,0x40,0x0026,38,CALL_SEQUENCE,0x0000,0x0022,8
Snow1_start,5,0x750,456,2,0x48,0x0218,24,PARTICLE_SOURCE,0x0200,0x0080,32
Snow1_start,5,0x750,456,3,0x68,0x0002,2,IF,0x0000,0x0042,16
Snow1_start,5,0x750,456,4,0x78,0x0208,8,RANGE_TEST,0x0200,0x0050,20
Snow1_start,5,0x750,456,5,0x8C,0x021B,27,SOUND,0x0200,0x0060,24
Snow1_start,5,0x750,456,6,0xA4,0x020C,12,ANIM_LOD,0x0200,0x00C0,48
Snow1_start,5,0x750,456,7,0xD4,0x002E,46,TIMER,0x0000,0x0040,16
Snow1_start,5,0x750,456,8,0xE4,0x001C,28,LIGHT,0x0000,0x0022,8
Snow1_start,5,0x750,456,9,0xEC,0x021B,27,SOUND,0x0200,0x0060,24
Snow1_start,5,0x750,456,10,0x104,0x0209,9,RANDOM_WEIGHT,0x0200,0x0050,20
Snow1_start,5,0x750,456,11,0x118,0x021B,27,SOUND,0x0200,0x0060,24
Snow1_start,5,0x750,456,12,0x130,0x0209,9,RANDOM_WEIGHT,0x0200,0x0050,20
Snow1_start,5,0x750,456,13,0x144,0x001D,29,WHILE,0x0000,0x0022,8
Snow1_start,5,0x750,456,14,0x14C,0x0004,4,ELSE,0x0000,0x0022,8
Snow1_start,5,0x750,456,15,0x154,0x0208,8,RANGE_TEST,0x0200,0x0050,20
Snow1_start,5,0x750,456,16,0x168,0x020C,12,ANIM_LOD,0x0200,0x00C0,48
Snow1_start,5,0x750,456,17,0x198,0x021B,27,SOUND,0x0200,0x0060,24
Snow1_start,5,0x750,456,18,0x1B0,0x002E,46,TIMER,0x0000,0x0040,16
Snow1_start,5,0x750,456,19,0x1C0,0x0005,5,ENDIF,0x0000,0x0022,8
Snow1_start,6,0x918,568,0,0x1C,0x0203,3,ELSEIF,0x0200,0x0090,36
Snow1_start,6,0x918,568,1,0x40,0x0026,38,CALL_SEQUENCE,0x0000,0x0022,8
Snow1_start,6,0x918,568,2,0x48,0x0218,24,PARTICLE_SOURCE,0x0200,0x0080,32
Snow1_start,6,0x918,568,3,0x68,0x0002,2,IF,0x0000,0x0062,24
Snow1_start,6,0x918,568,4,0x80,0x020D,13,LOOP,0x0200,0x0080,32
Snow1_start,6,0x918,568,5,0xA0,0x020D,13,LOOP,0x0200,0x0080,32
Snow1_start,6,0x918,568,6,0xC0,0x0002,2,IF,0x0000,0x0042,16
Snow1_start,6,0x918,568,7,0xD0,0x021B,27,SOUND,0x0200,0x0060,24
Snow1_start,6,0x918,568,8,0xE8,0x0212,18,OBJECT_ROTATE_STATE,0x0200,0x0030,12
Snow1_start,6,0x918,568,9,0xF4,0x0003,3,ELSEIF,0x0000,0x0042,16
Snow1_start,6,0x918,568,10,0x104,0x021B,27,SOUND,0x0200,0x0060,24
Snow1_start,6,0x918,568,11,0x11C,0x0212,18,OBJECT_ROTATE_STATE,0x0200,0x0030,12
Snow1_start,6,0x918,568,12,0x128,0x0004,4,ELSE,0x0000,0x0022,8
Snow1_start,6,0x918,568,13,0x130,0x021B,27,SOUND,0x0200,0x0060,24
Snow1_start,6,0x918,568,14,0x148,0x0005,5,ENDIF,0x0000,0x0022,8
Snow1_start,6,0x918,568,15,0x150,0x021B,27,SOUND,0x0200,0x0060,24
Snow1_start,6,0x918,568,16,0x168,0x0003,3,ELSEIF,0x0000,0x0062,24
Snow1_start,6,0x918,568,17,0x180,0x020D,13,LOOP,0x0200,0x0080,32
Snow1_start,6,0x918,568,18,0x1A0,0x0004,4,ELSE,0x0000,0x0022,8
Snow1_start,6,0x918,568,19,0x1A8,0x020D,13,LOOP,0x0200,0x0080,32
Snow1_start,6,0x918,568,20,0x1C8,0x001C,28,LIGHT,0x0000,0x0022,8
Snow1_start,6,0x918,568,21,0x1D0,0x021B,27,SOUND,0x0200,0x0060,24
Snow1_start,6,0x918,568,22,0x1E8,0x0209,9,RANDOM_WEIGHT,0x0200,0x0050,20
Snow1_start,6,0x918,568,23,0x1FC,0x021B,27,SOUND,0x0200,0x0060,24
Snow1_start,6,0x918,568,24,0x214,0x0209,9,RANDOM_WEIGHT,0x0200,0x0050,20
Snow1_start,6,0x918,568,25,0x228,0x001D,29,WHILE,0x0000,0x0022,8
Snow1_start,6,0x918,568,26,0x230,0x0005,5,ENDIF,0x0000,0x0022,8
Snow1_start,7,0xB50,100,0,0x1C,0x0203,3,ELSEIF,0x0200,0x00A0,40
Snow1_start,7,0xB50,100,1,0x44,0x0218,24,PARTICLE_SOURCE,0x0200,0x0080,32
Snow1_start,8,0xBB4,120,0,0x1C,0x0203,3,ELSEIF,0x0200,0x0090,36
Snow1_start,8,0xBB4,120,1,0x40,0x0218,24,PARTICLE_SOURCE,0x0200,0x0080,32
Snow1_start,8,0xBB4,120,2,0x60,0x021B,27,SOUND,0x0200,0x0060,24
Snow1_start,9,0xC2C,140,0,0x1C,0x0203,3,ELSEIF,0x0200,0x0090,36
Snow1_start,9,0xC2C,140,1,0x40,0x0218,24,PARTICLE_SOURCE,0x0200,0x0080,32
Snow1_start,9,0xC2C,140,2,0x60,0x0001,1,QUAD_ALIGN,0x0000,0x0010,4
Snow1_start,9,0xC2C,140,3,0x64,0x0213,19,OBJECT_MOTION,0x0200,0x00A1,40
Snow2_special,0,0x0,40,0,0x1C,0x021E,30,END_WHILE,0x0200,0x0030,12
Snow2_start,0,0x0,184,0,0x1C,0x0203,3,ELSEIF,0x0200,0x0080,32
Snow2_start,0,0x0,184,1,0x3C,0x0217,23,OBJECT_MOTION_SI_SCRIPT,0x0200,0x0030,12
Snow2_start,0,0x0,184,2,0x48,0x001C,28,LIGHT,0x0000,0x0072,28
Snow2_start,0,0x0,184,3,0x64,0x001D,29,WHILE,0x0000,0x0022,8
Snow2_start,0,0x0,184,4,0x6C,0x001C,28,LIGHT,0x0000,0x0082,32
Snow2_start,0,0x0,184,5,0x8C,0x001D,29,WHILE,0x0000,0x0022,8
Snow2_start,0,0x0,184,6,0x94,0x0211,17,OBJECT_TRANSLATE_STATE,0x0200,0x0050,20
Snow2_start,0,0x0,184,7,0xA8,0x001C,28,LIGHT,0x0000,0x0022,8
Snow2_start,0,0x0,184,8,0xB0,0x001D,29,WHILE,0x0000,0x0022,8
Snow2_start,1,0xB8,744,0,0x1C,0x0203,3,ELSEIF,0x0200,0x0090,36
Snow2_start,1,0xB8,744,1,0x40,0x001C,28,LIGHT,0x0000,0x0022,8
Snow2_start,1,0xB8,744,2,0x48,0x0002,2,IF,0x0000,0x0062,24
Snow2_start,1,0xB8,744,3,0x60,0x0026,38,CALL_SEQUENCE,0x0000,0x0022,8
Snow2_start,1,0xB8,744,4,0x68,0x0218,24,PARTICLE_SOURCE,0x0200,0x0080,32
Snow2_start,1,0xB8,744,5,0x88,0x0208,8,RANGE_TEST,0x0200,0x0070,28
Snow2_start,1,0xB8,744,6,0xA4,0x0218,24,PARTICLE_SOURCE,0x0200,0x00A0,40
Snow2_start,1,0xB8,744,7,0xCC,0x0002,2,IF,0x0000,0x0062,24
Snow2_start,1,0xB8,744,8,0xE4,0x0203,3,ELSEIF,0x0200,0x0080,32
Snow2_start,1,0xB8,744,9,0x104,0x0002,2,IF,0x0000,0x00A2,40
Snow2_start,1,0xB8,744,10,0x12C,0x0203,3,ELSEIF,0x0200,0x0090,36
Snow2_start,1,0xB8,744,11,0x150,0x0002,2,IF,0x0000,0x0042,16
Snow2_start,1,0xB8,744,12,0x160,0x021A,26,DESTRUCTION_SOURCE,0x0200,0x0080,32
Snow2_start,1,0xB8,744,13,0x180,0x002E,46,TIMER,0x0000,0x0040,16
Snow2_start,1,0xB8,744,14,0x190,0x0003,3,ELSEIF,0x0000,0x0042,16
Snow2_start,1,0xB8,744,15,0x1A0,0x021A,26,DESTRUCTION_SOURCE,0x0200,0x0080,32
Snow2_start,1,0xB8,744,16,0x1C0,0x002E,46,TIMER,0x0000,0x0040,16
Snow2_start,1,0xB8,744,17,0x1D0,0x0004,4,ELSE,0x0000,0x0022,8
Snow2_start,1,0xB8,744,18,0x1D8,0x021A,26,DESTRUCTION_SOURCE,0x0200,0x0080,32
Snow2_start,1,0xB8,744,19,0x1F8,0x002E,46,TIMER,0x0000,0x0040,16
Snow2_start,1,0xB8,744,20,0x208,0x0005,5,ENDIF,0x0000,0x0022,8
Snow2_start,1,0xB8,744,21,0x210,0x000E,14,WAIT,0x0000,0x0030,12
Snow2_start,1,0xB8,744,22,0x21C,0x0218,24,PARTICLE_SOURCE,0x0200,0x0080,32
Snow2_start,1,0xB8,744,23,0x23C,0x000E,14,WAIT,0x0000,0x0030,12
Snow2_start,1,0xB8,744,24,0x248,0x0213,19,OBJECT_MOTION,0x0200,0x00A1,40
Snow2_start,1,0xB8,744,25,0x270,0x002E,46,TIMER,0x0000,0x0040,16
Snow2_start,1,0xB8,744,26,0x280,0x0005,5,ENDIF,0x0000,0x0022,8
Snow2_start,1,0xB8,744,27,0x288,0x0005,5,ENDIF,0x0000,0x0022,8
Snow2_start,1,0xB8,744,28,0x290,0x000E,14,WAIT,0x0000,0x0030,12
Snow2_start,1,0xB8,744,29,0x29C,0x0001,1,QUAD_ALIGN,0x0000,0x0030,12
Snow2_start,1,0xB8,744,30,0x2A8,0x0213,19,OBJECT_MOTION,0x0200,0x00A1,40
Snow2_start,1,0xB8,744,31,0x2D0,0x0025,37,INVALIDATE_ANIMATION,0x0000,0x0022,8
Snow2_start,1,0xB8,744,32,0x2D8,0x0005,5,ENDIF,0x0000,0x0022,8
Snow2_start,1,0xB8,744,33,0x2E0,0x001D,29,WHILE,0x0000,0x0022,8
Snow2_start,2,0x3A0,1128,0,0x1C,0x0203,3,ELSEIF,0x0200,0x0090,36
Snow2_start,2,0x3A0,1128,1,0x40,0x0218,24,PARTICLE_SOURCE,0x0200,0x0080,32
Snow2_start,2,0x3A0,1128,2,0x60,0x001C,28,LIGHT,0x0000,0x0022,8
Snow2_start,2,0x3A0,1128,3,0x68,0x0208,8,RANGE_TEST,0x0200,0x0050,20
Snow2_start,2,0x3A0,1128,4,0x7C,0x020C,12,ANIM_LOD,0x0200,0x00C0,48
Snow2_start,2,0x3A0,1128,5,0xAC,0x0209,9,RANDOM_WEIGHT,0x0200,0x0050,20
Snow2_start,2,0x3A0,1128,6,0xC0,0x0218,24,PARTICLE_SOURCE,0x0200,0x00A0,40
Snow2_start,2,0x3A0,1128,7,0xE8,0x0002,2,IF,0x0000,0x00C2,48
Snow2_start,2,0x3A0,1128,8,0x118,0x001C,28,LIGHT,0x0000,0x00B2,44
Snow2_start,2,0x3A0,1128,9,0x144,0x001D,29,WHILE,0x0000,0x0022,8
Snow2_start,2,0x3A0,1128,10,0x14C,0x002E,46,TIMER,0x0000,0x0040,16
Snow2_start,2,0x3A0,1128,11,0x15C,0x0209,9,RANDOM_WEIGHT,0x0200,0x0050,20
Snow2_start,2,0x3A0,1128,12,0x170,0x021A,26,DESTRUCTION_SOURCE,0x0200,0x0080,32
Snow2_start,2,0x3A0,1128,13,0x190,0x002E,46,TIMER,0x0000,0x0040,16
Snow2_start,2,0x3A0,1128,14,0x1A0,0x0209,9,RANDOM_WEIGHT,0x0200,0x0050,20
Snow2_start,2,0x3A0,1128,15,0x1B4,0x0002,2,IF,0x0000,0x0062,24
Snow2_start,2,0x3A0,1128,16,0x1CC,0x021A,26,DESTRUCTION_SOURCE,0x0200,0x0080,32
Snow2_start,2,0x3A0,1128,17,0x1EC,0x002E,46,TIMER,0x0000,0x0040,16
Snow2_start,2,0x3A0,1128,18,0x1FC,0x0005,5,ENDIF,0x0000,0x0022,8
Snow2_start,2,0x3A0,1128,19,0x204,0x0209,9,RANDOM_WEIGHT,0x0200,0x0050,20
Snow2_start,2,0x3A0,1128,20,0x218,0x002E,46,TIMER,0x0000,0x0040,16
Snow2_start,2,0x3A0,1128,21,0x228,0x002E,46,TIMER,0x0000,0x0040,16
Snow2_start,2,0x3A0,1128,22,0x238,0x002E,46,TIMER,0x0000,0x0040,16
Snow2_start,2,0x3A0,1128,23,0x248,0x0005,5,ENDIF,0x0000,0x0022,8
Snow2_start,2,0x3A0,1128,24,0x250,0x0209,9,RANDOM_WEIGHT,0x0200,0x0050,20
Snow2_start,2,0x3A0,1128,25,0x264,0x0218,24,PARTICLE_SOURCE,0x0200,0x0080,32
Snow2_start,2,0x3A0,1128,26,0x284,0x0208,8,RANGE_TEST,0x0200,0x0050,20
Snow2_start,2,0x3A0,1128,27,0x298,0x0209,9,RANDOM_WEIGHT,0x0200,0x0050,20
Snow2_start,2,0x3A0,1128,28,0x2AC,0x0208,8,RANGE_TEST,0x0200,0x0050,20
Snow2_start,2,0x3A0,1128,29,0x2C0,0x0209,9,RANDOM_WEIGHT,0x0200,0x0050,20
Snow2_start,2,0x3A0,1128,30,0x2D4,0x0208,8,RANGE_TEST,0x0200,0x0050,20
Snow2_start,2,0x3A0,1128,31,0x2E8,0x0218,24,PARTICLE_SOURCE,0x0200,0x00A0,40
Snow2_start,2,0x3A0,1128,32,0x310,0x0213,19,OBJECT_MOTION,0x0200,0x00A1,40
Snow2_start,2,0x3A0,1128,33,0x338,0x0209,9,RANDOM_WEIGHT,0x0200,0x0050,20
Snow2_start,2,0x3A0,1128,34,0x34C,0x0001,1,QUAD_ALIGN,0x0000,0x0010,4
Snow2_start,2,0x3A0,1128,35,0x350,0x0213,19,OBJECT_MOTION,0x0200,0x00A1,40
Snow2_start,2,0x3A0,1128,36,0x378,0x0209,9,RANDOM_WEIGHT,0x0200,0x0050,20
Snow2_start,2,0x3A0,1128,37,0x38C,0x0001,1,QUAD_ALIGN,0x0000,0x0010,4
Snow2_start,2,0x3A0,1128,38,0x390,0x0213,19,OBJECT_MOTION,0x0200,0x00A1,40
Snow2_start,2,0x3A0,1128,39,0x3B8,0x0209,9,RANDOM_WEIGHT,0x0200,0x0050,20
Snow2_start,2,0x3A0,1128,40,0x3CC,0x0001,1,QUAD_ALIGN,0x0000,0x0010,4
Snow2_start,2,0x3A0,1128,41,0x3D0,0x0213,19,OBJECT_MOTION,0x0200,0x00A1,40
Snow2_start,2,0x3A0,1128,42,0x3F8,0x0218,24,PARTICLE_SOURCE,0x0200,0x0080,32
Snow2_start,2,0x3A0,1128,43,0x418,0x0209,9,RANDOM_WEIGHT,0x0200,0x0050,20
Snow2_start,2,0x3A0,1128,44,0x42C,0x020D,13,LOOP,0x0200,0x0080,32
Snow2_start,2,0x3A0,1128,45,0x44C,0x0209,9,RANDOM_WEIGHT,0x0200,0x0050,20
Snow2_start,2,0x3A0,1128,46,0x460,0x001D,29,WHILE,0x0000,0x0022,8
Snow2_start,3,0x808,128,0,0x1C,0x0203,3,ELSEIF,0x0200,0x0090,36
Snow2_start,3,0x808,128,1,0x40,0x0218,24,PARTICLE_SOURCE,0x0200,0x0080,32
Snow2_start,3,0x808,128,2,0x60,0x020D,13,LOOP,0x0200,0x0080,32
Snow2_start,4,0x888,316,0,0x1C,0x0203,3,ELSEIF,0x0200,0x0090,36
Snow2_start,4,0x888,316,1,0x40,0x0026,38,CALL_SEQUENCE,0x0000,0x0022,8
Snow2_start,4,0x888,316,2,0x48,0x0218,24,PARTICLE_SOURCE,0x0200,0x0080,32
Snow2_start,4,0x888,316,3,0x68,0x0208,8,RANGE_TEST,0x0200,0x0050,20
Snow2_start,4,0x888,316,4,0x7C,0x021B,27,SOUND,0x0200,0x0060,24
Snow2_start,4,0x888,316,5,0x94,0x020C,12,ANIM_LOD,0x0200,0x00C0,48
Snow2_start,4,0x888,316,6,0xC4,0x002E,46,TIMER,0x0000,0x0040,16
Snow2_start,4,0x888,316,7,0xD4,0x001C,28,LIGHT,0x0000,0x0022,8
Snow2_start,4,0x888,316,8,0xDC,0x021B,27,SOUND,0x0200,0x0060,24
Snow2_start,4,0x888,316,9,0xF4,0x0209,9,RANDOM_WEIGHT,0x0200,0x0050,20
Snow2_start,4,0x888,316,10,0x108,0x021B,27,SOUND,0x0200,0x0060,24
Snow2_start,4,0x888,316,11,0x120,0x0209,9,RANDOM_WEIGHT,0x0200,0x0050,20
Snow2_start,4,0x888,316,12,0x134,0x001D,29,WHILE,0x0000,0x0022,8
Snow2_start,5,0x9C4,316,0,0x1C,0x0203,3,ELSEIF,0x0200,0x0090,36
Snow2_start,5,0x9C4,316,1,0x40,0x0026,38,CALL_SEQUENCE,0x0000,0x0022,8
Snow2_start,5,0x9C4,316,2,0x48,0x0218,24,PARTICLE_SOURCE,0x0200,0x0080,32
Snow2_start,5,0x9C4,316,3,0x68,0x0208,8,RANGE_TEST,0x0200,0x0050,20
Snow2_start,5,0x9C4,316,4,0x7C,0x021B,27,SOUND,0x0200,0x0060,24
Snow2_start,5,0x9C4,316,5,0x94,0x020C,12,ANIM_LOD,0x0200,0x00C0,48
Snow2_start,5,0x9C4,316,6,0xC4,0x002E,46,TIMER,0x0000,0x0040,16
Snow2_start,5,0x9C4,316,7,0xD4,0x001C,28,LIGHT,0x0000,0x0022,8
Snow2_start,5,0x9C4,316,8,0xDC,0x021B,27,SOUND,0x0200,0x0060,24
Snow2_start,5,0x9C4,316,9,0xF4,0x0209,9,RANDOM_WEIGHT,0x0200,0x0050,20
Snow2_start,5,0x9C4,316,10,0x108,0x021B,27,SOUND,0x0200,0x0060,24
Snow2_start,5,0x9C4,316,11,0x120,0x0209,9,RANDOM_WEIGHT,0x0200,0x0050,20
Snow2_start,5,0x9C4,316,12,0x134,0x001D,29,WHILE,0x0000,0x0022,8
Snow2_start,6,0xB00,512,0,0x1C,0x0203,3,ELSEIF,0x0200,0x0090,36
Snow2_start,6,0xB00,512,1,0x40,0x0026,38,CALL_SEQUENCE,0x0000,0x0022,8
Snow2_start,6,0xB00,512,2,0x48,0x0218,24,PARTICLE_SOURCE,0x0200,0x0080,32
Snow2_start,6,0xB00,512,3,0x68,0x0002,2,IF,0x0000,0x0062,24
Snow2_start,6,0xB00,512,4,0x80,0x020D,13,LOOP,0x0200,0x0080,32
Snow2_start,6,0xB00,512,5,0xA0,0x020D,13,LOOP,0x0200,0x0080,32
Snow2_start,6,0xB00,512,6,0xC0,0x0002,2,IF,0x0000,0x0042,16
Snow2_start,6,0xB00,512,7,0xD0,0x021B,27,SOUND,0x0200,0x0060,24
Snow2_start,6,0xB00,512,8,0xE8,0x0212,18,OBJECT_ROTATE_STATE,0x0200,0x0030,12
Snow2_start,6,0xB00,512,9,0xF4,0x0003,3,ELSEIF,0x0000,0x0042,16
Snow2_start,6,0xB00,512,10,0x104,0x021B,27,SOUND,0x0200,0x0060,24
Snow2_start,6,0xB00,512,11,0x11C,0x0212,18,OBJECT_ROTATE_STATE,0x0200,0x0030,12
Snow2_start,6,0xB00,512,12,0x128,0x0004,4,ELSE,0x0000,0x0022,8
Snow2_start,6,0xB00,512,13,0x130,0x021B,27,SOUND,0x0200,0x0060,24
Snow2_start,6,0xB00,512,14,0x148,0x0005,5,ENDIF,0x0000,0x0022,8
Snow2_start,6,0xB00,512,15,0x150,0x021B,27,SOUND,0x0200,0x0060,24
Snow2_start,6,0xB00,512,16,0x168,0x0004,4,ELSE,0x0000,0x0022,8
Snow2_start,6,0xB00,512,17,0x170,0x020D,13,LOOP,0x0200,0x0080,32
Snow2_start,6,0xB00,512,18,0x190,0x001C,28,LIGHT,0x0000,0x0022,8
Snow2_start,6,0xB00,512,19,0x198,0x021B,27,SOUND,0x0200,0x0060,24
Snow2_start,6,0xB00,512,20,0x1B0,0x0209,9,RANDOM_WEIGHT,0x0200,0x0050,20
Snow2_start,6,0xB00,512,21,0x1C4,0x021B,27,SOUND,0x0200,0x0060,24
Snow2_start,6,0xB00,512,22,0x1DC,0x0209,9,RANDOM_WEIGHT,0x0200,0x0050,20
Snow2_start,6,0xB00,512,23,0x1F0,0x001D,29,WHILE,0x0000,0x0022,8
Snow2_start,6,0xB00,512,24,0x1F8,0x0005,5,ENDIF,0x0000,0x0022,8
Snow2_start,7,0xD00,100,0,0x1C,0x0203,3,ELSEIF,0x0200,0x00A0,40
Snow2_start,7,0xD00,100,1,0x44,0x0218,24,PARTICLE_SOURCE,0x0200,0x0080,32
Snow2_start,8,0xD64,120,0,0x1C,0x0203,3,ELSEIF,0x0200,0x0090,36
Snow2_start,8,0xD64,120,1,0x40,0x0218,24,PARTICLE_SOURCE,0x0200,0x0080,32
Snow2_start,8,0xD64,120,2,0x60,0x021B,27,SOUND,0x0200,0x0060,24
Snow2_start,9,0xDDC,140,0,0x1C,0x0203,3,ELSEIF,0x0200,0x0090,36
Snow2_start,9,0xDDC,140,1,0x40,0x0218,24,PARTICLE_SOURCE,0x0200,0x0080,32
Snow2_start,9,0xDDC,140,2,0x60,0x0001,1,QUAD_ALIGN,0x0000,0x0010,4
Snow2_start,9,0xDDC,140,3,0x64,0x0213,19,OBJECT_MOTION,0x0200,0x00A1,40
Snow3_special,0,0x0,40,0,0x1C,0x021E,30,END_WHILE,0x0200,0x0030,12
Snow3_start,0,0x0,184,0,0x1C,0x0203,3,ELSEIF,0x0200,0x0080,32
Snow3_start,0,0x0,184,1,0x3C,0x0217,23,OBJECT_MOTION_SI_SCRIPT,0x0200,0x0030,12
Snow3_start,0,0x0,184,2,0x48,0x001C,28,LIGHT,0x0000,0x0072,28
Snow3_start,0,0x0,184,3,0x64,0x001D,29,WHILE,0x0000,0x0022,8
Snow3_start,0,0x0,184,4,0x6C,0x001C,28,LIGHT,0x0000,0x0082,32
Snow3_start,0,0x0,184,5,0x8C,0x001D,29,WHILE,0x0000,0x0022,8
Snow3_start,0,0x0,184,6,0x94,0x0211,17,OBJECT_TRANSLATE_STATE,0x0200,0x0050,20
Snow3_start,0,0x0,184,7,0xA8,0x001C,28,LIGHT,0x0000,0x0022,8
Snow3_start,0,0x0,184,8,0xB0,0x001D,29,WHILE,0x0000,0x0022,8
Snow3_start,1,0xB8,580,0,0x1C,0x0203,3,ELSEIF,0x0200,0x0090,36
Snow3_start,1,0xB8,580,1,0x40,0x001C,28,LIGHT,0x0000,0x0022,8
Snow3_start,1,0xB8,580,2,0x48,0x0002,2,IF,0x0000,0x0062,24
Snow3_start,1,0xB8,580,3,0x60,0x0026,38,CALL_SEQUENCE,0x0000,0x0022,8
Snow3_start,1,0xB8,580,4,0x68,0x0218,24,PARTICLE_SOURCE,0x0200,0x0080,32
Snow3_start,1,0xB8,580,5,0x88,0x0209,9,RANDOM_WEIGHT,0x0200,0x0050,20
Snow3_start,1,0xB8,580,6,0x9C,0x0208,8,RANGE_TEST,0x0200,0x0050,20
Snow3_start,1,0xB8,580,7,0xB0,0x0218,24,PARTICLE_SOURCE,0x0200,0x00A0,40
Snow3_start,1,0xB8,580,8,0xD8,0x0213,19,OBJECT_MOTION,0x0200,0x00A1,40
Snow3_start,1,0xB8,580,9,0x100,0x0209,9,RANDOM_WEIGHT,0x0200,0x0050,20
Snow3_start,1,0xB8,580,10,0x114,0x0001,1,QUAD_ALIGN,0x0000,0x0010,4
Snow3_start,1,0xB8,580,11,0x118,0x0213,19,OBJECT_MOTION,0x0200,0x00A1,40
Snow3_start,1,0xB8,580,12,0x140,0x0209,9,RANDOM_WEIGHT,0x0200,0x0050,20
Snow3_start,1,0xB8,580,13,0x154,0x0001,1,QUAD_ALIGN,0x0000,0x0010,4
Snow3_start,1,0xB8,580,14,0x158,0x0213,19,OBJECT_MOTION,0x0200,0x00A1,40
Snow3_start,1,0xB8,580,15,0x180,0x0209,9,RANDOM_WEIGHT,0x0200,0x0050,20
Snow3_start,1,0xB8,580,16,0x194,0x0001,1,QUAD_ALIGN,0x0000,0x0010,4
Snow3_start,1,0xB8,580,17,0x198,0x0213,19,OBJECT_MOTION,0x0200,0x00A1,40
Snow3_start,1,0xB8,580,18,0x1C0,0x020D,13,LOOP,0x0200,0x0090,36
Snow3_start,1,0xB8,580,19,0x1E4,0x0209,9,RANDOM_WEIGHT,0x0200,0x0050,20
Snow3_start,1,0xB8,580,20,0x1F8,0x0218,24,PARTICLE_SOURCE,0x0200,0x0080,32
Snow3_start,1,0xB8,580,21,0x218,0x0209,9,RANDOM_WEIGHT,0x0200,0x0050,20
Snow3_start,1,0xB8,580,22,0x22C,0x0025,37,INVALIDATE_ANIMATION,0x0000,0x0022,8
Snow3_start,1,0xB8,580,23,0x234,0x0005,5,ENDIF,0x0000,0x0022,8
Snow3_start,1,0xB8,580,24,0x23C,0x001D,29,WHILE,0x0000,0x0022,8
Snow3_start,2,0x2FC,992,0,0x1C,0x0203,3,ELSEIF,0x0200,0x0090,36
Snow3_start,2,0x2FC,992,1,0x40,0x001C,28,LIGHT,0x0000,0x0022,8
Snow3_start,2,0x2FC,992,2,0x48,0x0208,8,RANGE_TEST,0x0200,0x0050,20
Snow3_start,2,0x2FC,992,3,0x5C,0x020C,12,ANIM_LOD,0x0200,0x00C0,48
Snow3_start,2,0x2FC,992,4,0x8C,0x0002,2,IF,0x0000,0x00C2,48
Snow3_start,2,0x2FC,992,5,0xBC,0x001C,28,LIGHT,0x0000,0x00B2,44
Snow3_start,2,0x2FC,992,6,0xE8,0x001D,29,WHILE,0x0000,0x0022,8
Snow3_start,2,0x2FC,992,7,0xF0,0x001C,28,LIGHT,0x0000,0x0082,32
Snow3_start,2,0x2FC,992,8,0x110,0x001D,29,WHILE,0x0000,0x0022,8
Snow3_start,2,0x2FC,992,9,0x118,0x0209,9,RANDOM_WEIGHT,0x0200,0x0050,20
Snow3_start,2,0x2FC,992,10,0x12C,0x0002,2,IF,0x0000,0x0062,24
Snow3_start,2,0x2FC,992,11,0x144,0x021A,26,DESTRUCTION_SOURCE,0x0200,0x0080,32
Snow3_start,2,0x2FC,992,12,0x164,0x002E,46,TIMER,0x0000,0x0040,16
Snow3_start,2,0x2FC,992,13,0x174,0x0005,5,ENDIF,0x0000,0x0022,8
Snow3_start,2,0x2FC,992,14,0x17C,0x0209,9,RANDOM_WEIGHT,0x0200,0x0050,20
Snow3_start,2,0x2FC,992,15,0x190,0x0002,2,IF,0x0000,0x0062,24
Snow3_start,2,0x2FC,992,16,0x1A8,0x021A,26,DESTRUCTION_SOURCE,0x0200,0x0080,32
Snow3_start,2,0x2FC,992,17,0x1C8,0x0005,5,ENDIF,0x0000,0x0022,8
Snow3_start,2,0x2FC,992,18,0x1D0,0x0209,9,RANDOM_WEIGHT,0x0200,0x0050,20
Snow3_start,2,0x2FC,992,19,0x1E4,0x002E,46,TIMER,0x0000,0x0040,16
Snow3_start,2,0x2FC,992,20,0x1F4,0x0005,5,ENDIF,0x0000,0x0022,8
Snow3_start,2,0x2FC,992,21,0x1FC,0x0209,9,RANDOM_WEIGHT,0x0200,0x0050,20
Snow3_start,2,0x2FC,992,22,0x210,0x0218,24,PARTICLE_SOURCE,0x0200,0x00A0,40
Snow3_start,2,0x2FC,992,23,0x238,0x0001,1,QUAD_ALIGN,0x0000,0x0030,12
Snow3_start,2,0x2FC,992,24,0x244,0x0213,19,OBJECT_MOTION,0x0200,0x00A1,40
Snow3_start,2,0x2FC,992,25,0x26C,0x0209,9,RANDOM_WEIGHT,0x0200,0x0050,20
Snow3_start,2,0x2FC,992,26,0x280,0x0001,1,QUAD_ALIGN,0x0000,0x0010,4
Snow3_start,2,0x2FC,992,27,0x284,0x0213,19,OBJECT_MOTION,0x0200,0x00A1,40
Snow3_start,2,0x2FC,992,28,0x2AC,0x0209,9,RANDOM_WEIGHT,0x0200,0x0050,20
Snow3_start,2,0x2FC,992,29,0x2C0,0x0001,1,QUAD_ALIGN,0x0000,0x0010,4
Snow3_start,2,0x2FC,992,30,0x2C4,0x0213,19,OBJECT_MOTION,0x0200,0x00A1,40
Snow3_start,2,0x2FC,992,31,0x2EC,0x0209,9,RANDOM_WEIGHT,0x0200,0x0050,20
Snow3_start,2,0x2FC,992,32,0x300,0x0001,1,QUAD_ALIGN,0x0000,0x0010,4
Snow3_start,2,0x2FC,992,33,0x304,0x0213,19,OBJECT_MOTION,0x0200,0x00A1,40
Snow3_start,2,0x2FC,992,34,0x32C,0x020D,13,LOOP,0x0200,0x0090,36
Snow3_start,2,0x2FC,992,35,0x350,0x0209,9,RANDOM_WEIGHT,0x0200,0x0050,20
Snow3_start,2,0x2FC,992,36,0x364,0x0218,24,PARTICLE_SOURCE,0x0200,0x0080,32
Snow3_start,2,0x2FC,992,37,0x384,0x0209,9,RANDOM_WEIGHT,0x0200,0x0050,20
Snow3_start,2,0x2FC,992,38,0x398,0x0208,8,RANGE_TEST,0x0200,0x0050,20
Snow3_start,2,0x2FC,992,39,0x3AC,0x021B,27,SOUND,0x0200,0x0060,24
Snow3_start,2,0x2FC,992,40,0x3C4,0x0209,9,RANDOM_WEIGHT,0x0200,0x0050,20
Snow3_start,2,0x2FC,992,41,0x3D8,0x001D,29,WHILE,0x0000,0x0022,8
Snow3_start,3,0x6DC,128,0,0x1C,0x0203,3,ELSEIF,0x0200,0x0090,36
Snow3_start,3,0x6DC,128,1,0x40,0x0218,24,PARTICLE_SOURCE,0x0200,0x0080,32
Snow3_start,3,0x6DC,128,2,0x60,0x020D,13,LOOP,0x0200,0x0080,32
Snow3_start,4,0x75C,160,0,0x1C,0x0203,3,ELSEIF,0x0200,0x0090,36
Snow3_start,4,0x75C,160,1,0x40,0x0218,24,PARTICLE_SOURCE,0x0200,0x0080,32
Snow3_start,4,0x75C,160,2,0x60,0x020C,12,ANIM_LOD,0x0200,0x00C0,48
Snow3_start,4,0x75C,160,3,0x90,0x002E,46,TIMER,0x0000,0x0040,16
Snow3_start,5,0x7FC,160,0,0x1C,0x0203,3,ELSEIF,0x0200,0x0090,36
Snow3_start,5,0x7FC,160,1,0x40,0x0218,24,PARTICLE_SOURCE,0x0200,0x0080,32
Snow3_start,5,0x7FC,160,2,0x60,0x020C,12,ANIM_LOD,0x0200,0x00C0,48
Snow3_start,5,0x7FC,160,3,0x90,0x002E,46,TIMER,0x0000,0x0040,16
Snow3_start,6,0x89C,296,0,0x1C,0x0203,3,ELSEIF,0x0200,0x0090,36
Snow3_start,6,0x89C,296,1,0x40,0x0218,24,PARTICLE_SOURCE,0x0200,0x0080,32
Snow3_start,6,0x89C,296,2,0x60,0x0002,2,IF,0x0000,0x0062,24
Snow3_start,6,0x89C,296,3,0x78,0x0218,24,PARTICLE_SOURCE,0x0200,0x0080,32
Snow3_start,6,0x89C,296,4,0x98,0x020C,12,ANIM_LOD,0x0200,0x00C0,48
Snow3_start,6,0x89C,296,5,0xC8,0x0004,4,ELSE,0x0000,0x0022,8
Snow3_start,6,0x89C,296,6,0xD0,0x0218,24,PARTICLE_SOURCE,0x0200,0x0080,32
Snow3_start,6,0x89C,296,7,0xF0,0x020C,12,ANIM_LOD,0x0200,0x00C0,48
Snow3_start,6,0x89C,296,8,0x120,0x0005,5,ENDIF,0x0000,0x0022,8
Snow3_start,7,0x9C4,100,0,0x1C,0x0203,3,ELSEIF,0x0200,0x00A0,40
Snow3_start,7,0x9C4,100,1,0x44,0x0218,24,PARTICLE_SOURCE,0x0200,0x0080,32
Snow3_start,8,0xA28,120,0,0x1C,0x0203,3,ELSEIF,0x0200,0x0090,36
Snow3_start,8,0xA28,120,1,0x40,0x0218,24,PARTICLE_SOURCE,0x0200,0x0080,32
Snow3_start,8,0xA28,120,2,0x60,0x021B,27,SOUND,0x0200,0x0060,24
Snow3_start,9,0xAA0,136,0,0x1C,0x0203,3,ELSEIF,0x0200,0x0090,36
Snow3_start,9,0xAA0,136,1,0x40,0x0218,24,PARTICLE_SOURCE,0x0200,0x0080,32
Snow3_start,9,0xAA0,136,2,0x60,0x0213,19,OBJECT_MOTION,0x0200,0x00A1,40
Snow3_ambient,0,0x0,156,0,0x1C,0x0203,3,ELSEIF,0x0200,0x0090,36
Snow3_ambient,0,0x0,156,1,0x40,0x001C,28,LIGHT,0x0000,0x0022,8
Snow3_ambient,0,0x0,156,2,0x48,0x001C,28,LIGHT,0x0000,0x0062,24
Snow3_ambient,0,0x0,156,3,0x60,0x001D,29,WHILE,0x0000,0x0022,8
Snow3_ambient,0,0x0,156,4,0x68,0x0219,25,CAMERA,0x0200,0x0060,24
Snow3_ambient,0,0x0,156,5,0x80,0x0217,23,OBJECT_MOTION_SI_SCRIPT,0x0200,0x0030,12
Snow3_ambient,0,0x0,156,6,0x8C,0x0026,38,CALL_SEQUENCE,0x0000,0x0022,8
Snow3_ambient,0,0x0,156,7,0x94,0x001D,29,WHILE,0x0000,0x0022,8
Dredge1_special,0,0x0,40,0,0x1C,0x021E,30,END_WHILE,0x0200,0x0030,12
Dredge1_start,0,0x0,184,0,0x1C,0x0203,3,ELSEIF,0x0200,0x0080,32
Dredge1_start,0,0x0,184,1,0x3C,0x0217,23,OBJECT_MOTION_SI_SCRIPT,0x0200,0x0030,12
Dredge1_start,0,0x0,184,2,0x48,0x001C,28,LIGHT,0x0000,0x0072,28
Dredge1_start,0,0x0,184,3,0x64,0x001D,29,WHILE,0x0000,0x0022,8
Dredge1_start,0,0x0,184,4,0x6C,0x001C,28,LIGHT,0x0000,0x0082,32
Dredge1_start,0,0x0,184,5,0x8C,0x001D,29,WHILE,0x0000,0x0022,8
Dredge1_start,0,0x0,184,6,0x94,0x0211,17,OBJECT_TRANSLATE_STATE,0x0200,0x0050,20
Dredge1_start,0,0x0,184,7,0xA8,0x001C,28,LIGHT,0x0000,0x0022,8
Dredge1_start,0,0x0,184,8,0xB0,0x001D,29,WHILE,0x0000,0x0022,8
Dredge1_start,1,0xB8,1564,0,0x1C,0x0203,3,ELSEIF,0x0200,0x0090,36
Dredge1_start,1,0xB8,1564,1,0x40,0x001C,28,LIGHT,0x0000,0x0022,8
Dredge1_start,1,0xB8,1564,2,0x48,0x0208,8,RANGE_TEST,0x0200,0x0050,20
Dredge1_start,1,0xB8,1564,3,0x5C,0x020C,12,ANIM_LOD,0x0200,0x00C0,48
Dredge1_start,1,0xB8,1564,4,0x8C,0x0209,9,RANDOM_WEIGHT,0x0200,0x0050,20
Dredge1_start,1,0xB8,1564,5,0xA0,0x0218,24,PARTICLE_SOURCE,0x0200,0x00A0,40
Dredge1_start,1,0xB8,1564,6,0xC8,0x0213,19,OBJECT_MOTION,0x0200,0x00A1,40
Dredge1_start,1,0xB8,1564,7,0xF0,0x0209,9,RANDOM_WEIGHT,0x0200,0x0050,20
Dredge1_start,1,0xB8,1564,8,0x104,0x0001,1,QUAD_ALIGN,0x0000,0x0010,4
Dredge1_start,1,0xB8,1564,9,0x108,0x0213,19,OBJECT_MOTION,0x0200,0x00A1,40
Dredge1_start,1,0xB8,1564,10,0x130,0x0209,9,RANDOM_WEIGHT,0x0200,0x0050,20
Dredge1_start,1,0xB8,1564,11,0x144,0x0001,1,QUAD_ALIGN,0x0000,0x0010,4
Dredge1_start,1,0xB8,1564,12,0x148,0x0213,19,OBJECT_MOTION,0x0200,0x00A1,40
Dredge1_start,1,0xB8,1564,13,0x170,0x020D,13,LOOP,0x0200,0x0090,36
Dredge1_start,1,0xB8,1564,14,0x194,0x0209,9,RANDOM_WEIGHT,0x0200,0x0050,20
Dredge1_start,1,0xB8,1564,15,0x1A8,0x0218,24,PARTICLE_SOURCE,0x0200,0x0080,32
Dredge1_start,1,0xB8,1564,16,0x1C8,0x0209,9,RANDOM_WEIGHT,0x0200,0x0050,20
Dredge1_start,1,0xB8,1564,17,0x1DC,0x0208,8,RANGE_TEST,0x0200,0x0050,20
Dredge1_start,1,0xB8,1564,18,0x1F0,0x020C,12,ANIM_LOD,0x0200,0x00C0,48
Dredge1_start,1,0xB8,1564,19,0x220,0x0209,9,RANDOM_WEIGHT,0x0200,0x0050,20
Dredge1_start,1,0xB8,1564,20,0x234,0x0208,8,RANGE_TEST,0x0200,0x0050,20
Dredge1_start,1,0xB8,1564,21,0x248,0x020C,12,ANIM_LOD,0x0200,0x00C0,48
Dredge1_start,1,0xB8,1564,22,0x278,0x0209,9,RANDOM_WEIGHT,0x0200,0x0050,20
Dredge1_start,1,0xB8,1564,23,0x28C,0x0218,24,PARTICLE_SOURCE,0x0200,0x00A0,40
Dredge1_start,1,0xB8,1564,24,0x2B4,0x0001,1,QUAD_ALIGN,0x0000,0x0010,4
Dredge1_start,1,0xB8,1564,25,0x2B8,0x0213,19,OBJECT_MOTION,0x0200,0x00A1,40
Dredge1_start,1,0xB8,1564,26,0x2E0,0x0209,9,RANDOM_WEIGHT,0x0200,0x0050,20
Dredge1_start,1,0xB8,1564,27,0x2F4,0x0001,1,QUAD_ALIGN,0x0000,0x0010,4
Dredge1_start,1,0xB8,1564,28,0x2F8,0x0213,19,OBJECT_MOTION,0x0200,0x00A1,40
Dredge1_start,1,0xB8,1564,29,0x320,0x0209,9,RANDOM_WEIGHT,0x0200,0x0050,20
Dredge1_start,1,0xB8,1564,30,0x334,0x0001,1,QUAD_ALIGN,0x0000,0x0010,4
Dredge1_start,1,0xB8,1564,31,0x338,0x0213,19,OBJECT_MOTION,0x0200,0x00A1,40
Dredge1_start,1,0xB8,1564,32,0x360,0x020D,13,LOOP,0x0200,0x0090,36
Dredge1_start,1,0xB8,1564,33,0x384,0x0209,9,RANDOM_WEIGHT,0x0200,0x0050,20
Dredge1_start,1,0xB8,1564,34,0x398,0x0218,24,PARTICLE_SOURCE,0x0200,0x0080,32
Dredge1_start,1,0xB8,1564,35,0x3B8,0x0209,9,RANDOM_WEIGHT,0x0200,0x0050,20
Dredge1_start,1,0xB8,1564,36,0x3CC,0x0208,8,RANGE_TEST,0x0200,0x0050,20
Dredge1_start,1,0xB8,1564,37,0x3E0,0x020C,12,ANIM_LOD,0x0200,0x00C0,48
Dredge1_start,1,0xB8,1564,38,0x410,0x0209,9,RANDOM_WEIGHT,0x0200,0x0050,20
Dredge1_start,1,0xB8,1564,39,0x424,0x0208,8,RANGE_TEST,0x0200,0x0050,20
Dredge1_start,1,0xB8,1564,40,0x438,0x020C,12,ANIM_LOD,0x0200,0x00C0,48
Dredge1_start,1,0xB8,1564,41,0x468,0x0209,9,RANDOM_WEIGHT,0x0200,0x0050,20
Dredge1_start,1,0xB8,1564,42,0x47C,0x0218,24,PARTICLE_SOURCE,0x0200,0x00A0,40
Dredge1_start,1,0xB8,1564,43,0x4A4,0x0001,1,QUAD_ALIGN,0x0000,0x0010,4
Dredge1_start,1,0xB8,1564,44,0x4A8,0x0213,19,OBJECT_MOTION,0x0200,0x00A1,40
Dredge1_start,1,0xB8,1564,45,0x4D0,0x0209,9,RANDOM_WEIGHT,0x0200,0x0050,20
Dredge1_start,1,0xB8,1564,46,0x4E4,0x0001,1,QUAD_ALIGN,0x0000,0x0010,4
Dredge1_start,1,0xB8,1564,47,0x4E8,0x0213,19,OBJECT_MOTION,0x0200,0x00A1,40
Dredge1_start,1,0xB8,1564,48,0x510,0x0209,9,RANDOM_WEIGHT,0x0200,0x0050,20
Dredge1_start,1,0xB8,1564,49,0x524,0x0001,1,QUAD_ALIGN,0x0000,0x0010,4
Dredge1_start,1,0xB8,1564,50,0x528,0x0213,19,OBJECT_MOTION,0x0200,0x00A1,40
Dredge1_start,1,0xB8,1564,51,0x550,0x020D,13,LOOP,0x0200,0x0090,36
Dredge1_start,1,0xB8,1564,52,0x574,0x0209,9,RANDOM_WEIGHT,0x0200,0x0050,20
Dredge1_start,1,0xB8,1564,53,0x588,0x0218,24,PARTICLE_SOURCE,0x0200,0x0080,32
Dredge1_start,1,0xB8,1564,54,0x5A8,0x0209,9,RANDOM_WEIGHT,0x0200,0x0050,20
Dredge1_start,1,0xB8,1564,55,0x5BC,0x0208,8,RANGE_TEST,0x0200,0x0050,20
Dredge1_start,1,0xB8,1564,56,0x5D0,0x020C,12,ANIM_LOD,0x0200,0x00C0,48
Dredge1_start,1,0xB8,1564,57,0x600,0x0209,9,RANDOM_WEIGHT,0x0200,0x0050,20
Dredge1_start,1,0xB8,1564,58,0x614,0x001D,29,WHILE,0x0000,0x0022,8
Dredge1_start,2,0x6D4,128,0,0x1C,0x0203,3,ELSEIF,0x0200,0x0090,36
Dredge1_start,2,0x6D4,128,1,0x40,0x0218,24,PARTICLE_SOURCE,0x0200,0x0080,32
Dredge1_start,2,0x6D4,128,2,0x60,0x020D,13,LOOP,0x0200,0x0080,32
Dredge1_start,3,0x754,640,0,0x1C,0x0203,3,ELSEIF,0x0200,0x0090,36
Dredge1_start,3,0x754,640,1,0x40,0x0218,24,PARTICLE_SOURCE,0x0200,0x0080,32
Dredge1_start,3,0x754,640,2,0x60,0x001C,28,LIGHT,0x0000,0x0022,8
Dredge1_start,3,0x754,640,3,0x68,0x0208,8,RANGE_TEST,0x0200,0x0050,20
Dredge1_start,3,0x754,640,4,0x7C,0x020C,12,ANIM_LOD,0x0200,0x00C0,48
Dredge1_start,3,0x754,640,5,0xAC,0x0209,9,RANDOM_WEIGHT,0x0200,0x0050,20
Dredge1_start,3,0x754,640,6,0xC0,0x0208,8,RANGE_TEST,0x0200,0x0050,20
Dredge1_start,3,0x754,640,7,0xD4,0x020C,12,ANIM_LOD,0x0200,0x00C0,48
Dredge1_start,3,0x754,640,8,0x104,0x0209,9,RANDOM_WEIGHT,0x0200,0x0050,20
Dredge1_start,3,0x754,640,9,0x118,0x0208,8,RANGE_TEST,0x0200,0x0050,20
Dredge1_start,3,0x754,640,10,0x12C,0x020C,12,ANIM_LOD,0x0200,0x00C0,48
Dredge1_start,3,0x754,640,11,0x15C,0x0209,9,RANDOM_WEIGHT,0x0200,0x0050,20
Dredge1_start,3,0x754,640,12,0x170,0x0208,8,RANGE_TEST,0x0200,0x0050,20
Dredge1_start,3,0x754,640,13,0x184,0x020C,12,ANIM_LOD,0x0200,0x00C0,48
Dredge1_start,3,0x754,640,14,0x1B4,0x0209,9,RANDOM_WEIGHT,0x0200,0x0050,20
Dredge1_start,3,0x754,640,15,0x1C8,0x0208,8,RANGE_TEST,0x0200,0x0050,20
Dredge1_start,3,0x754,640,16,0x1DC,0x020C,12,ANIM_LOD,0x0200,0x00C0,48
Dredge1_start,3,0x754,640,17,0x20C,0x0209,9,RANDOM_WEIGHT,0x0200,0x0050,20
Dredge1_start,3,0x754,640,18,0x220,0x0208,8,RANGE_TEST,0x0200,0x0050,20
Dredge1_start,3,0x754,640,19,0x234,0x020C,12,ANIM_LOD,0x0200,0x00C0,48
Dredge1_start,3,0x754,640,20,0x264,0x0209,9,RANDOM_WEIGHT,0x0200,0x0050,20
Dredge1_start,3,0x754,640,21,0x278,0x001D,29,WHILE,0x0000,0x0022,8
Dredge1_start,4,0x9D4,640,0,0x1C,0x0203,3,ELSEIF,0x0200,0x0090,36
Dredge1_start,4,0x9D4,640,1,0x40,0x0218,24,PARTICLE_SOURCE,0x0200,0x0080,32
Dredge1_start,4,0x9D4,640,2,0x60,0x001C,28,LIGHT,0x0000,0x0022,8
Dredge1_start,4,0x9D4,640,3,0x68,0x0208,8,RANGE_TEST,0x0200,0x0050,20
Dredge1_start,4,0x9D4,640,4,0x7C,0x020C,12,ANIM_LOD,0x0200,0x00C0,48
Dredge1_start,4,0x9D4,640,5,0xAC,0x0209,9,RANDOM_WEIGHT,0x0200,0x0050,20
Dredge1_start,4,0x9D4,640,6,0xC0,0x0208,8,RANGE_TEST,0x0200,0x0050,20
Dredge1_start,4,0x9D4,640,7,0xD4,0x020C,12,ANIM_LOD,0x0200,0x00C0,48
Dredge1_start,4,0x9D4,640,8,0x104,0x0209,9,RANDOM_WEIGHT,0x0200,0x0050,20
Dredge1_start,4,0x9D4,640,9,0x118,0x0208,8,RANGE_TEST,0x0200,0x0050,20
Dredge1_start,4,0x9D4,640,10,0x12C,0x020C,12,ANIM_LOD,0x0200,0x00C0,48
Dredge1_start,4,0x9D4,640,11,0x15C,0x0209,9,RANDOM_WEIGHT,0x0200,0x0050,20
Dredge1_start,4,0x9D4,640,12,0x170,0x0208,8,RANGE_TEST,0x0200,0x0050,20
Dredge1_start,4,0x9D4,640,13,0x184,0x020C,12,ANIM_LOD,0x0200,0x00C0,48
Dredge1_start,4,0x9D4,640,14,0x1B4,0x0209,9,RANDOM_WEIGHT,0x0200,0x0050,20
Dredge1_start,4,0x9D4,640,15,0x1C8,0x0208,8,RANGE_TEST,0x0200,0x0050,20
Dredge1_start,4,0x9D4,640,16,0x1DC,0x020C,12,ANIM_LOD,0x0200,0x00C0,48
Dredge1_start,4,0x9D4,640,17,0x20C,0x0209,9,RANDOM_WEIGHT,0x0200,0x0050,20
Dredge1_start,4,0x9D4,640,18,0x220,0x0208,8,RANGE_TEST,0x0200,0x0050,20
Dredge1_start,4,0x9D4,640,19,0x234,0x020C,12,ANIM_LOD,0x0200,0x00C0,48
Dredge1_start,4,0x9D4,640,20,0x264,0x0209,9,RANDOM_WEIGHT,0x0200,0x0050,20
Dredge1_start,4,0x9D4,640,21,0x278,0x001D,29,WHILE,0x0000,0x0022,8
Dredge1_start,5,0xC54,328,0,0x1C,0x0203,3,ELSEIF,0x0200,0x0090,36
Dredge1_start,5,0xC54,328,1,0x40,0x0218,24,PARTICLE_SOURCE,0x0200,0x0080,32
Dredge1_start,5,0xC54,328,2,0x60,0x020D,13,LOOP,0x0200,0x0080,32
Dredge1_start,5,0xC54,328,3,0x80,0x020D,13,LOOP,0x0200,0x0080,32
Dredge1_start,5,0xC54,328,4,0xA0,0x0002,2,IF,0x0000,0x0042,16
Dredge1_start,5,0xC54,328,5,0xB0,0x021B,27,SOUND,0x0200,0x0060,24
Dredge1_start,5,0xC54,328,6,0xC8,0x0212,18,OBJECT_ROTATE_STATE,0x0200,0x0030,12
Dredge1_start,5,0xC54,328,7,0xD4,0x0003,3,ELSEIF,0x0000,0x0042,16
Dredge1_start,5,0xC54,328,8,0xE4,0x021B,27,SOUND,0x0200,0x0060,24
Dredge1_start,5,0xC54,328,9,0xFC,0x0212,18,OBJECT_ROTATE_STATE,0x0200,0x0030,12
Dredge1_start,5,0xC54,328,10,0x108,0x0004,4,ELSE,0x0000,0x0022,8
Dredge1_start,5,0xC54,328,11,0x110,0x021B,27,SOUND,0x0200,0x0060,24
Dredge1_start,5,0xC54,328,12,0x128,0x0005,5,ENDIF,0x0000,0x0022,8
Dredge1_start,5,0xC54,328,13,0x130,0x021B,27,SOUND,0x0200,0x0060,24
Dredge1_start,6,0xD9C,100,0,0x1C,0x0203,3,ELSEIF,0x0200,0x00A0,40
Dredge1_start,6,0xD9C,100,1,0x44,0x0218,24,PARTICLE_SOURCE,0x0200,0x0080,32
Dredge1_start,7,0xE00,120,0,0x1C,0x0203,3,ELSEIF,0x0200,0x0090,36
Dredge1_start,7,0xE00,120,1,0x40,0x0218,24,PARTICLE_SOURCE,0x0200,0x0080,32
Dredge1_start,7,0xE00,120,2,0x60,0x021B,27,SOUND,0x0200,0x0060,24
Dredge1_start,8,0xE78,144,0,0x1C,0x0203,3,ELSEIF,0x0200,0x0090,36
Dredge1_start,8,0xE78,144,1,0x40,0x0218,24,PARTICLE_SOURCE,0x0200,0x0080,32
Dredge1_start,8,0xE78,144,2,0x60,0x0001,1,QUAD_ALIGN,0x0000,0x0020,8
Dredge1_start,8,0xE78,144,3,0x68,0x0213,19,OBJECT_MOTION,0x0200,0x00A1,40
Dredge2_special,0,0x0,40,0,0x1C,0x021E,30,END_WHILE,0x0200,0x0030,12
Dredge2_start,0,0x0,184,0,0x1C,0x0203,3,ELSEIF,0x0200,0x0080,32
Dredge2_start,0,0x0,184,1,0x3C,0x0217,23,OBJECT_MOTION_SI_SCRIPT,0x0200,0x0030,12
Dredge2_start,0,0x0,184,2,0x48,0x001C,28,LIGHT,0x0000,0x0072,28
Dredge2_start,0,0x0,184,3,0x64,0x001D,29,WHILE,0x0000,0x0022,8
Dredge2_start,0,0x0,184,4,0x6C,0x001C,28,LIGHT,0x0000,0x0082,32
Dredge2_start,0,0x0,184,5,0x8C,0x001D,29,WHILE,0x0000,0x0022,8
Dredge2_start,0,0x0,184,6,0x94,0x0211,17,OBJECT_TRANSLATE_STATE,0x0200,0x0050,20
Dredge2_start,0,0x0,184,7,0xA8,0x001C,28,LIGHT,0x0000,0x0022,8
Dredge2_start,0,0x0,184,8,0xB0,0x001D,29,WHILE,0x0000,0x0022,8
Dredge2_start,1,0xB8,516,0,0x1C,0x0203,3,ELSEIF,0x0200,0x0090,36
Dredge2_start,1,0xB8,516,1,0x40,0x001C,28,LIGHT,0x0000,0x0022,8
Dredge2_start,1,0xB8,516,2,0x48,0x0002,2,IF,0x0000,0x00C2,48
Dredge2_start,1,0xB8,516,3,0x78,0x0218,24,PARTICLE_SOURCE,0x0200,0x0080,32
Dredge2_start,1,0xB8,516,4,0x98,0x0026,38,CALL_SEQUENCE,0x0000,0x0022,8
Dredge2_start,1,0xB8,516,5,0xA0,0x0208,8,RANGE_TEST,0x0200,0x0070,28
Dredge2_start,1,0xB8,516,6,0xBC,0x020C,12,ANIM_LOD,0x0200,0x00C0,48
Dredge2_start,1,0xB8,516,7,0xEC,0x0002,2,IF,0x0000,0x0062,24
Dredge2_start,1,0xB8,516,8,0x104,0x0201,1,QUAD_ALIGN,0x0200,0x0040,16
Dredge2_start,1,0xB8,516,9,0x114,0x0209,9,RANDOM_WEIGHT,0x0200,0x0050,20
Dredge2_start,1,0xB8,516,10,0x128,0x0208,8,RANGE_TEST,0x0200,0x0070,28
Dredge2_start,1,0xB8,516,11,0x144,0x0003,3,ELSEIF,0x0000,0x0062,24
Dredge2_start,1,0xB8,516,12,0x15C,0x001A,26,DESTRUCTION_SOURCE,0x0000,0x0082,32
Dredge2_start,1,0xB8,516,13,0x17C,0x0208,8,RANGE_TEST,0x0200,0x0070,28
Dredge2_start,1,0xB8,516,14,0x198,0x0205,5,ENDIF,0x0200,0x0090,36
Dredge2_start,1,0xB8,516,15,0x1BC,0x001A,26,DESTRUCTION_SOURCE,0x0000,0x0082,32
Dredge2_start,1,0xB8,516,16,0x1DC,0x0005,5,ENDIF,0x0000,0x0022,8
Dredge2_start,1,0xB8,516,17,0x1E4,0x0025,37,INVALIDATE_ANIMATION,0x0000,0x0022,8
Dredge2_start,1,0xB8,516,18,0x1EC,0x0026,38,CALL_SEQUENCE,0x0000,0x0022,8
Dredge2_start,1,0xB8,516,19,0x1F4,0x0005,5,ENDIF,0x0000,0x0022,8
Dredge2_start,1,0xB8,516,20,0x1FC,0x001D,29,WHILE,0x0000,0x0022,8
Dredge2_start,2,0x2BC,1480,0,0x1C,0x0203,3,ELSEIF,0x0200,0x0090,36
Dredge2_start,2,0x2BC,1480,1,0x40,0x001C,28,LIGHT,0x0000,0x0022,8
Dredge2_start,2,0x2BC,1480,2,0x48,0x0208,8,RANGE_TEST,0x0200,0x0050,20
Dredge2_start,2,0x2BC,1480,3,0x5C,0x0209,9,RANDOM_WEIGHT,0x0200,0x0050,20
Dredge2_start,2,0x2BC,1480,4,0x70,0x0218,24,PARTICLE_SOURCE,0x0200,0x00A0,40
Dredge2_start,2,0x2BC,1480,5,0x98,0x0001,1,QUAD_ALIGN,0x0000,0x0030,12
Dredge2_start,2,0x2BC,1480,6,0xA4,0x0213,19,OBJECT_MOTION,0x0200,0x00A1,40
Dredge2_start,2,0x2BC,1480,7,0xCC,0x0209,9,RANDOM_WEIGHT,0x0200,0x0050,20
Dredge2_start,2,0x2BC,1480,8,0xE0,0x0001,1,QUAD_ALIGN,0x0000,0x0010,4
Dredge2_start,2,0x2BC,1480,9,0xE4,0x0213,19,OBJECT_MOTION,0x0200,0x00A1,40
Dredge2_start,2,0x2BC,1480,10,0x10C,0x0209,9,RANDOM_WEIGHT,0x0200,0x0050,20
Dredge2_start,2,0x2BC,1480,11,0x120,0x0001,1,QUAD_ALIGN,0x0000,0x0010,4
Dredge2_start,2,0x2BC,1480,12,0x124,0x0213,19,OBJECT_MOTION,0x0200,0x00A1,40
Dredge2_start,2,0x2BC,1480,13,0x14C,0x020D,13,LOOP,0x0200,0x0090,36
Dredge2_start,2,0x2BC,1480,14,0x170,0x0209,9,RANDOM_WEIGHT,0x0200,0x0050,20
Dredge2_start,2,0x2BC,1480,15,0x184,0x0218,24,PARTICLE_SOURCE,0x0200,0x0080,32
Dredge2_start,2,0x2BC,1480,16,0x1A4,0x0209,9,RANDOM_WEIGHT,0x0200,0x0050,20
Dredge2_start,2,0x2BC,1480,17,0x1B8,0x0208,8,RANGE_TEST,0x0200,0x0050,20
Dredge2_start,2,0x2BC,1480,18,0x1CC,0x0209,9,RANDOM_WEIGHT,0x0200,0x0050,20
Dredge2_start,2,0x2BC,1480,19,0x1E0,0x0208,8,RANGE_TEST,0x0200,0x0050,20
Dredge2_start,2,0x2BC,1480,20,0x1F4,0x020C,12,ANIM_LOD,0x0200,0x00C0,48
Dredge2_start,2,0x2BC,1480,21,0x224,0x0209,9,RANDOM_WEIGHT,0x0200,0x0050,20
Dredge2_start,2,0x2BC,1480,22,0x238,0x0218,24,PARTICLE_SOURCE,0x0200,0x00A0,40
Dredge2_start,2,0x2BC,1480,23,0x260,0x0001,1,QUAD_ALIGN,0x0000,0x0010,4
Dredge2_start,2,0x2BC,1480,24,0x264,0x0213,19,OBJECT_MOTION,0x0200,0x00A1,40
Dredge2_start,2,0x2BC,1480,25,0x28C,0x0209,9,RANDOM_WEIGHT,0x0200,0x0050,20
Dredge2_start,2,0x2BC,1480,26,0x2A0,0x0001,1,QUAD_ALIGN,0x0000,0x0010,4
Dredge2_start,2,0x2BC,1480,27,0x2A4,0x0213,19,OBJECT_MOTION,0x0200,0x00A1,40
Dredge2_start,2,0x2BC,1480,28,0x2CC,0x0209,9,RANDOM_WEIGHT,0x0200,0x0050,20
Dredge2_start,2,0x2BC,1480,29,0x2E0,0x0001,1,QUAD_ALIGN,0x0000,0x0010,4
Dredge2_start,2,0x2BC,1480,30,0x2E4,0x0213,19,OBJECT_MOTION,0x0200,0x00A1,40
Dredge2_start,2,0x2BC,1480,31,0x30C,0x020D,13,LOOP,0x0200,0x0090,36
Dredge2_start,2,0x2BC,1480,32,0x330,0x0209,9,RANDOM_WEIGHT,0x0200,0x0050,20
Dredge2_start,2,0x2BC,1480,33,0x344,0x0218,24,PARTICLE_SOURCE,0x0200,0x0080,32
Dredge2_start,2,0x2BC,1480,34,0x364,0x0209,9,RANDOM_WEIGHT,0x0200,0x0050,20
Dredge2_start,2,0x2BC,1480,35,0x378,0x0208,8,RANGE_TEST,0x0200,0x0050,20
Dredge2_start,2,0x2BC,1480,36,0x38C,0x020C,12,ANIM_LOD,0x0200,0x00C0,48
Dredge2_start,2,0x2BC,1480,37,0x3BC,0x0209,9,RANDOM_WEIGHT,0x0200,0x0050,20
Dredge2_start,2,0x2BC,1480,38,0x3D0,0x0208,8,RANGE_TEST,0x0200,0x0050,20
Dredge2_start,2,0x2BC,1480,39,0x3E4,0x020C,12,ANIM_LOD,0x0200,0x00C0,48
Dredge2_start,2,0x2BC,1480,40,0x414,0x0209,9,RANDOM_WEIGHT,0x0200,0x0050,20
Dredge2_start,2,0x2BC,1480,41,0x428,0x0218,24,PARTICLE_SOURCE,0x0200,0x00A0,40
Dredge2_start,2,0x2BC,1480,42,0x450,0x0001,1,QUAD_ALIGN,0x0000,0x0010,4
Dredge2_start,2,0x2BC,1480,43,0x454,0x0213,19,OBJECT_MOTION,0x0200,0x00A1,40
Dredge2_start,2,0x2BC,1480,44,0x47C,0x0209,9,RANDOM_WEIGHT,0x0200,0x0050,20
Dredge2_start,2,0x2BC,1480,45,0x490,0x0001,1,QUAD_ALIGN,0x0000,0x0010,4
Dredge2_start,2,0x2BC,1480,46,0x494,0x0213,19,OBJECT_MOTION,0x0200,0x00A1,40
Dredge2_start,2,0x2BC,1480,47,0x4BC,0x0209,9,RANDOM_WEIGHT,0x0200,0x0050,20
Dredge2_start,2,0x2BC,1480,48,0x4D0,0x0001,1,QUAD_ALIGN,0x0000,0x0010,4
Dredge2_start,2,0x2BC,1480,49,0x4D4,0x0213,19,OBJECT_MOTION,0x0200,0x00A1,40
Dredge2_start,2,0x2BC,1480,50,0x4FC,0x020D,13,LOOP,0x0200,0x0090,36
Dredge2_start,2,0x2BC,1480,51,0x520,0x0209,9,RANDOM_WEIGHT,0x0200,0x0050,20
Dredge2_start,2,0x2BC,1480,52,0x534,0x0218,24,PARTICLE_SOURCE,0x0200,0x0080,32
Dredge2_start,2,0x2BC,1480,53,0x554,0x0209,9,RANDOM_WEIGHT,0x0200,0x0050,20
Dredge2_start,2,0x2BC,1480,54,0x568,0x0208,8,RANGE_TEST,0x0200,0x0050,20
Dredge2_start,2,0x2BC,1480,55,0x57C,0x020C,12,ANIM_LOD,0x0200,0x00C0,48
Dredge2_start,2,0x2BC,1480,56,0x5AC,0x0209,9,RANDOM_WEIGHT,0x0200,0x0050,20
Dredge2_start,2,0x2BC,1480,57,0x5C0,0x001D,29,WHILE,0x0000,0x0022,8
Dredge2_start,3,0x884,128,0,0x1C,0x0203,3,ELSEIF,0x0200,0x0090,36
Dredge2_start,3,0x884,128,1,0x40,0x0218,24,PARTICLE_SOURCE,0x0200,0x0080,32
Dredge2_start,3,0x884,128,2,0x60,0x020D,13,LOOP,0x0200,0x0080,32
Dredge2_start,4,0x904,496,0,0x1C,0x0203,3,ELSEIF,0x0200,0x0090,36
Dredge2_start,4,0x904,496,1,0x40,0x0218,24,PARTICLE_SOURCE,0x0200,0x0080,32
Dredge2_start,4,0x904,496,2,0x60,0x001C,28,LIGHT,0x0000,0x0022,8
Dredge2_start,4,0x904,496,3,0x68,0x0208,8,RANGE_TEST,0x0200,0x0050,20
Dredge2_start,4,0x904,496,4,0x7C,0x0209,9,RANDOM_WEIGHT,0x0200,0x0050,20
Dredge2_start,4,0x904,496,5,0x90,0x0208,8,RANGE_TEST,0x0200,0x0050,20
Dredge2_start,4,0x904,496,6,0xA4,0x0209,9,RANDOM_WEIGHT,0x0200,0x0050,20
Dredge2_start,4,0x904,496,7,0xB8,0x0208,8,RANGE_TEST,0x0200,0x0050,20
Dredge2_start,4,0x904,496,8,0xCC,0x020C,12,ANIM_LOD,0x0200,0x00C0,48
Dredge2_start,4,0x904,496,9,0xFC,0x0209,9,RANDOM_WEIGHT,0x0200,0x0050,20
Dredge2_start,4,0x904,496,10,0x110,0x0208,8,RANGE_TEST,0x0200,0x0050,20
Dredge2_start,4,0x904,496,11,0x124,0x020C,12,ANIM_LOD,0x0200,0x00C0,48
Dredge2_start,4,0x904,496,12,0x154,0x0209,9,RANDOM_WEIGHT,0x0200,0x0050,20
Dredge2_start,4,0x904,496,13,0x168,0x0208,8,RANGE_TEST,0x0200,0x0050,20
Dredge2_start,4,0x904,496,14,0x17C,0x020C,12,ANIM_LOD,0x0200,0x00C0,48
Dredge2_start,4,0x904,496,15,0x1AC,0x0209,9,RANDOM_WEIGHT,0x0200,0x0050,20
Dredge2_start,4,0x904,496,16,0x1C0,0x0208,8,RANGE_TEST,0x0200,0x0050,20
Dredge2_start,4,0x904,496,17,0x1D4,0x0209,9,RANDOM_WEIGHT,0x0200,0x0050,20
Dredge2_start,4,0x904,496,18,0x1E8,0x001D,29,WHILE,0x0000,0x0022,8
Dredge2_start,5,0xAF4,496,0,0x1C,0x0203,3,ELSEIF,0x0200,0x0090,36
Dredge2_start,5,0xAF4,496,1,0x40,0x0218,24,PARTICLE_SOURCE,0x0200,0x0080,32
Dredge2_start,5,0xAF4,496,2,0x60,0x001C,28,LIGHT,0x0000,0x0022,8
Dredge2_start,5,0xAF4,496,3,0x68,0x0208,8,RANGE_TEST,0x0200,0x0050,20
Dredge2_start,5,0xAF4,496,4,0x7C,0x0209,9,RANDOM_WEIGHT,0x0200,0x0050,20
Dredge2_start,5,0xAF4,496,5,0x90,0x0208,8,RANGE_TEST,0x0200,0x0050,20
Dredge2_start,5,0xAF4,496,6,0xA4,0x0209,9,RANDOM_WEIGHT,0x0200,0x0050,20
Dredge2_start,5,0xAF4,496,7,0xB8,0x0208,8,RANGE_TEST,0x0200,0x0050,20
Dredge2_start,5,0xAF4,496,8,0xCC,0x020C,12,ANIM_LOD,0x0200,0x00C0,48
Dredge2_start,5,0xAF4,496,9,0xFC,0x0209,9,RANDOM_WEIGHT,0x0200,0x0050,20
Dredge2_start,5,0xAF4,496,10,0x110,0x0208,8,RANGE_TEST,0x0200,0x0050,20
Dredge2_start,5,0xAF4,496,11,0x124,0x020C,12,ANIM_LOD,0x0200,0x00C0,48
Dredge2_start,5,0xAF4,496,12,0x154,0x0209,9,RANDOM_WEIGHT,0x0200,0x0050,20
Dredge2_start,5,0xAF4,496,13,0x168,0x0208,8,RANGE_TEST,0x0200,0x0050,20
Dredge2_start,5,0xAF4,496,14,0x17C,0x020C,12,ANIM_LOD,0x0200,0x00C0,48
Dredge2_start,5,0xAF4,496,15,0x1AC,0x0209,9,RANDOM_WEIGHT,0x0200,0x0050,20
Dredge2_start,5,0xAF4,496,16,0x1C0,0x0208,8,RANGE_TEST,0x0200,0x0050,20
Dredge2_start,5,0xAF4,496,17,0x1D4,0x0209,9,RANDOM_WEIGHT,0x0200,0x0050,20
Dredge2_start,5,0xAF4,496,18,0x1E8,0x001D,29,WHILE,0x0000,0x0022,8
Dredge2_start,6,0xCE4,328,0,0x1C,0x0203,3,ELSEIF,0x0200,0x0090,36
Dredge2_start,6,0xCE4,328,1,0x40,0x0218,24,PARTICLE_SOURCE,0x0200,0x0080,32
Dredge2_start,6,0xCE4,328,2,0x60,0x020D,13,LOOP,0x0200,0x0080,32
Dredge2_start,6,0xCE4,328,3,0x80,0x020D,13,LOOP,0x0200,0x0080,32
Dredge2_start,6,0xCE4,328,4,0xA0,0x0002,2,IF,0x0000,0x0042,16
Dredge2_start,6,0xCE4,328,5,0xB0,0x021B,27,SOUND,0x0200,0x0060,24
Dredge2_start,6,0xCE4,328,6,0xC8,0x0212,18,OBJECT_ROTATE_STATE,0x0200,0x0030,12
Dredge2_start,6,0xCE4,328,7,0xD4,0x0003,3,ELSEIF,0x0000,0x0042,16
Dredge2_start,6,0xCE4,328,8,0xE4,0x021B,27,SOUND,0x0200,0x0060,24
Dredge2_start,6,0xCE4,328,9,0xFC,0x0212,18,OBJECT_ROTATE_STATE,0x0200,0x0030,12
Dredge2_start,6,0xCE4,328,10,0x108,0x0004,4,ELSE,0x0000,0x0022,8
Dredge2_start,6,0xCE4,328,11,0x110,0x021B,27,SOUND,0x0200,0x0060,24
Dredge2_start,6,0xCE4,328,12,0x128,0x0005,5,ENDIF,0x0000,0x0022,8
Dredge2_start,6,0xCE4,328,13,0x130,0x021B,27,SOUND,0x0200,0x0060,24
Dredge2_start,7,0xE2C,100,0,0x1C,0x0203,3,ELSEIF,0x0200,0x00A0,40
Dredge2_start,7,0xE2C,100,1,0x44,0x0218,24,PARTICLE_SOURCE,0x0200,0x0080,32
Dredge2_start,8,0xE90,120,0,0x1C,0x0203,3,ELSEIF,0x0200,0x0090,36
Dredge2_start,8,0xE90,120,1,0x40,0x0218,24,PARTICLE_SOURCE,0x0200,0x0080,32
Dredge2_start,8,0xE90,120,2,0x60,0x021B,27,SOUND,0x0200,0x0060,24
Dredge2_start,9,0xF08,144,0,0x1C,0x0203,3,ELSEIF,0x0200,0x0090,36
Dredge2_start,9,0xF08,144,1,0x40,0x0218,24,PARTICLE_SOURCE,0x0200,0x0080,32
Dredge2_start,9,0xF08,144,2,0x60,0x0001,1,QUAD_ALIGN,0x0000,0x0020,8
Dredge2_start,9,0xF08,144,3,0x68,0x0213,19,OBJECT_MOTION,0x0200,0x00A1,40
Leader_special,0,0x0,40,0,0x1C,0x021E,30,END_WHILE,0x0200,0x0030,12
Leader_start,0,0x0,184,0,0x1C,0x0203,3,ELSEIF,0x0200,0x0080,32
Leader_start,0,0x0,184,1,0x3C,0x0217,23,OBJECT_MOTION_SI_SCRIPT,0x0200,0x0030,12
Leader_start,0,0x0,184,2,0x48,0x001C,28,LIGHT,0x0000,0x0072,28
Leader_start,0,0x0,184,3,0x64,0x001D,29,WHILE,0x0000,0x0022,8
Leader_start,0,0x0,184,4,0x6C,0x001C,28,LIGHT,0x0000,0x0082,32
Leader_start,0,0x0,184,5,0x8C,0x001D,29,WHILE,0x0000,0x0022,8
Leader_start,0,0x0,184,6,0x94,0x0211,17,OBJECT_TRANSLATE_STATE,0x0200,0x0050,20
Leader_start,0,0x0,184,7,0xA8,0x001C,28,LIGHT,0x0000,0x0022,8
Leader_start,0,0x0,184,8,0xB0,0x001D,29,WHILE,0x0000,0x0022,8
Leader_start,1,0xB8,668,0,0x1C,0x0203,3,ELSEIF,0x0200,0x0090,36
Leader_start,1,0xB8,668,1,0x40,0x001C,28,LIGHT,0x0000,0x0022,8
Leader_start,1,0xB8,668,2,0x48,0x0208,8,RANGE_TEST,0x0200,0x0050,20
Leader_start,1,0xB8,668,3,0x5C,0x0209,9,RANDOM_WEIGHT,0x0200,0x0050,20
Leader_start,1,0xB8,668,4,0x70,0x0208,8,RANGE_TEST,0x0200,0x0050,20
Leader_start,1,0xB8,668,5,0x84,0x0209,9,RANDOM_WEIGHT,0x0200,0x0050,20
Leader_start,1,0xB8,668,6,0x98,0x0213,19,OBJECT_MOTION,0x0200,0x00B1,44
Leader_start,1,0xB8,668,7,0xC4,0x0209,9,RANDOM_WEIGHT,0x0200,0x0050,20
Leader_start,1,0xB8,668,8,0xD8,0x0208,8,RANGE_TEST,0x0200,0x0050,20
Leader_start,1,0xB8,668,9,0xEC,0x020C,12,ANIM_LOD,0x0200,0x00C0,48
Leader_start,1,0xB8,668,10,0x11C,0x0209,9,RANDOM_WEIGHT,0x0200,0x0050,20
Leader_start,1,0xB8,668,11,0x130,0x0218,24,PARTICLE_SOURCE,0x0200,0x00A0,40
Leader_start,1,0xB8,668,12,0x158,0x0213,19,OBJECT_MOTION,0x0200,0x00A1,40
Leader_start,1,0xB8,668,13,0x180,0x0209,9,RANDOM_WEIGHT,0x0200,0x0050,20
Leader_start,1,0xB8,668,14,0x194,0x0001,1,QUAD_ALIGN,0x0000,0x0010,4
Leader_start,1,0xB8,668,15,0x198,0x0213,19,OBJECT_MOTION,0x0200,0x00A1,40
Leader_start,1,0xB8,668,16,0x1C0,0x0209,9,RANDOM_WEIGHT,0x0200,0x0050,20
Leader_start,1,0xB8,668,17,0x1D4,0x0001,1,QUAD_ALIGN,0x0000,0x0010,4
Leader_start,1,0xB8,668,18,0x1D8,0x0213,19,OBJECT_MOTION,0x0200,0x00A1,40
Leader_start,1,0xB8,668,19,0x200,0x020D,13,LOOP,0x0200,0x0090,36
Leader_start,1,0xB8,668,20,0x224,0x0209,9,RANDOM_WEIGHT,0x0200,0x0050,20
Leader_start,1,0xB8,668,21,0x238,0x0218,24,PARTICLE_SOURCE,0x0200,0x0080,32
Leader_start,1,0xB8,668,22,0x258,0x0209,9,RANDOM_WEIGHT,0x0200,0x0050,20
Leader_start,1,0xB8,668,23,0x26C,0x0208,8,RANGE_TEST,0x0200,0x0050,20
Leader_start,1,0xB8,668,24,0x280,0x0209,9,RANDOM_WEIGHT,0x0200,0x0050,20
Leader_start,1,0xB8,668,25,0x294,0x001D,29,WHILE,0x0000,0x0022,8
Leader_start,2,0x354,128,0,0x1C,0x0203,3,ELSEIF,0x0200,0x0090,36
Leader_start,2,0x354,128,1,0x40,0x0218,24,PARTICLE_SOURCE,0x0200,0x0080,32
Leader_start,2,0x354,128,2,0x60,0x021A,26,DESTRUCTION_SOURCE,0x0200,0x0080,32
Leader_start,3,0x3D4,436,0,0x1C,0x0203,3,ELSEIF,0x0200,0x0090,36
Leader_start,3,0x3D4,436,1,0x40,0x0218,24,PARTICLE_SOURCE,0x0200,0x0080,32
Leader_start,3,0x3D4,436,2,0x60,0x001C,28,LIGHT,0x0000,0x0022,8
Leader_start,3,0x3D4,436,3,0x68,0x0002,2,IF,0x0000,0x00C2,48
Leader_start,3,0x3D4,436,4,0x98,0x000E,14,WAIT,0x0000,0x0030,12
Leader_start,3,0x3D4,436,5,0xA4,0x0219,25,CAMERA,0x0200,0x0040,16
Leader_start,3,0x3D4,436,6,0xB4,0x0002,2,IF,0x0000,0x0062,24
Leader_start,3,0x3D4,436,7,0xCC,0x0020,32,BREAK,0x0000,0x0062,24
Leader_start,3,0x3D4,436,8,0xE4,0x002E,46,TIMER,0x0000,0x0040,16
Leader_start,3,0x3D4,436,9,0xF4,0x0005,5,ENDIF,0x0000,0x0022,8
Leader_start,3,0x3D4,436,10,0xFC,0x0208,8,RANGE_TEST,0x0200,0x0050,20
Leader_start,3,0x3D4,436,11,0x110,0x020C,12,ANIM_LOD,0x0200,0x00C0,48
Leader_start,3,0x3D4,436,12,0x140,0x0025,37,INVALIDATE_ANIMATION,0x0000,0x0022,8
Leader_start,3,0x3D4,436,13,0x148,0x0025,37,INVALIDATE_ANIMATION,0x0000,0x0022,8
Leader_start,3,0x3D4,436,14,0x150,0x0219,25,CAMERA,0x0200,0x0040,16
Leader_start,3,0x3D4,436,15,0x160,0x0004,4,ELSE,0x0000,0x0022,8
Leader_start,3,0x3D4,436,16,0x168,0x020C,12,ANIM_LOD,0x0200,0x00C0,48
Leader_start,3,0x3D4,436,17,0x198,0x0005,5,ENDIF,0x0000,0x0022,8
Leader_start,3,0x3D4,436,18,0x1A0,0x000E,14,WAIT,0x0000,0x0030,12
Leader_start,3,0x3D4,436,19,0x1AC,0x001D,29,WHILE,0x0000,0x0022,8
Leader_start,4,0x588,436,0,0x1C,0x0203,3,ELSEIF,0x0200,0x0090,36
Leader_start,4,0x588,436,1,0x40,0x0218,24,PARTICLE_SOURCE,0x0200,0x0080,32
Leader_start,4,0x588,436,2,0x60,0x001C,28,LIGHT,0x0000,0x0022,8
Leader_start,4,0x588,436,3,0x68,0x0002,2,IF,0x0000,0x00C2,48
Leader_start,4,0x588,436,4,0x98,0x000E,14,WAIT,0x0000,0x0030,12
Leader_start,4,0x588,436,5,0xA4,0x0219,25,CAMERA,0x0200,0x0040,16
Leader_start,4,0x588,436,6,0xB4,0x0002,2,IF,0x0000,0x0062,24
Leader_start,4,0x588,436,7,0xCC,0x0020,32,BREAK,0x0000,0x0062,24
Leader_start,4,0x588,436,8,0xE4,0x002E,46,TIMER,0x0000,0x0040,16
Leader_start,4,0x588,436,9,0xF4,0x0005,5,ENDIF,0x0000,0x0022,8
Leader_start,4,0x588,436,10,0xFC,0x0208,8,RANGE_TEST,0x0200,0x0050,20
Leader_start,4,0x588,436,11,0x110,0x020C,12,ANIM_LOD,0x0200,0x00C0,48
Leader_start,4,0x588,436,12,0x140,0x0219,25,CAMERA,0x0200,0x0040,16
Leader_start,4,0x588,436,13,0x150,0x0025,37,INVALIDATE_ANIMATION,0x0000,0x0022,8
Leader_start,4,0x588,436,14,0x158,0x0025,37,INVALIDATE_ANIMATION,0x0000,0x0022,8
Leader_start,4,0x588,436,15,0x160,0x0004,4,ELSE,0x0000,0x0022,8
Leader_start,4,0x588,436,16,0x168,0x020C,12,ANIM_LOD,0x0200,0x00C0,48
Leader_start,4,0x588,436,17,0x198,0x0005,5,ENDIF,0x0000,0x0022,8
Leader_start,4,0x588,436,18,0x1A0,0x000E,14,WAIT,0x0000,0x0030,12
Leader_start,4,0x588,436,19,0x1AC,0x001D,29,WHILE,0x0000,0x0022,8
Leader_start,5,0x73C,160,0,0x1C,0x0203,3,ELSEIF,0x0200,0x0090,36
Leader_start,5,0x73C,160,1,0x40,0x0218,24,PARTICLE_SOURCE,0x0200,0x0080,32
Leader_start,5,0x73C,160,2,0x60,0x020D,13,LOOP,0x0200,0x0080,32
Leader_start,5,0x73C,160,3,0x80,0x020D,13,LOOP,0x0200,0x0080,32
Leader_start,6,0x7DC,100,0,0x1C,0x0203,3,ELSEIF,0x0200,0x00A0,40
Leader_start,6,0x7DC,100,1,0x44,0x0218,24,PARTICLE_SOURCE,0x0200,0x0080,32
Leader_start,7,0x840,120,0,0x1C,0x0203,3,ELSEIF,0x0200,0x0090,36
Leader_start,7,0x840,120,1,0x40,0x0218,24,PARTICLE_SOURCE,0x0200,0x0080,32
Leader_start,7,0x840,120,2,0x60,0x021B,27,SOUND,0x0200,0x0060,24
Leader_start,8,0x8B8,144,0,0x1C,0x0203,3,ELSEIF,0x0200,0x0090,36
Leader_start,8,0x8B8,144,1,0x40,0x0218,24,PARTICLE_SOURCE,0x0200,0x0080,32
Leader_start,8,0x8B8,144,2,0x60,0x0001,1,QUAD_ALIGN,0x0000,0x0020,8
Leader_start,8,0x8B8,144,3,0x68,0x0213,19,OBJECT_MOTION,0x0200,0x00A1,40
Leader_start,9,0x948,440,0,0x1C,0x0203,3,ELSEIF,0x0200,0x00A0,40
Leader_start,9,0x948,440,1,0x44,0x0218,24,PARTICLE_SOURCE,0x0200,0x0080,32
Leader_start,9,0x948,440,2,0x64,0x021A,26,DESTRUCTION_SOURCE,0x0200,0x0080,32
Leader_start,9,0x948,440,3,0x84,0x021B,27,SOUND,0x0200,0x0060,24
Leader_start,9,0x948,440,4,0x9C,0x0218,24,PARTICLE_SOURCE,0x0200,0x0090,36
Leader_start,9,0x948,440,5,0xC0,0x0001,1,QUAD_ALIGN,0x0000,0x0020,8
Leader_start,9,0x948,440,6,0xC8,0x0213,19,OBJECT_MOTION,0x0200,0x00A1,40
Leader_start,9,0x948,440,7,0xF0,0x021B,27,SOUND,0x0200,0x0060,24
Leader_start,9,0x948,440,8,0x108,0x000E,14,WAIT,0x0000,0x0030,12
Leader_start,9,0x948,440,9,0x114,0x003E,62,HUD_LETTERBOX_OFF,0x0000,0x0022,8
Leader_start,9,0x948,440,10,0x11C,0x000E,14,WAIT,0x0000,0x0030,12
Leader_start,9,0x948,440,11,0x128,0x0101,1,QUAD_ALIGN,0x0100,0x0022,8
Leader_start,9,0x948,440,12,0x130,0x002E,46,TIMER,0x0000,0x0040,16
Leader_start,9,0x948,440,13,0x140,0x000E,14,WAIT,0x0000,0x0030,12
Leader_start,9,0x948,440,14,0x14C,0x0001,1,QUAD_ALIGN,0x0000,0x0030,12
Leader_start,9,0x948,440,15,0x158,0x0213,19,OBJECT_MOTION,0x0200,0x00A1,40
Leader_start,9,0x948,440,16,0x180,0x0218,24,PARTICLE_SOURCE,0x0200,0x0080,32
Leader_start,9,0x948,440,17,0x1A0,0x021B,27,SOUND,0x0200,0x0060,24
Leader_start,10,0xB00,416,0,0x1C,0x0203,3,ELSEIF,0x0200,0x0080,32
Leader_start,10,0xB00,416,1,0x3C,0x001C,28,LIGHT,0x0000,0x00B2,44
Leader_start,10,0xB00,416,2,0x68,0x001D,29,WHILE,0x0000,0x0022,8
Leader_start,10,0xB00,416,3,0x70,0x0026,38,CALL_SEQUENCE,0x0000,0x0022,8
Leader_start,10,0xB00,416,4,0x78,0x0218,24,PARTICLE_SOURCE,0x0200,0x0080,32
Leader_start,10,0xB00,416,5,0x98,0x021B,27,SOUND,0x0200,0x0060,24
Leader_start,10,0xB00,416,6,0xB0,0x0002,2,IF,0x0000,0x0042,16
Leader_start,10,0xB00,416,7,0xC0,0x021A,26,DESTRUCTION_SOURCE,0x0200,0x0080,32
Leader_start,10,0xB00,416,8,0xE0,0x0004,4,ELSE,0x0000,0x0022,8
Leader_start,10,0xB00,416,9,0xE8,0x021A,26,DESTRUCTION_SOURCE,0x0200,0x0080,32
Leader_start,10,0xB00,416,10,0x108,0x0005,5,ENDIF,0x0000,0x0022,8
Leader_start,10,0xB00,416,11,0x110,0x020C,12,ANIM_LOD,0x0200,0x00C0,48
Leader_start,10,0xB00,416,12,0x140,0x000E,14,WAIT,0x0000,0x0030,12
Leader_start,10,0xB00,416,13,0x14C,0x0208,8,RANGE_TEST,0x0200,0x0050,20
Leader_start,10,0xB00,416,14,0x160,0x020C,12,ANIM_LOD,0x0200,0x00C0,48
Leader_start,10,0xB00,416,15,0x190,0x0025,37,INVALIDATE_ANIMATION,0x0000,0x0022,8
Leader_start,10,0xB00,416,16,0x198,0x0026,38,CALL_SEQUENCE,0x0000,0x0022,8
Sniper1_special,0,0x0,40,0,0x1C,0x021E,30,END_WHILE,0x0200,0x0030,12
Sniper1_start,0,0x0,208,0,0x1C,0x0203,3,ELSEIF,0x0200,0x0080,32
Sniper1_start,0,0x0,208,1,0x3C,0x0217,23,OBJECT_MOTION_SI_SCRIPT,0x0200,0x0030,12
Sniper1_start,0,0x0,208,2,0x48,0x001C,28,LIGHT,0x0000,0x0072,28
Sniper1_start,0,0x0,208,3,0x64,0x001D,29,WHILE,0x0000,0x0022,8
Sniper1_start,0,0x0,208,4,0x6C,0x021B,27,SOUND,0x0200,0x0060,24
Sniper1_start,0,0x0,208,5,0x84,0x001C,28,LIGHT,0x0000,0x0082,32
Sniper1_start,0,0x0,208,6,0xA4,0x001D,29,WHILE,0x0000,0x0022,8
Sniper1_start,0,0x0,208,7,0xAC,0x0211,17,OBJECT_TRANSLATE_STATE,0x0200,0x0050,20
Sniper1_start,0,0x0,208,8,0xC0,0x001C,28,LIGHT,0x0000,0x0022,8
Sniper1_start,0,0x0,208,9,0xC8,0x001D,29,WHILE,0x0000,0x0022,8
Sniper1_start,1,0xD0,88,0,0x1C,0x0203,3,ELSEIF,0x0200,0x0090,36
Sniper1_start,1,0xD0,88,1,0x40,0x021B,27,SOUND,0x0200,0x0060,24
Sniper1_start,2,0x128,728,0,0x1C,0x0203,3,ELSEIF,0x0200,0x0090,36
Sniper1_start,2,0x128,728,1,0x40,0x001C,28,LIGHT,0x0000,0x0022,8
Sniper1_start,2,0x128,728,2,0x48,0x0002,2,IF,0x0000,0x0092,36
Sniper1_start,2,0x128,728,3,0x6C,0x021B,27,SOUND,0x0200,0x0060,24
Sniper1_start,2,0x128,728,4,0x84,0x0208,8,RANGE_TEST,0x0200,0x0050,20
Sniper1_start,2,0x128,728,5,0x98,0x020C,12,ANIM_LOD,0x0200,0x00C0,48
Sniper1_start,2,0x128,728,6,0xC8,0x021B,27,SOUND,0x0200,0x0060,24
Sniper1_start,2,0x128,728,7,0xE0,0x0026,38,CALL_SEQUENCE,0x0000,0x0022,8
Sniper1_start,2,0x128,728,8,0xE8,0x0003,3,ELSEIF,0x0000,0x0092,36
Sniper1_start,2,0x128,728,9,0x10C,0x021B,27,SOUND,0x0200,0x0060,24
Sniper1_start,2,0x128,728,10,0x124,0x0208,8,RANGE_TEST,0x0200,0x0050,20
Sniper1_start,2,0x128,728,11,0x138,0x020C,12,ANIM_LOD,0x0200,0x00C0,48
Sniper1_start,2,0x128,728,12,0x168,0x021B,27,SOUND,0x0200,0x0060,24
Sniper1_start,2,0x128,728,13,0x180,0x0026,38,CALL_SEQUENCE,0x0000,0x0022,8
Sniper1_start,2,0x128,728,14,0x188,0x0003,3,ELSEIF,0x0000,0x0092,36
Sniper1_start,2,0x128,728,15,0x1AC,0x021B,27,SOUND,0x0200,0x0060,24
Sniper1_start,2,0x128,728,16,0x1C4,0x0208,8,RANGE_TEST,0x0200,0x0050,20
Sniper1_start,2,0x128,728,17,0x1D8,0x020C,12,ANIM_LOD,0x0200,0x00C0,48
Sniper1_start,2,0x128,728,18,0x208,0x021B,27,SOUND,0x0200,0x0060,24
Sniper1_start,2,0x128,728,19,0x220,0x0026,38,CALL_SEQUENCE,0x0000,0x0022,8
Sniper1_start,2,0x128,728,20,0x228,0x0003,3,ELSEIF,0x0000,0x0092,36
Sniper1_start,2,0x128,728,21,0x24C,0x021B,27,SOUND,0x0200,0x0060,24
Sniper1_start,2,0x128,728,22,0x264,0x0208,8,RANGE_TEST,0x0200,0x0050,20
Sniper1_start,2,0x128,728,23,0x278,0x020C,12,ANIM_LOD,0x0200,0x00C0,48
Sniper1_start,2,0x128,728,24,0x2A8,0x021B,27,SOUND,0x0200,0x0060,24
Sniper1_start,2,0x128,728,25,0x2C0,0x0026,38,CALL_SEQUENCE,0x0000,0x0022,8
Sniper1_start,2,0x128,728,26,0x2C8,0x0005,5,ENDIF,0x0000,0x0022,8
Sniper1_start,2,0x128,728,27,0x2D0,0x001D,29,WHILE,0x0000,0x0022,8
Sniper1_start,3,0x400,728,0,0x1C,0x0203,3,ELSEIF,0x0200,0x0090,36
Sniper1_start,3,0x400,728,1,0x40,0x001C,28,LIGHT,0x0000,0x0022,8
Sniper1_start,3,0x400,728,2,0x48,0x0002,2,IF,0x0000,0x0092,36
Sniper1_start,3,0x400,728,3,0x6C,0x021B,27,SOUND,0x0200,0x0060,24
Sniper1_start,3,0x400,728,4,0x84,0x0208,8,RANGE_TEST,0x0200,0x0050,20
Sniper1_start,3,0x400,728,5,0x98,0x020C,12,ANIM_LOD,0x0200,0x00C0,48
Sniper1_start,3,0x400,728,6,0xC8,0x021B,27,SOUND,0x0200,0x0060,24
Sniper1_start,3,0x400,728,7,0xE0,0x0026,38,CALL_SEQUENCE,0x0000,0x0022,8
Sniper1_start,3,0x400,728,8,0xE8,0x0003,3,ELSEIF,0x0000,0x0092,36
Sniper1_start,3,0x400,728,9,0x10C,0x021B,27,SOUND,0x0200,0x0060,24
Sniper1_start,3,0x400,728,10,0x124,0x0208,8,RANGE_TEST,0x0200,0x0050,20
Sniper1_start,3,0x400,728,11,0x138,0x020C,12,ANIM_LOD,0x0200,0x00C0,48
Sniper1_start,3,0x400,728,12,0x168,0x021B,27,SOUND,0x0200,0x0060,24
Sniper1_start,3,0x400,728,13,0x180,0x0026,38,CALL_SEQUENCE,0x0000,0x0022,8
Sniper1_start,3,0x400,728,14,0x188,0x0003,3,ELSEIF,0x0000,0x0092,36
Sniper1_start,3,0x400,728,15,0x1AC,0x021B,27,SOUND,0x0200,0x0060,24
Sniper1_start,3,0x400,728,16,0x1C4,0x0208,8,RANGE_TEST,0x0200,0x0050,20
Sniper1_start,3,0x400,728,17,0x1D8,0x020C,12,ANIM_LOD,0x0200,0x00C0,48
Sniper1_start,3,0x400,728,18,0x208,0x021B,27,SOUND,0x0200,0x0060,24
Sniper1_start,3,0x400,728,19,0x220,0x0026,38,CALL_SEQUENCE,0x0000,0x0022,8
Sniper1_start,3,0x400,728,20,0x228,0x0003,3,ELSEIF,0x0000,0x0092,36
Sniper1_start,3,0x400,728,21,0x24C,0x021B,27,SOUND,0x0200,0x0060,24
Sniper1_start,3,0x400,728,22,0x264,0x0208,8,RANGE_TEST,0x0200,0x0050,20
Sniper1_start,3,0x400,728,23,0x278,0x020C,12,ANIM_LOD,0x0200,0x00C0,48
Sniper1_start,3,0x400,728,24,0x2A8,0x021B,27,SOUND,0x0200,0x0060,24
Sniper1_start,3,0x400,728,25,0x2C0,0x0026,38,CALL_SEQUENCE,0x0000,0x0022,8
Sniper1_start,3,0x400,728,26,0x2C8,0x0005,5,ENDIF,0x0000,0x0022,8
Sniper1_start,3,0x400,728,27,0x2D0,0x001D,29,WHILE,0x0000,0x0022,8
Sniper1_start,4,0x6D8,728,0,0x1C,0x0203,3,ELSEIF,0x0200,0x0090,36
Sniper1_start,4,0x6D8,728,1,0x40,0x001C,28,LIGHT,0x0000,0x0022,8
Sniper1_start,4,0x6D8,728,2,0x48,0x0002,2,IF,0x0000,0x0092,36
Sniper1_start,4,0x6D8,728,3,0x6C,0x021B,27,SOUND,0x0200,0x0060,24
Sniper1_start,4,0x6D8,728,4,0x84,0x0208,8,RANGE_TEST,0x0200,0x0050,20
Sniper1_start,4,0x6D8,728,5,0x98,0x020C,12,ANIM_LOD,0x0200,0x00C0,48
Sniper1_start,4,0x6D8,728,6,0xC8,0x021B,27,SOUND,0x0200,0x0060,24
Sniper1_start,4,0x6D8,728,7,0xE0,0x0026,38,CALL_SEQUENCE,0x0000,0x0022,8
Sniper1_start,4,0x6D8,728,8,0xE8,0x0003,3,ELSEIF,0x0000,0x0092,36
Sniper1_start,4,0x6D8,728,9,0x10C,0x021B,27,SOUND,0x0200,0x0060,24
Sniper1_start,4,0x6D8,728,10,0x124,0x0208,8,RANGE_TEST,0x0200,0x0050,20
Sniper1_start,4,0x6D8,728,11,0x138,0x020C,12,ANIM_LOD,0x0200,0x00C0,48
Sniper1_start,4,0x6D8,728,12,0x168,0x021B,27,SOUND,0x0200,0x0060,24
Sniper1_start,4,0x6D8,728,13,0x180,0x0026,38,CALL_SEQUENCE,0x0000,0x0022,8
Sniper1_start,4,0x6D8,728,14,0x188,0x0003,3,ELSEIF,0x0000,0x0092,36
Sniper1_start,4,0x6D8,728,15,0x1AC,0x021B,27,SOUND,0x0200,0x0060,24
Sniper1_start,4,0x6D8,728,16,0x1C4,0x0208,8,RANGE_TEST,0x0200,0x0050,20
Sniper1_start,4,0x6D8,728,17,0x1D8,0x020C,12,ANIM_LOD,0x0200,0x00C0,48
Sniper1_start,4,0x6D8,728,18,0x208,0x021B,27,SOUND,0x0200,0x0060,24
Sniper1_start,4,0x6D8,728,19,0x220,0x0026,38,CALL_SEQUENCE,0x0000,0x0022,8
Sniper1_start,4,0x6D8,728,20,0x228,0x0003,3,ELSEIF,0x0000,0x0092,36
Sniper1_start,4,0x6D8,728,21,0x24C,0x021B,27,SOUND,0x0200,0x0060,24
Sniper1_start,4,0x6D8,728,22,0x264,0x0208,8,RANGE_TEST,0x0200,0x0050,20
Sniper1_start,4,0x6D8,728,23,0x278,0x020C,12,ANIM_LOD,0x0200,0x00C0,48
Sniper1_start,4,0x6D8,728,24,0x2A8,0x021B,27,SOUND,0x0200,0x0060,24
Sniper1_start,4,0x6D8,728,25,0x2C0,0x0026,38,CALL_SEQUENCE,0x0000,0x0022,8
Sniper1_start,4,0x6D8,728,26,0x2C8,0x0005,5,ENDIF,0x0000,0x0022,8
Sniper1_start,4,0x6D8,728,27,0x2D0,0x001D,29,WHILE,0x0000,0x0022,8
Sniper1_start,5,0x9B0,80,0,0x1C,0x021B,27,SOUND,0x0200,0x0060,24
Sniper1_start,5,0x9B0,80,1,0x34,0x0206,6,NODE_ACTIVE,0x0200,0x0070,28
Sniper1_start,6,0xA00,68,0,0x1C,0x0203,3,ELSEIF,0x0200,0x00A0,40
Sniper1_start,7,0xA44,88,0,0x1C,0x0203,3,ELSEIF,0x0200,0x0090,36
Sniper1_start,7,0xA44,88,1,0x40,0x021B,27,SOUND,0x0200,0x0060,24
Sniper1_start,8,0xA9C,108,0,0x1C,0x0203,3,ELSEIF,0x0200,0x0090,36
Sniper1_start,8,0xA9C,108,1,0x40,0x0001,1,QUAD_ALIGN,0x0000,0x0010,4
Sniper1_start,8,0xA9C,108,2,0x44,0x0213,19,OBJECT_MOTION,0x0200,0x00A1,40
Sniper2_special,0,0x0,40,0,0x1C,0x021E,30,END_WHILE,0x0200,0x0030,12
Sniper2_start,0,0x0,208,0,0x1C,0x0203,3,ELSEIF,0x0200,0x0080,32
Sniper2_start,0,0x0,208,1,0x3C,0x0217,23,OBJECT_MOTION_SI_SCRIPT,0x0200,0x0030,12
Sniper2_start,0,0x0,208,2,0x48,0x001C,28,LIGHT,0x0000,0x0072,28
Sniper2_start,0,0x0,208,3,0x64,0x001D,29,WHILE,0x0000,0x0022,8
Sniper2_start,0,0x0,208,4,0x6C,0x021B,27,SOUND,0x0200,0x0060,24
Sniper2_start,0,0x0,208,5,0x84,0x001C,28,LIGHT,0x0000,0x0082,32
Sniper2_start,0,0x0,208,6,0xA4,0x001D,29,WHILE,0x0000,0x0022,8
Sniper2_start,0,0x0,208,7,0xAC,0x0211,17,OBJECT_TRANSLATE_STATE,0x0200,0x0050,20
Sniper2_start,0,0x0,208,8,0xC0,0x001C,28,LIGHT,0x0000,0x0022,8
Sniper2_start,0,0x0,208,9,0xC8,0x001D,29,WHILE,0x0000,0x0022,8
Sniper2_start,1,0xD0,88,0,0x1C,0x0203,3,ELSEIF,0x0200,0x0090,36
Sniper2_start,1,0xD0,88,1,0x40,0x021B,27,SOUND,0x0200,0x0060,24
Sniper2_start,2,0x128,728,0,0x1C,0x0203,3,ELSEIF,0x0200,0x0090,36
Sniper2_start,2,0x128,728,1,0x40,0x001C,28,LIGHT,0x0000,0x0022,8
Sniper2_start,2,0x128,728,2,0x48,0x0002,2,IF,0x0000,0x0092,36
Sniper2_start,2,0x128,728,3,0x6C,0x021B,27,SOUND,0x0200,0x0060,24
Sniper2_start,2,0x128,728,4,0x84,0x0208,8,RANGE_TEST,0x0200,0x0050,20
Sniper2_start,2,0x128,728,5,0x98,0x020C,12,ANIM_LOD,0x0200,0x00C0,48
Sniper2_start,2,0x128,728,6,0xC8,0x021B,27,SOUND,0x0200,0x0060,24
Sniper2_start,2,0x128,728,7,0xE0,0x0026,38,CALL_SEQUENCE,0x0000,0x0022,8
Sniper2_start,2,0x128,728,8,0xE8,0x0003,3,ELSEIF,0x0000,0x0092,36
Sniper2_start,2,0x128,728,9,0x10C,0x021B,27,SOUND,0x0200,0x0060,24
Sniper2_start,2,0x128,728,10,0x124,0x0208,8,RANGE_TEST,0x0200,0x0050,20
Sniper2_start,2,0x128,728,11,0x138,0x020C,12,ANIM_LOD,0x0200,0x00C0,48
Sniper2_start,2,0x128,728,12,0x168,0x021B,27,SOUND,0x0200,0x0060,24
Sniper2_start,2,0x128,728,13,0x180,0x0026,38,CALL_SEQUENCE,0x0000,0x0022,8
Sniper2_start,2,0x128,728,14,0x188,0x0003,3,ELSEIF,0x0000,0x0092,36
Sniper2_start,2,0x128,728,15,0x1AC,0x021B,27,SOUND,0x0200,0x0060,24
Sniper2_start,2,0x128,728,16,0x1C4,0x0208,8,RANGE_TEST,0x0200,0x0050,20
Sniper2_start,2,0x128,728,17,0x1D8,0x020C,12,ANIM_LOD,0x0200,0x00C0,48
Sniper2_start,2,0x128,728,18,0x208,0x021B,27,SOUND,0x0200,0x0060,24
Sniper2_start,2,0x128,728,19,0x220,0x0026,38,CALL_SEQUENCE,0x0000,0x0022,8
Sniper2_start,2,0x128,728,20,0x228,0x0003,3,ELSEIF,0x0000,0x0092,36
Sniper2_start,2,0x128,728,21,0x24C,0x021B,27,SOUND,0x0200,0x0060,24
Sniper2_start,2,0x128,728,22,0x264,0x0208,8,RANGE_TEST,0x0200,0x0050,20
Sniper2_start,2,0x128,728,23,0x278,0x020C,12,ANIM_LOD,0x0200,0x00C0,48
Sniper2_start,2,0x128,728,24,0x2A8,0x021B,27,SOUND,0x0200,0x0060,24
Sniper2_start,2,0x128,728,25,0x2C0,0x0026,38,CALL_SEQUENCE,0x0000,0x0022,8
Sniper2_start,2,0x128,728,26,0x2C8,0x0005,5,ENDIF,0x0000,0x0022,8
Sniper2_start,2,0x128,728,27,0x2D0,0x001D,29,WHILE,0x0000,0x0022,8
Sniper2_start,3,0x400,728,0,0x1C,0x0203,3,ELSEIF,0x0200,0x0090,36
Sniper2_start,3,0x400,728,1,0x40,0x001C,28,LIGHT,0x0000,0x0022,8
Sniper2_start,3,0x400,728,2,0x48,0x0002,2,IF,0x0000,0x0092,36
Sniper2_start,3,0x400,728,3,0x6C,0x021B,27,SOUND,0x0200,0x0060,24
Sniper2_start,3,0x400,728,4,0x84,0x0208,8,RANGE_TEST,0x0200,0x0050,20
Sniper2_start,3,0x400,728,5,0x98,0x020C,12,ANIM_LOD,0x0200,0x00C0,48
Sniper2_start,3,0x400,728,6,0xC8,0x021B,27,SOUND,0x0200,0x0060,24
Sniper2_start,3,0x400,728,7,0xE0,0x0026,38,CALL_SEQUENCE,0x0000,0x0022,8
Sniper2_start,3,0x400,728,8,0xE8,0x0003,3,ELSEIF,0x0000,0x0092,36
Sniper2_start,3,0x400,728,9,0x10C,0x021B,27,SOUND,0x0200,0x0060,24
Sniper2_start,3,0x400,728,10,0x124,0x0208,8,RANGE_TEST,0x0200,0x0050,20
Sniper2_start,3,0x400,728,11,0x138,0x020C,12,ANIM_LOD,0x0200,0x00C0,48
Sniper2_start,3,0x400,728,12,0x168,0x021B,27,SOUND,0x0200,0x0060,24
Sniper2_start,3,0x400,728,13,0x180,0x0026,38,CALL_SEQUENCE,0x0000,0x0022,8
Sniper2_start,3,0x400,728,14,0x188,0x0003,3,ELSEIF,0x0000,0x0092,36
Sniper2_start,3,0x400,728,15,0x1AC,0x021B,27,SOUND,0x0200,0x0060,24
Sniper2_start,3,0x400,728,16,0x1C4,0x0208,8,RANGE_TEST,0x0200,0x0050,20
Sniper2_start,3,0x400,728,17,0x1D8,0x020C,12,ANIM_LOD,0x0200,0x00C0,48
Sniper2_start,3,0x400,728,18,0x208,0x021B,27,SOUND,0x0200,0x0060,24
Sniper2_start,3,0x400,728,19,0x220,0x0026,38,CALL_SEQUENCE,0x0000,0x0022,8
Sniper2_start,3,0x400,728,20,0x228,0x0003,3,ELSEIF,0x0000,0x0092,36
Sniper2_start,3,0x400,728,21,0x24C,0x021B,27,SOUND,0x0200,0x0060,24
Sniper2_start,3,0x400,728,22,0x264,0x0208,8,RANGE_TEST,0x0200,0x0050,20
Sniper2_start,3,0x400,728,23,0x278,0x020C,12,ANIM_LOD,0x0200,0x00C0,48
Sniper2_start,3,0x400,728,24,0x2A8,0x021B,27,SOUND,0x0200,0x0060,24
Sniper2_start,3,0x400,728,25,0x2C0,0x0026,38,CALL_SEQUENCE,0x0000,0x0022,8
Sniper2_start,3,0x400,728,26,0x2C8,0x0005,5,ENDIF,0x0000,0x0022,8
Sniper2_start,3,0x400,728,27,0x2D0,0x001D,29,WHILE,0x0000,0x0022,8
Sniper2_start,4,0x6D8,728,0,0x1C,0x0203,3,ELSEIF,0x0200,0x0090,36
Sniper2_start,4,0x6D8,728,1,0x40,0x001C,28,LIGHT,0x0000,0x0022,8
Sniper2_start,4,0x6D8,728,2,0x48,0x0002,2,IF,0x0000,0x0092,36
Sniper2_start,4,0x6D8,728,3,0x6C,0x021B,27,SOUND,0x0200,0x0060,24
Sniper2_start,4,0x6D8,728,4,0x84,0x0208,8,RANGE_TEST,0x0200,0x0050,20
Sniper2_start,4,0x6D8,728,5,0x98,0x020C,12,ANIM_LOD,0x0200,0x00C0,48
Sniper2_start,4,0x6D8,728,6,0xC8,0x021B,27,SOUND,0x0200,0x0060,24
Sniper2_start,4,0x6D8,728,7,0xE0,0x0026,38,CALL_SEQUENCE,0x0000,0x0022,8
Sniper2_start,4,0x6D8,728,8,0xE8,0x0003,3,ELSEIF,0x0000,0x0092,36
Sniper2_start,4,0x6D8,728,9,0x10C,0x021B,27,SOUND,0x0200,0x0060,24
Sniper2_start,4,0x6D8,728,10,0x124,0x0208,8,RANGE_TEST,0x0200,0x0050,20
Sniper2_start,4,0x6D8,728,11,0x138,0x020C,12,ANIM_LOD,0x0200,0x00C0,48
Sniper2_start,4,0x6D8,728,12,0x168,0x021B,27,SOUND,0x0200,0x0060,24
Sniper2_start,4,0x6D8,728,13,0x180,0x0026,38,CALL_SEQUENCE,0x0000,0x0022,8
Sniper2_start,4,0x6D8,728,14,0x188,0x0003,3,ELSEIF,0x0000,0x0092,36
Sniper2_start,4,0x6D8,728,15,0x1AC,0x021B,27,SOUND,0x0200,0x0060,24
Sniper2_start,4,0x6D8,728,16,0x1C4,0x0208,8,RANGE_TEST,0x0200,0x0050,20
Sniper2_start,4,0x6D8,728,17,0x1D8,0x020C,12,ANIM_LOD,0x0200,0x00C0,48
Sniper2_start,4,0x6D8,728,18,0x208,0x021B,27,SOUND,0x0200,0x0060,24
Sniper2_start,4,0x6D8,728,19,0x220,0x0026,38,CALL_SEQUENCE,0x0000,0x0022,8
Sniper2_start,4,0x6D8,728,20,0x228,0x0003,3,ELSEIF,0x0000,0x0092,36
Sniper2_start,4,0x6D8,728,21,0x24C,0x021B,27,SOUND,0x0200,0x0060,24
Sniper2_start,4,0x6D8,728,22,0x264,0x0208,8,RANGE_TEST,0x0200,0x0050,20
Sniper2_start,4,0x6D8,728,23,0x278,0x020C,12,ANIM_LOD,0x0200,0x00C0,48
Sniper2_start,4,0x6D8,728,24,0x2A8,0x021B,27,SOUND,0x0200,0x0060,24
Sniper2_start,4,0x6D8,728,25,0x2C0,0x0026,38,CALL_SEQUENCE,0x0000,0x0022,8
Sniper2_start,4,0x6D8,728,26,0x2C8,0x0005,5,ENDIF,0x0000,0x0022,8
Sniper2_start,4,0x6D8,728,27,0x2D0,0x001D,29,WHILE,0x0000,0x0022,8
Sniper2_start,5,0x9B0,80,0,0x1C,0x021B,27,SOUND,0x0200,0x0060,24
Sniper2_start,5,0x9B0,80,1,0x34,0x0206,6,NODE_ACTIVE,0x0200,0x0070,28
Sniper2_start,6,0xA00,68,0,0x1C,0x0203,3,ELSEIF,0x0200,0x00A0,40
Sniper2_start,7,0xA44,88,0,0x1C,0x0203,3,ELSEIF,0x0200,0x0090,36
Sniper2_start,7,0xA44,88,1,0x40,0x021B,27,SOUND,0x0200,0x0060,24
Sniper2_start,8,0xA9C,108,0,0x1C,0x0203,3,ELSEIF,0x0200,0x0090,36
Sniper2_start,8,0xA9C,108,1,0x40,0x0001,1,QUAD_ALIGN,0x0000,0x0010,4
Sniper2_start,8,0xA9C,108,2,0x44,0x0213,19,OBJECT_MOTION,0x0200,0x00A1,40
Dredge3_special,0,0x0,40,0,0x1C,0x021E,30,END_WHILE,0x0200,0x0030,12
Dredge3_start,0,0x0,184,0,0x1C,0x0203,3,ELSEIF,0x0200,0x0080,32
Dredge3_start,0,0x0,184,1,0x3C,0x0217,23,OBJECT_MOTION_SI_SCRIPT,0x0200,0x0030,12
Dredge3_start,0,0x0,184,2,0x48,0x001C,28,LIGHT,0x0000,0x0072,28
Dredge3_start,0,0x0,184,3,0x64,0x001D,29,WHILE,0x0000,0x0022,8
Dredge3_start,0,0x0,184,4,0x6C,0x001C,28,LIGHT,0x0000,0x0082,32
Dredge3_start,0,0x0,184,5,0x8C,0x001D,29,WHILE,0x0000,0x0022,8
Dredge3_start,0,0x0,184,6,0x94,0x0211,17,OBJECT_TRANSLATE_STATE,0x0200,0x0050,20
Dredge3_start,0,0x0,184,7,0xA8,0x001C,28,LIGHT,0x0000,0x0022,8
Dredge3_start,0,0x0,184,8,0xB0,0x001D,29,WHILE,0x0000,0x0022,8
Dredge3_start,1,0xB8,1060,0,0x1C,0x0203,3,ELSEIF,0x0200,0x0090,36
Dredge3_start,1,0xB8,1060,1,0x40,0x001C,28,LIGHT,0x0000,0x0022,8
Dredge3_start,1,0xB8,1060,2,0x48,0x0208,8,RANGE_TEST,0x0200,0x0050,20
Dredge3_start,1,0xB8,1060,3,0x5C,0x0209,9,RANDOM_WEIGHT,0x0200,0x0050,20
Dredge3_start,1,0xB8,1060,4,0x70,0x0218,24,PARTICLE_SOURCE,0x0200,0x00A0,40
Dredge3_start,1,0xB8,1060,5,0x98,0x0213,19,OBJECT_MOTION,0x0200,0x00A1,40
Dredge3_start,1,0xB8,1060,6,0xC0,0x0209,9,RANDOM_WEIGHT,0x0200,0x0050,20
Dredge3_start,1,0xB8,1060,7,0xD4,0x0001,1,QUAD_ALIGN,0x0000,0x0010,4
Dredge3_start,1,0xB8,1060,8,0xD8,0x0213,19,OBJECT_MOTION,0x0200,0x00A1,40
Dredge3_start,1,0xB8,1060,9,0x100,0x0209,9,RANDOM_WEIGHT,0x0200,0x0050,20
Dredge3_start,1,0xB8,1060,10,0x114,0x0001,1,QUAD_ALIGN,0x0000,0x0010,4
Dredge3_start,1,0xB8,1060,11,0x118,0x0213,19,OBJECT_MOTION,0x0200,0x00A1,40
Dredge3_start,1,0xB8,1060,12,0x140,0x020D,13,LOOP,0x0200,0x0090,36
Dredge3_start,1,0xB8,1060,13,0x164,0x0209,9,RANDOM_WEIGHT,0x0200,0x0050,20
Dredge3_start,1,0xB8,1060,14,0x178,0x0218,24,PARTICLE_SOURCE,0x0200,0x0080,32
Dredge3_start,1,0xB8,1060,15,0x198,0x0209,9,RANDOM_WEIGHT,0x0200,0x0050,20
Dredge3_start,1,0xB8,1060,16,0x1AC,0x0208,8,RANGE_TEST,0x0200,0x0050,20
Dredge3_start,1,0xB8,1060,17,0x1C0,0x020C,12,ANIM_LOD,0x0200,0x00C0,48
Dredge3_start,1,0xB8,1060,18,0x1F0,0x0209,9,RANDOM_WEIGHT,0x0200,0x0050,20
Dredge3_start,1,0xB8,1060,19,0x204,0x0208,8,RANGE_TEST,0x0200,0x0050,20
Dredge3_start,1,0xB8,1060,20,0x218,0x0209,9,RANDOM_WEIGHT,0x0200,0x0050,20
Dredge3_start,1,0xB8,1060,21,0x22C,0x0208,8,RANGE_TEST,0x0200,0x0050,20
Dredge3_start,1,0xB8,1060,22,0x240,0x0209,9,RANDOM_WEIGHT,0x0200,0x0050,20
Dredge3_start,1,0xB8,1060,23,0x254,0x0218,24,PARTICLE_SOURCE,0x0200,0x00A0,40
Dredge3_start,1,0xB8,1060,24,0x27C,0x0001,1,QUAD_ALIGN,0x0000,0x0030,12
Dredge3_start,1,0xB8,1060,25,0x288,0x0213,19,OBJECT_MOTION,0x0200,0x00A1,40
Dredge3_start,1,0xB8,1060,26,0x2B0,0x0209,9,RANDOM_WEIGHT,0x0200,0x0050,20
Dredge3_start,1,0xB8,1060,27,0x2C4,0x0001,1,QUAD_ALIGN,0x0000,0x0010,4
Dredge3_start,1,0xB8,1060,28,0x2C8,0x0213,19,OBJECT_MOTION,0x0200,0x00A1,40
Dredge3_start,1,0xB8,1060,29,0x2F0,0x0209,9,RANDOM_WEIGHT,0x0200,0x0050,20
Dredge3_start,1,0xB8,1060,30,0x304,0x0001,1,QUAD_ALIGN,0x0000,0x0010,4
Dredge3_start,1,0xB8,1060,31,0x308,0x0213,19,OBJECT_MOTION,0x0200,0x00A1,40
Dredge3_start,1,0xB8,1060,32,0x330,0x020D,13,LOOP,0x0200,0x0090,36
Dredge3_start,1,0xB8,1060,33,0x354,0x0209,9,RANDOM_WEIGHT,0x0200,0x0050,20
Dredge3_start,1,0xB8,1060,34,0x368,0x0218,24,PARTICLE_SOURCE,0x0200,0x0080,32
Dredge3_start,1,0xB8,1060,35,0x388,0x0209,9,RANDOM_WEIGHT,0x0200,0x0050,20
Dredge3_start,1,0xB8,1060,36,0x39C,0x0208,8,RANGE_TEST,0x0200,0x0050,20
Dredge3_start,1,0xB8,1060,37,0x3B0,0x0209,9,RANDOM_WEIGHT,0x0200,0x0050,20
Dredge3_start,1,0xB8,1060,38,0x3C4,0x0208,8,RANGE_TEST,0x0200,0x0050,20
Dredge3_start,1,0xB8,1060,39,0x3D8,0x020C,12,ANIM_LOD,0x0200,0x00C0,48
Dredge3_start,1,0xB8,1060,40,0x408,0x0209,9,RANDOM_WEIGHT,0x0200,0x0050,20
Dredge3_start,1,0xB8,1060,41,0x41C,0x001D,29,WHILE,0x0000,0x0022,8
Dredge3_start,2,0x4DC,128,0,0x1C,0x0203,3,ELSEIF,0x0200,0x0090,36
Dredge3_start,2,0x4DC,128,1,0x40,0x0218,24,PARTICLE_SOURCE,0x0200,0x0080,32
Dredge3_start,2,0x4DC,128,2,0x60,0x020D,13,LOOP,0x0200,0x0080,32
Dredge3_start,3,0x55C,448,0,0x1C,0x0203,3,ELSEIF,0x0200,0x0090,36
Dredge3_start,3,0x55C,448,1,0x40,0x0218,24,PARTICLE_SOURCE,0x0200,0x0080,32
Dredge3_start,3,0x55C,448,2,0x60,0x001C,28,LIGHT,0x0000,0x0022,8
Dredge3_start,3,0x55C,448,3,0x68,0x0208,8,RANGE_TEST,0x0200,0x0050,20
Dredge3_start,3,0x55C,448,4,0x7C,0x0209,9,RANDOM_WEIGHT,0x0200,0x0050,20
Dredge3_start,3,0x55C,448,5,0x90,0x0208,8,RANGE_TEST,0x0200,0x0050,20
Dredge3_start,3,0x55C,448,6,0xA4,0x020C,12,ANIM_LOD,0x0200,0x00C0,48
Dredge3_start,3,0x55C,448,7,0xD4,0x0209,9,RANDOM_WEIGHT,0x0200,0x0050,20
Dredge3_start,3,0x55C,448,8,0xE8,0x0208,8,RANGE_TEST,0x0200,0x0050,20
Dredge3_start,3,0x55C,448,9,0xFC,0x0209,9,RANDOM_WEIGHT,0x0200,0x0050,20
Dredge3_start,3,0x55C,448,10,0x110,0x0208,8,RANGE_TEST,0x0200,0x0050,20
Dredge3_start,3,0x55C,448,11,0x124,0x0209,9,RANDOM_WEIGHT,0x0200,0x0050,20
Dredge3_start,3,0x55C,448,12,0x138,0x0208,8,RANGE_TEST,0x0200,0x0050,20
Dredge3_start,3,0x55C,448,13,0x14C,0x0209,9,RANDOM_WEIGHT,0x0200,0x0050,20
Dredge3_start,3,0x55C,448,14,0x160,0x0208,8,RANGE_TEST,0x0200,0x0050,20
Dredge3_start,3,0x55C,448,15,0x174,0x020C,12,ANIM_LOD,0x0200,0x00C0,48
Dredge3_start,3,0x55C,448,16,0x1A4,0x0209,9,RANDOM_WEIGHT,0x0200,0x0050,20
Dredge3_start,3,0x55C,448,17,0x1B8,0x001D,29,WHILE,0x0000,0x0022,8
Dredge3_start,4,0x71C,448,0,0x1C,0x0203,3,ELSEIF,0x0200,0x0090,36
Dredge3_start,4,0x71C,448,1,0x40,0x0218,24,PARTICLE_SOURCE,0x0200,0x0080,32
Dredge3_start,4,0x71C,448,2,0x60,0x001C,28,LIGHT,0x0000,0x0022,8
Dredge3_start,4,0x71C,448,3,0x68,0x0208,8,RANGE_TEST,0x0200,0x0050,20
Dredge3_start,4,0x71C,448,4,0x7C,0x0209,9,RANDOM_WEIGHT,0x0200,0x0050,20
Dredge3_start,4,0x71C,448,5,0x90,0x0208,8,RANGE_TEST,0x0200,0x0050,20
Dredge3_start,4,0x71C,448,6,0xA4,0x020C,12,ANIM_LOD,0x0200,0x00C0,48
Dredge3_start,4,0x71C,448,7,0xD4,0x0209,9,RANDOM_WEIGHT,0x0200,0x0050,20
Dredge3_start,4,0x71C,448,8,0xE8,0x0208,8,RANGE_TEST,0x0200,0x0050,20
Dredge3_start,4,0x71C,448,9,0xFC,0x0209,9,RANDOM_WEIGHT,0x0200,0x0050,20
Dredge3_start,4,0x71C,448,10,0x110,0x0208,8,RANGE_TEST,0x0200,0x0050,20
Dredge3_start,4,0x71C,448,11,0x124,0x0209,9,RANDOM_WEIGHT,0x0200,0x0050,20
Dredge3_start,4,0x71C,448,12,0x138,0x0208,8,RANGE_TEST,0x0200,0x0050,20
Dredge3_start,4,0x71C,448,13,0x14C,0x0209,9,RANDOM_WEIGHT,0x0200,0x0050,20
Dredge3_start,4,0x71C,448,14,0x160,0x0208,8,RANGE_TEST,0x0200,0x0050,20
Dredge3_start,4,0x71C,448,15,0x174,0x020C,12,ANIM_LOD,0x0200,0x00C0,48
Dredge3_start,4,0x71C,448,16,0x1A4,0x0209,9,RANDOM_WEIGHT,0x0200,0x0050,20
Dredge3_start,4,0x71C,448,17,0x1B8,0x001D,29,WHILE,0x0000,0x0022,8
Dredge3_start,5,0x8DC,328,0,0x1C,0x0203,3,ELSEIF,0x0200,0x0090,36
Dredge3_start,5,0x8DC,328,1,0x40,0x0218,24,PARTICLE_SOURCE,0x0200,0x0080,32
Dredge3_start,5,0x8DC,328,2,0x60,0x020D,13,LOOP,0x0200,0x0080,32
Dredge3_start,5,0x8DC,328,3,0x80,0x020D,13,LOOP,0x0200,0x0080,32
Dredge3_start,5,0x8DC,328,4,0xA0,0x0002,2,IF,0x0000,0x0042,16
Dredge3_start,5,0x8DC,328,5,0xB0,0x021B,27,SOUND,0x0200,0x0060,24
Dredge3_start,5,0x8DC,328,6,0xC8,0x0212,18,OBJECT_ROTATE_STATE,0x0200,0x0030,12
Dredge3_start,5,0x8DC,328,7,0xD4,0x0003,3,ELSEIF,0x0000,0x0042,16
Dredge3_start,5,0x8DC,328,8,0xE4,0x021B,27,SOUND,0x0200,0x0060,24
Dredge3_start,5,0x8DC,328,9,0xFC,0x0212,18,OBJECT_ROTATE_STATE,0x0200,0x0030,12
Dredge3_start,5,0x8DC,328,10,0x108,0x0004,4,ELSE,0x0000,0x0022,8
Dredge3_start,5,0x8DC,328,11,0x110,0x021B,27,SOUND,0x0200,0x0060,24
Dredge3_start,5,0x8DC,328,12,0x128,0x0005,5,ENDIF,0x0000,0x0022,8
Dredge3_start,5,0x8DC,328,13,0x130,0x021B,27,SOUND,0x0200,0x0060,24
Dredge3_start,6,0xA24,100,0,0x1C,0x0203,3,ELSEIF,0x0200,0x00A0,40
Dredge3_start,6,0xA24,100,1,0x44,0x0218,24,PARTICLE_SOURCE,0x0200,0x0080,32
Dredge3_start,7,0xA88,120,0,0x1C,0x0203,3,ELSEIF,0x0200,0x0090,36
Dredge3_start,7,0xA88,120,1,0x40,0x0218,24,PARTICLE_SOURCE,0x0200,0x0080,32
Dredge3_start,7,0xA88,120,2,0x60,0x021B,27,SOUND,0x0200,0x0060,24
Dredge3_start,8,0xB00,136,0,0x1C,0x0203,3,ELSEIF,0x0200,0x0090,36
Dredge3_start,8,0xB00,136,1,0x40,0x0218,24,PARTICLE_SOURCE,0x0200,0x0080,32
Dredge3_start,8,0xB00,136,2,0x60,0x0213,19,OBJECT_MOTION,0x0200,0x00A1,40
Bunk3_special,0,0x0,40,0,0x1C,0x021E,30,END_WHILE,0x0200,0x0030,12
Bunk3_start,0,0x0,184,0,0x1C,0x0203,3,ELSEIF,0x0200,0x0080,32
Bunk3_start,0,0x0,184,1,0x3C,0x0217,23,OBJECT_MOTION_SI_SCRIPT,0x0200,0x0030,12
Bunk3_start,0,0x0,184,2,0x48,0x001C,28,LIGHT,0x0000,0x0072,28
Bunk3_start,0,0x0,184,3,0x64,0x001D,29,WHILE,0x0000,0x0022,8
Bunk3_start,0,0x0,184,4,0x6C,0x001C,28,LIGHT,0x0000,0x0082,32
Bunk3_start,0,0x0,184,5,0x8C,0x001D,29,WHILE,0x0000,0x0022,8
Bunk3_start,0,0x0,184,6,0x94,0x0211,17,OBJECT_TRANSLATE_STATE,0x0200,0x0050,20
Bunk3_start,0,0x0,184,7,0xA8,0x001C,28,LIGHT,0x0000,0x0022,8
Bunk3_start,0,0x0,184,8,0xB0,0x001D,29,WHILE,0x0000,0x0022,8
Bunk3_start,1,0xB8,216,0,0x1C,0x0203,3,ELSEIF,0x0200,0x0080,32
Bunk3_start,1,0xB8,216,1,0x3C,0x001C,28,LIGHT,0x0000,0x0022,8
Bunk3_start,1,0xB8,216,2,0x44,0x0002,2,IF,0x0000,0x00C2,48
Bunk3_start,1,0xB8,216,3,0x74,0x0203,3,ELSEIF,0x0200,0x0070,28
Bunk3_start,1,0xB8,216,4,0x90,0x0026,38,CALL_SEQUENCE,0x0000,0x0022,8
Bunk3_start,1,0xB8,216,5,0x98,0x0208,8,RANGE_TEST,0x0200,0x0050,20
Bunk3_start,1,0xB8,216,6,0xAC,0x0208,8,RANGE_TEST,0x0200,0x0050,20
Bunk3_start,1,0xB8,216,7,0xC0,0x0026,38,CALL_SEQUENCE,0x0000,0x0022,8
Bunk3_start,1,0xB8,216,8,0xC8,0x0005,5,ENDIF,0x0000,0x0022,8
Bunk3_start,1,0xB8,216,9,0xD0,0x001D,29,WHILE,0x0000,0x0022,8
Bunk3_start,2,0x190,568,0,0x1C,0x0203,3,ELSEIF,0x0200,0x0090,36
Bunk3_start,2,0x190,568,1,0x40,0x0025,37,INVALIDATE_ANIMATION,0x0000,0x0022,8
Bunk3_start,2,0x190,568,2,0x48,0x001C,28,LIGHT,0x0000,0x0022,8
Bunk3_start,2,0x190,568,3,0x50,0x0208,8,RANGE_TEST,0x0200,0x0050,20
Bunk3_start,2,0x190,568,4,0x64,0x020C,12,ANIM_LOD,0x0200,0x00C0,48
Bunk3_start,2,0x190,568,5,0x94,0x0209,9,RANDOM_WEIGHT,0x0200,0x0050,20
Bunk3_start,2,0x190,568,6,0xA8,0x0001,1,QUAD_ALIGN,0x0000,0x0020,8
Bunk3_start,2,0x190,568,7,0xB0,0x0213,19,OBJECT_MOTION,0x0200,0x00B1,44
Bunk3_start,2,0x190,568,8,0xDC,0x0209,9,RANDOM_WEIGHT,0x0200,0x0050,20
Bunk3_start,2,0x190,568,9,0xF0,0x0208,8,RANGE_TEST,0x0200,0x0050,20
Bunk3_start,2,0x190,568,10,0x104,0x020C,12,ANIM_LOD,0x0200,0x00C0,48
Bunk3_start,2,0x190,568,11,0x134,0x0209,9,RANDOM_WEIGHT,0x0200,0x0050,20
Bunk3_start,2,0x190,568,12,0x148,0x0001,1,QUAD_ALIGN,0x0000,0x0020,8
Bunk3_start,2,0x190,568,13,0x150,0x0213,19,OBJECT_MOTION,0x0200,0x00B1,44
Bunk3_start,2,0x190,568,14,0x17C,0x0209,9,RANDOM_WEIGHT,0x0200,0x0050,20
Bunk3_start,2,0x190,568,15,0x190,0x0208,8,RANGE_TEST,0x0200,0x0050,20
Bunk3_start,2,0x190,568,16,0x1A4,0x020C,12,ANIM_LOD,0x0200,0x00C0,48
Bunk3_start,2,0x190,568,17,0x1D4,0x0209,9,RANDOM_WEIGHT,0x0200,0x0050,20
Bunk3_start,2,0x190,568,18,0x1E8,0x0001,1,QUAD_ALIGN,0x0000,0x0020,8
Bunk3_start,2,0x190,568,19,0x1F0,0x0213,19,OBJECT_MOTION,0x0200,0x00B1,44
Bunk3_start,2,0x190,568,20,0x21C,0x0209,9,RANDOM_WEIGHT,0x0200,0x0050,20
Bunk3_start,2,0x190,568,21,0x230,0x001D,29,WHILE,0x0000,0x0022,8
Bunk3_start,3,0x3C8,96,0,0x1C,0x0203,3,ELSEIF,0x0200,0x0090,36
Bunk3_start,3,0x3C8,96,1,0x40,0x020D,13,LOOP,0x0200,0x0080,32
Bunk3_start,4,0x428,276,0,0x1C,0x0203,3,ELSEIF,0x0200,0x0090,36
Bunk3_start,4,0x428,276,1,0x40,0x0208,8,RANGE_TEST,0x0200,0x0050,20
Bunk3_start,4,0x428,276,2,0x54,0x021B,27,SOUND,0x0200,0x0060,24
Bunk3_start,4,0x428,276,3,0x6C,0x020C,12,ANIM_LOD,0x0200,0x00C0,48
Bunk3_start,4,0x428,276,4,0x9C,0x002E,46,TIMER,0x0000,0x0040,16
Bunk3_start,4,0x428,276,5,0xAC,0x001C,28,LIGHT,0x0000,0x0022,8
Bunk3_start,4,0x428,276,6,0xB4,0x021B,27,SOUND,0x0200,0x0060,24
Bunk3_start,4,0x428,276,7,0xCC,0x0209,9,RANDOM_WEIGHT,0x0200,0x0050,20
Bunk3_start,4,0x428,276,8,0xE0,0x021B,27,SOUND,0x0200,0x0060,24
Bunk3_start,4,0x428,276,9,0xF8,0x0209,9,RANDOM_WEIGHT,0x0200,0x0050,20
Bunk3_start,4,0x428,276,10,0x10C,0x001D,29,WHILE,0x0000,0x0022,8
Bunk3_start,5,0x53C,276,0,0x1C,0x0203,3,ELSEIF,0x0200,0x0090,36
Bunk3_start,5,0x53C,276,1,0x40,0x0208,8,RANGE_TEST,0x0200,0x0050,20
Bunk3_start,5,0x53C,276,2,0x54,0x021B,27,SOUND,0x0200,0x0060,24
Bunk3_start,5,0x53C,276,3,0x6C,0x020C,12,ANIM_LOD,0x0200,0x00C0,48
Bunk3_start,5,0x53C,276,4,0x9C,0x002E,46,TIMER,0x0000,0x0040,16
Bunk3_start,5,0x53C,276,5,0xAC,0x001C,28,LIGHT,0x0000,0x0022,8
Bunk3_start,5,0x53C,276,6,0xB4,0x021B,27,SOUND,0x0200,0x0060,24
Bunk3_start,5,0x53C,276,7,0xCC,0x0209,9,RANDOM_WEIGHT,0x0200,0x0050,20
Bunk3_start,5,0x53C,276,8,0xE0,0x021B,27,SOUND,0x0200,0x0060,24
Bunk3_start,5,0x53C,276,9,0xF8,0x0209,9,RANDOM_WEIGHT,0x0200,0x0050,20
Bunk3_start,5,0x53C,276,10,0x10C,0x001D,29,WHILE,0x0000,0x0022,8
Bunk3_start,6,0x650,472,0,0x1C,0x0203,3,ELSEIF,0x0200,0x0090,36
Bunk3_start,6,0x650,472,1,0x40,0x0002,2,IF,0x0000,0x0062,24
Bunk3_start,6,0x650,472,2,0x58,0x020D,13,LOOP,0x0200,0x0080,32
Bunk3_start,6,0x650,472,3,0x78,0x020D,13,LOOP,0x0200,0x0080,32
Bunk3_start,6,0x650,472,4,0x98,0x0002,2,IF,0x0000,0x0042,16
Bunk3_start,6,0x650,472,5,0xA8,0x021B,27,SOUND,0x0200,0x0060,24
Bunk3_start,6,0x650,472,6,0xC0,0x0212,18,OBJECT_ROTATE_STATE,0x0200,0x0030,12
Bunk3_start,6,0x650,472,7,0xCC,0x0003,3,ELSEIF,0x0000,0x0042,16
Bunk3_start,6,0x650,472,8,0xDC,0x021B,27,SOUND,0x0200,0x0060,24
Bunk3_start,6,0x650,472,9,0xF4,0x0212,18,OBJECT_ROTATE_STATE,0x0200,0x0030,12
Bunk3_start,6,0x650,472,10,0x100,0x0004,4,ELSE,0x0000,0x0022,8
Bunk3_start,6,0x650,472,11,0x108,0x021B,27,SOUND,0x0200,0x0060,24
Bunk3_start,6,0x650,472,12,0x120,0x0005,5,ENDIF,0x0000,0x0022,8
Bunk3_start,6,0x650,472,13,0x128,0x021B,27,SOUND,0x0200,0x0060,24
Bunk3_start,6,0x650,472,14,0x140,0x0004,4,ELSE,0x0000,0x0022,8
Bunk3_start,6,0x650,472,15,0x148,0x020D,13,LOOP,0x0200,0x0080,32
Bunk3_start,6,0x650,472,16,0x168,0x001C,28,LIGHT,0x0000,0x0022,8
Bunk3_start,6,0x650,472,17,0x170,0x021B,27,SOUND,0x0200,0x0060,24
Bunk3_start,6,0x650,472,18,0x188,0x0209,9,RANDOM_WEIGHT,0x0200,0x0050,20
Bunk3_start,6,0x650,472,19,0x19C,0x021B,27,SOUND,0x0200,0x0060,24
Bunk3_start,6,0x650,472,20,0x1B4,0x0209,9,RANDOM_WEIGHT,0x0200,0x0050,20
Bunk3_start,6,0x650,472,21,0x1C8,0x001D,29,WHILE,0x0000,0x0022,8
Bunk3_start,6,0x650,472,22,0x1D0,0x0005,5,ENDIF,0x0000,0x0022,8
Bunk3_start,7,0x828,68,0,0x1C,0x0203,3,ELSEIF,0x0200,0x00A0,40
Bunk3_start,8,0x86C,88,0,0x1C,0x0203,3,ELSEIF,0x0200,0x0090,36
Bunk3_start,8,0x86C,88,1,0x40,0x021B,27,SOUND,0x0200,0x0060,24
Bunk3_start,9,0x8C4,116,0,0x1C,0x0203,3,ELSEIF,0x0200,0x0090,36
Bunk3_start,9,0x8C4,116,1,0x40,0x0001,1,QUAD_ALIGN,0x0000,0x0030,12
Bunk3_start,9,0x8C4,116,2,0x4C,0x0213,19,OBJECT_MOTION,0x0200,0x00A1,40
OutPatrol9_special,0,0x0,40,0,0x1C,0x021E,30,END_WHILE,0x0200,0x0030,12
OutPatrol9_start,0,0x0,184,0,0x1C,0x0203,3,ELSEIF,0x0200,0x0080,32
OutPatrol9_start,0,0x0,184,1,0x3C,0x0217,23,OBJECT_MOTION_SI_SCRIPT,0x0200,0x0030,12
OutPatrol9_start,0,0x0,184,2,0x48,0x001C,28,LIGHT,0x0000,0x0072,28
OutPatrol9_start,0,0x0,184,3,0x64,0x001D,29,WHILE,0x0000,0x0022,8
OutPatrol9_start,0,0x0,184,4,0x6C,0x001C,28,LIGHT,0x0000,0x0082,32
OutPatrol9_start,0,0x0,184,5,0x8C,0x001D,29,WHILE,0x0000,0x0022,8
OutPatrol9_start,0,0x0,184,6,0x94,0x0211,17,OBJECT_TRANSLATE_STATE,0x0200,0x0050,20
OutPatrol9_start,0,0x0,184,7,0xA8,0x001C,28,LIGHT,0x0000,0x0022,8
OutPatrol9_start,0,0x0,184,8,0xB0,0x001D,29,WHILE,0x0000,0x0022,8
OutPatrol9_start,1,0xB8,1248,0,0x1C,0x0203,3,ELSEIF,0x0200,0x0090,36
OutPatrol9_start,1,0xB8,1248,1,0x40,0x001C,28,LIGHT,0x0000,0x0022,8
OutPatrol9_start,1,0xB8,1248,2,0x48,0x0208,8,RANGE_TEST,0x0200,0x0050,20
OutPatrol9_start,1,0xB8,1248,3,0x5C,0x0209,9,RANDOM_WEIGHT,0x0200,0x0050,20
OutPatrol9_start,1,0xB8,1248,4,0x70,0x0208,8,RANGE_TEST,0x0200,0x0050,20
OutPatrol9_start,1,0xB8,1248,5,0x84,0x0001,1,QUAD_ALIGN,0x0000,0x0010,4
OutPatrol9_start,1,0xB8,1248,6,0x88,0x0213,19,OBJECT_MOTION,0x0200,0x00A1,40
OutPatrol9_start,1,0xB8,1248,7,0xB0,0x020D,13,LOOP,0x0200,0x0090,36
OutPatrol9_start,1,0xB8,1248,8,0xD4,0x0209,9,RANDOM_WEIGHT,0x0200,0x0050,20
OutPatrol9_start,1,0xB8,1248,9,0xE8,0x0208,8,RANGE_TEST,0x0200,0x0050,20
OutPatrol9_start,1,0xB8,1248,10,0xFC,0x0209,9,RANDOM_WEIGHT,0x0200,0x0050,20
OutPatrol9_start,1,0xB8,1248,11,0x110,0x0208,8,RANGE_TEST,0x0200,0x0050,20
OutPatrol9_start,1,0xB8,1248,12,0x124,0x020C,12,ANIM_LOD,0x0200,0x00C0,48
OutPatrol9_start,1,0xB8,1248,13,0x154,0x0209,9,RANDOM_WEIGHT,0x0200,0x0050,20
OutPatrol9_start,1,0xB8,1248,14,0x168,0x0208,8,RANGE_TEST,0x0200,0x0050,20
OutPatrol9_start,1,0xB8,1248,15,0x17C,0x0209,9,RANDOM_WEIGHT,0x0200,0x0050,20
OutPatrol9_start,1,0xB8,1248,16,0x190,0x0208,8,RANGE_TEST,0x0200,0x0050,20
OutPatrol9_start,1,0xB8,1248,17,0x1A4,0x0001,1,QUAD_ALIGN,0x0000,0x0010,4
OutPatrol9_start,1,0xB8,1248,18,0x1A8,0x0213,19,OBJECT_MOTION,0x0200,0x00A1,40
OutPatrol9_start,1,0xB8,1248,19,0x1D0,0x020D,13,LOOP,0x0200,0x0090,36
OutPatrol9_start,1,0xB8,1248,20,0x1F4,0x0211,17,OBJECT_TRANSLATE_STATE,0x0200,0x0070,28
OutPatrol9_start,1,0xB8,1248,21,0x210,0x002E,46,TIMER,0x0000,0x0040,16
OutPatrol9_start,1,0xB8,1248,22,0x220,0x0209,9,RANDOM_WEIGHT,0x0200,0x0050,20
OutPatrol9_start,1,0xB8,1248,23,0x234,0x0208,8,RANGE_TEST,0x0200,0x0050,20
OutPatrol9_start,1,0xB8,1248,24,0x248,0x0209,9,RANDOM_WEIGHT,0x0200,0x0050,20
OutPatrol9_start,1,0xB8,1248,25,0x25C,0x020C,12,ANIM_LOD,0x0200,0x00C0,48
OutPatrol9_start,1,0xB8,1248,26,0x28C,0x0001,1,QUAD_ALIGN,0x0000,0x0030,12
OutPatrol9_start,1,0xB8,1248,27,0x298,0x0213,19,OBJECT_MOTION,0x0200,0x00A1,40
OutPatrol9_start,1,0xB8,1248,28,0x2C0,0x020D,13,LOOP,0x0200,0x0090,36
OutPatrol9_start,1,0xB8,1248,29,0x2E4,0x0209,9,RANDOM_WEIGHT,0x0200,0x0050,20
OutPatrol9_start,1,0xB8,1248,30,0x2F8,0x0213,19,OBJECT_MOTION,0x0200,0x00A1,40
OutPatrol9_start,1,0xB8,1248,31,0x320,0x020D,13,LOOP,0x0200,0x0090,36
OutPatrol9_start,1,0xB8,1248,32,0x344,0x0209,9,RANDOM_WEIGHT,0x0200,0x0050,20
OutPatrol9_start,1,0xB8,1248,33,0x358,0x0002,2,IF,0x0000,0x0062,24
OutPatrol9_start,1,0xB8,1248,34,0x370,0x0203,3,ELSEIF,0x0200,0x0070,28
OutPatrol9_start,1,0xB8,1248,35,0x38C,0x0002,2,IF,0x0000,0x00F2,60
OutPatrol9_start,1,0xB8,1248,36,0x3C8,0x0203,3,ELSEIF,0x0200,0x0090,36
OutPatrol9_start,1,0xB8,1248,37,0x3EC,0x021A,26,DESTRUCTION_SOURCE,0x0200,0x0080,32
OutPatrol9_start,1,0xB8,1248,38,0x40C,0x0005,5,ENDIF,0x0000,0x0022,8
OutPatrol9_start,1,0xB8,1248,39,0x414,0x0005,5,ENDIF,0x0000,0x0022,8
OutPatrol9_start,1,0xB8,1248,40,0x41C,0x002E,46,TIMER,0x0000,0x0040,16
OutPatrol9_start,1,0xB8,1248,41,0x42C,0x0209,9,RANDOM_WEIGHT,0x0200,0x0050,20
OutPatrol9_start,1,0xB8,1248,42,0x440,0x0218,24,PARTICLE_SOURCE,0x0200,0x0080,32
OutPatrol9_start,1,0xB8,1248,43,0x460,0x0208,8,RANGE_TEST,0x0200,0x0050,20
OutPatrol9_start,1,0xB8,1248,44,0x474,0x0209,9,RANDOM_WEIGHT,0x0200,0x0050,20
OutPatrol9_start,1,0xB8,1248,45,0x488,0x0208,8,RANGE_TEST,0x0200,0x0050,20
OutPatrol9_start,1,0xB8,1248,46,0x49C,0x0209,9,RANDOM_WEIGHT,0x0200,0x0050,20
OutPatrol9_start,1,0xB8,1248,47,0x4B0,0x0208,8,RANGE_TEST,0x0200,0x0050,20
OutPatrol9_start,1,0xB8,1248,48,0x4C4,0x0209,9,RANDOM_WEIGHT,0x0200,0x0050,20
OutPatrol9_start,1,0xB8,1248,49,0x4D8,0x001D,29,WHILE,0x0000,0x0022,8
OutPatrol9_start,2,0x598,128,0,0x1C,0x0203,3,ELSEIF,0x0200,0x0090,36
OutPatrol9_start,2,0x598,128,1,0x40,0x0218,24,PARTICLE_SOURCE,0x0200,0x0080,32
OutPatrol9_start,2,0x598,128,2,0x60,0x020D,13,LOOP,0x0200,0x0080,32
OutPatrol9_start,3,0x618,684,0,0x1C,0x0203,3,ELSEIF,0x0200,0x0090,36
OutPatrol9_start,3,0x618,684,1,0x40,0x0218,24,PARTICLE_SOURCE,0x0200,0x0080,32
OutPatrol9_start,3,0x618,684,2,0x60,0x0002,2,IF,0x0000,0x00C2,48
OutPatrol9_start,3,0x618,684,3,0x90,0x0219,25,CAMERA,0x0200,0x0040,16
OutPatrol9_start,3,0x618,684,4,0xA0,0x0208,8,RANGE_TEST,0x0200,0x0050,20
OutPatrol9_start,3,0x618,684,5,0xB4,0x0208,8,RANGE_TEST,0x0200,0x0050,20
OutPatrol9_start,3,0x618,684,6,0xC8,0x0208,8,RANGE_TEST,0x0200,0x0050,20
OutPatrol9_start,3,0x618,684,7,0xDC,0x0208,8,RANGE_TEST,0x0200,0x0050,20
OutPatrol9_start,3,0x618,684,8,0xF0,0x0208,8,RANGE_TEST,0x0200,0x0050,20
OutPatrol9_start,3,0x618,684,9,0x104,0x0208,8,RANGE_TEST,0x0200,0x0050,20
OutPatrol9_start,3,0x618,684,10,0x118,0x0208,8,RANGE_TEST,0x0200,0x0050,20
OutPatrol9_start,3,0x618,684,11,0x12C,0x002E,46,TIMER,0x0000,0x0040,16
OutPatrol9_start,3,0x618,684,12,0x13C,0x0219,25,CAMERA,0x0200,0x0040,16
OutPatrol9_start,3,0x618,684,13,0x14C,0x0004,4,ELSE,0x0000,0x0022,8
OutPatrol9_start,3,0x618,684,14,0x154,0x001C,28,LIGHT,0x0000,0x0022,8
OutPatrol9_start,3,0x618,684,15,0x15C,0x0208,8,RANGE_TEST,0x0200,0x0050,20
OutPatrol9_start,3,0x618,684,16,0x170,0x0209,9,RANDOM_WEIGHT,0x0200,0x0050,20
OutPatrol9_start,3,0x618,684,17,0x184,0x0208,8,RANGE_TEST,0x0200,0x0050,20
OutPatrol9_start,3,0x618,684,18,0x198,0x0209,9,RANDOM_WEIGHT,0x0200,0x0050,20
OutPatrol9_start,3,0x618,684,19,0x1AC,0x0208,8,RANGE_TEST,0x0200,0x0050,20
OutPatrol9_start,3,0x618,684,20,0x1C0,0x0209,9,RANDOM_WEIGHT,0x0200,0x0050,20
OutPatrol9_start,3,0x618,684,21,0x1D4,0x0208,8,RANGE_TEST,0x0200,0x0050,20
OutPatrol9_start,3,0x618,684,22,0x1E8,0x0209,9,RANDOM_WEIGHT,0x0200,0x0050,20
OutPatrol9_start,3,0x618,684,23,0x1FC,0x0208,8,RANGE_TEST,0x0200,0x0050,20
OutPatrol9_start,3,0x618,684,24,0x210,0x0209,9,RANDOM_WEIGHT,0x0200,0x0050,20
OutPatrol9_start,3,0x618,684,25,0x224,0x0208,8,RANGE_TEST,0x0200,0x0050,20
OutPatrol9_start,3,0x618,684,26,0x238,0x0209,9,RANDOM_WEIGHT,0x0200,0x0050,20
OutPatrol9_start,3,0x618,684,27,0x24C,0x0208,8,RANGE_TEST,0x0200,0x0050,20
OutPatrol9_start,3,0x618,684,28,0x260,0x0209,9,RANDOM_WEIGHT,0x0200,0x0050,20
OutPatrol9_start,3,0x618,684,29,0x274,0x0208,8,RANGE_TEST,0x0200,0x0050,20
OutPatrol9_start,3,0x618,684,30,0x288,0x0209,9,RANDOM_WEIGHT,0x0200,0x0050,20
OutPatrol9_start,3,0x618,684,31,0x29C,0x001D,29,WHILE,0x0000,0x0022,8
OutPatrol9_start,3,0x618,684,32,0x2A4,0x0005,5,ENDIF,0x0000,0x0022,8
OutPatrol9_start,4,0x8C4,296,0,0x1C,0x0203,3,ELSEIF,0x0200,0x0090,36
OutPatrol9_start,4,0x8C4,296,1,0x40,0x0218,24,PARTICLE_SOURCE,0x0200,0x0080,32
OutPatrol9_start,4,0x8C4,296,2,0x60,0x020D,13,LOOP,0x0200,0x0080,32
OutPatrol9_start,4,0x8C4,296,3,0x80,0x0002,2,IF,0x0000,0x0042,16
OutPatrol9_start,4,0x8C4,296,4,0x90,0x021B,27,SOUND,0x0200,0x0060,24
OutPatrol9_start,4,0x8C4,296,5,0xA8,0x0212,18,OBJECT_ROTATE_STATE,0x0200,0x0030,12
OutPatrol9_start,4,0x8C4,296,6,0xB4,0x0003,3,ELSEIF,0x0000,0x0042,16
OutPatrol9_start,4,0x8C4,296,7,0xC4,0x021B,27,SOUND,0x0200,0x0060,24
OutPatrol9_start,4,0x8C4,296,8,0xDC,0x0212,18,OBJECT_ROTATE_STATE,0x0200,0x0030,12
OutPatrol9_start,4,0x8C4,296,9,0xE8,0x0004,4,ELSE,0x0000,0x0022,8
OutPatrol9_start,4,0x8C4,296,10,0xF0,0x021B,27,SOUND,0x0200,0x0060,24
OutPatrol9_start,4,0x8C4,296,11,0x108,0x0005,5,ENDIF,0x0000,0x0022,8
OutPatrol9_start,4,0x8C4,296,12,0x110,0x021B,27,SOUND,0x0200,0x0060,24
OutPatrol9_start,5,0x9EC,328,0,0x1C,0x0203,3,ELSEIF,0x0200,0x0090,36
OutPatrol9_start,5,0x9EC,328,1,0x40,0x0218,24,PARTICLE_SOURCE,0x0200,0x0080,32
OutPatrol9_start,5,0x9EC,328,2,0x60,0x020D,13,LOOP,0x0200,0x0080,32
OutPatrol9_start,5,0x9EC,328,3,0x80,0x020D,13,LOOP,0x0200,0x0080,32
OutPatrol9_start,5,0x9EC,328,4,0xA0,0x0002,2,IF,0x0000,0x0042,16
OutPatrol9_start,5,0x9EC,328,5,0xB0,0x021B,27,SOUND,0x0200,0x0060,24
OutPatrol9_start,5,0x9EC,328,6,0xC8,0x0212,18,OBJECT_ROTATE_STATE,0x0200,0x0030,12
OutPatrol9_start,5,0x9EC,328,7,0xD4,0x0003,3,ELSEIF,0x0000,0x0042,16
OutPatrol9_start,5,0x9EC,328,8,0xE4,0x021B,27,SOUND,0x0200,0x0060,24
OutPatrol9_start,5,0x9EC,328,9,0xFC,0x0212,18,OBJECT_ROTATE_STATE,0x0200,0x0030,12
OutPatrol9_start,5,0x9EC,328,10,0x108,0x0004,4,ELSE,0x0000,0x0022,8
OutPatrol9_start,5,0x9EC,328,11,0x110,0x021B,27,SOUND,0x0200,0x0060,24
OutPatrol9_start,5,0x9EC,328,12,0x128,0x0005,5,ENDIF,0x0000,0x0022,8
OutPatrol9_start,5,0x9EC,328,13,0x130,0x021B,27,SOUND,0x0200,0x0060,24
OutPatrol9_start,6,0xB34,100,0,0x1C,0x0203,3,ELSEIF,0x0200,0x00A0,40
OutPatrol9_start,6,0xB34,100,1,0x44,0x0218,24,PARTICLE_SOURCE,0x0200,0x0080,32
OutPatrol9_start,7,0xB98,120,0,0x1C,0x0203,3,ELSEIF,0x0200,0x0090,36
OutPatrol9_start,7,0xB98,120,1,0x40,0x0218,24,PARTICLE_SOURCE,0x0200,0x0080,32
OutPatrol9_start,7,0xB98,120,2,0x60,0x021B,27,SOUND,0x0200,0x0060,24
OutPatrol9_start,8,0xC10,136,0,0x1C,0x0203,3,ELSEIF,0x0200,0x0090,36
OutPatrol9_start,8,0xC10,136,1,0x40,0x0218,24,PARTICLE_SOURCE,0x0200,0x0080,32
OutPatrol9_start,8,0xC10,136,2,0x60,0x0213,19,OBJECT_MOTION,0x0200,0x00A1,40
Snowrider2_special,0,0x0,40,0,0x1C,0x021E,30,END_WHILE,0x0200,0x0030,12
Snowrider2_start,0,0x0,88,0,0x1C,0x0203,3,ELSEIF,0x0200,0x0080,32
Snowrider2_start,0,0x0,88,1,0x3C,0x0217,23,OBJECT_MOTION_SI_SCRIPT,0x0200,0x0030,12
Snowrider2_start,0,0x0,88,2,0x48,0x001C,28,LIGHT,0x0000,0x0022,8
Snowrider2_start,0,0x0,88,3,0x50,0x001D,29,WHILE,0x0000,0x0022,8
Snowrider2_start,1,0x58,132,0,0x1C,0x0203,3,ELSEIF,0x0200,0x0090,36
Snowrider2_start,1,0x58,132,1,0x40,0x0208,8,RANGE_TEST,0x0200,0x0050,20
Snowrider2_start,1,0x58,132,2,0x54,0x020C,12,ANIM_LOD,0x0200,0x00C0,48
Snowrider2_start,2,0xDC,64,0,0x1C,0x0203,3,ELSEIF,0x0200,0x0090,36
Snowrider2_start,3,0x11C,132,0,0x1C,0x0203,3,ELSEIF,0x0200,0x0090,36
Snowrider2_start,3,0x11C,132,1,0x40,0x0208,8,RANGE_TEST,0x0200,0x0050,20
Snowrider2_start,3,0x11C,132,2,0x54,0x020C,12,ANIM_LOD,0x0200,0x00C0,48
Snowrider2_start,4,0x1A0,132,0,0x1C,0x0203,3,ELSEIF,0x0200,0x0090,36
Snowrider2_start,4,0x1A0,132,1,0x40,0x0208,8,RANGE_TEST,0x0200,0x0050,20
Snowrider2_start,4,0x1A0,132,2,0x54,0x020C,12,ANIM_LOD,0x0200,0x00C0,48
Snowrider2_start,5,0x224,108,0,0x1C,0x0203,3,ELSEIF,0x0200,0x0090,36
Snowrider2_start,5,0x224,108,1,0x40,0x020D,13,LOOP,0x0200,0x0080,32
Snowrider2_start,5,0x224,108,2,0x60,0x0212,18,OBJECT_ROTATE_STATE,0x0200,0x0030,12
Snowrider2_start,6,0x290,68,0,0x1C,0x0203,3,ELSEIF,0x0200,0x00A0,40
Snowrider2_start,7,0x2D4,64,0,0x1C,0x0203,3,ELSEIF,0x0200,0x0090,36
Snowrider2_start,8,0x314,64,0,0x1C,0x0203,3,ELSEIF,0x0200,0x0090,36
LeaderBud1_special,0,0x0,40,0,0x1C,0x021E,30,END_WHILE,0x0200,0x0030,12
LeaderBud1_start,0,0x0,88,0,0x1C,0x0203,3,ELSEIF,0x0200,0x0080,32
LeaderBud1_start,0,0x0,88,1,0x3C,0x0217,23,OBJECT_MOTION_SI_SCRIPT,0x0200,0x0030,12
LeaderBud1_start,0,0x0,88,2,0x48,0x001C,28,LIGHT,0x0000,0x0022,8
LeaderBud1_start,0,0x0,88,3,0x50,0x001D,29,WHILE,0x0000,0x0022,8
LeaderBud1_start,1,0x58,112,0,0x1C,0x0203,3,ELSEIF,0x0200,0x0090,36
LeaderBud1_start,1,0x58,112,1,0x40,0x020C,12,ANIM_LOD,0x0200,0x00C0,48
LeaderBud1_start,2,0xC8,64,0,0x1C,0x0203,3,ELSEIF,0x0200,0x0090,36
LeaderBud1_start,3,0x108,112,0,0x1C,0x0203,3,ELSEIF,0x0200,0x0090,36
LeaderBud1_start,3,0x108,112,1,0x40,0x020C,12,ANIM_LOD,0x0200,0x00C0,48
LeaderBud1_start,4,0x178,112,0,0x1C,0x0203,3,ELSEIF,0x0200,0x0090,36
LeaderBud1_start,4,0x178,112,1,0x40,0x020C,12,ANIM_LOD,0x0200,0x00C0,48
LeaderBud1_start,5,0x1E8,96,0,0x1C,0x0203,3,ELSEIF,0x0200,0x0090,36
LeaderBud1_start,5,0x1E8,96,1,0x40,0x020D,13,LOOP,0x0200,0x0080,32
LeaderBud1_start,6,0x248,68,0,0x1C,0x0203,3,ELSEIF,0x0200,0x00A0,40
LeaderBud1_start,7,0x28C,64,0,0x1C,0x0203,3,ELSEIF,0x0200,0x0090,36
LeaderBud1_start,8,0x2CC,64,0,0x1C,0x0203,3,ELSEIF,0x0200,0x0090,36
Help1_special,0,0x0,40,0,0x1C,0x021E,30,END_WHILE,0x0200,0x0030,12
Help1_start,0,0x0,124,0,0x1C,0x0203,3,ELSEIF,0x0200,0x0080,32
Help1_start,0,0x0,124,1,0x3C,0x0217,23,OBJECT_MOTION_SI_SCRIPT,0x0200,0x0030,12
Help1_start,0,0x0,124,2,0x48,0x001C,28,LIGHT,0x0000,0x0072,28
Help1_start,0,0x0,124,3,0x64,0x001D,29,WHILE,0x0000,0x0022,8
Help1_start,0,0x0,124,4,0x6C,0x001C,28,LIGHT,0x0000,0x0022,8
Help1_start,0,0x0,124,5,0x74,0x001D,29,WHILE,0x0000,0x0022,8
Help1_start,1,0x7C,112,0,0x1C,0x0203,3,ELSEIF,0x0200,0x0090,36
Help1_start,1,0x7C,112,1,0x40,0x021C,28,LIGHT,0x0200,0x00C0,48
Help1_start,2,0xEC,96,0,0x1C,0x0203,3,ELSEIF,0x0200,0x0090,36
Help1_start,2,0xEC,96,1,0x40,0x020D,13,LOOP,0x0200,0x0080,32
Help1_start,3,0x14C,112,0,0x1C,0x0203,3,ELSEIF,0x0200,0x0090,36
Help1_start,3,0x14C,112,1,0x40,0x021C,28,LIGHT,0x0200,0x00C0,48
Help1_start,4,0x1BC,112,0,0x1C,0x0203,3,ELSEIF,0x0200,0x0090,36
Help1_start,4,0x1BC,112,1,0x40,0x021C,28,LIGHT,0x0200,0x00C0,48
Help1_start,5,0x22C,164,0,0x1C,0x0203,3,ELSEIF,0x0200,0x0090,36
Help1_start,5,0x22C,164,1,0x40,0x021B,27,SOUND,0x0200,0x0060,24
Help1_start,5,0x22C,164,2,0x58,0x020D,13,LOOP,0x0200,0x0080,32
Help1_start,5,0x22C,164,3,0x78,0x020D,13,LOOP,0x0200,0x0080,32
Help1_start,5,0x22C,164,4,0x98,0x0212,18,OBJECT_ROTATE_STATE,0x0200,0x0030,12
Help1_start,6,0x2D0,160,0,0x1C,0x0203,3,ELSEIF,0x0200,0x00A0,40
Help1_start,6,0x2D0,160,1,0x44,0x0208,8,RANGE_TEST,0x0200,0x0050,20
Help1_start,6,0x2D0,160,2,0x58,0x020C,12,ANIM_LOD,0x0200,0x00C0,48
Help1_start,6,0x2D0,160,3,0x88,0x021B,27,SOUND,0x0200,0x0060,24
Help1_start,7,0x370,88,0,0x1C,0x0203,3,ELSEIF,0x0200,0x0090,36
Help1_start,7,0x370,88,1,0x40,0x021B,27,SOUND,0x0200,0x0060,24
Help1_start,8,0x3C8,112,0,0x1C,0x0203,3,ELSEIF,0x0200,0x0090,36
Help1_start,8,0x3C8,112,1,0x40,0x0001,1,QUAD_ALIGN,0x0000,0x0020,8
Help1_start,8,0x3C8,112,2,0x48,0x0213,19,OBJECT_MOTION,0x0200,0x00A1,40
Help2_special,0,0x0,40,0,0x1C,0x021E,30,END_WHILE,0x0200,0x0030,12
Help2_start,0,0x0,124,0,0x1C,0x0203,3,ELSEIF,0x0200,0x0080,32
Help2_start,0,0x0,124,1,0x3C,0x0217,23,OBJECT_MOTION_SI_SCRIPT,0x0200,0x0030,12
Help2_start,0,0x0,124,2,0x48,0x001C,28,LIGHT,0x0000,0x0072,28
Help2_start,0,0x0,124,3,0x64,0x001D,29,WHILE,0x0000,0x0022,8
Help2_start,0,0x0,124,4,0x6C,0x001C,28,LIGHT,0x0000,0x0022,8
Help2_start,0,0x0,124,5,0x74,0x001D,29,WHILE,0x0000,0x0022,8
Help2_start,1,0x7C,164,0,0x1C,0x0203,3,ELSEIF,0x0200,0x0090,36
Help2_start,1,0x7C,164,1,0x40,0x0002,2,IF,0x0000,0x0062,24
Help2_start,1,0x7C,164,2,0x58,0x0208,8,RANGE_TEST,0x0200,0x0050,20
Help2_start,1,0x7C,164,3,0x6C,0x021B,27,SOUND,0x0200,0x0060,24
Help2_start,1,0x7C,164,4,0x84,0x002E,46,TIMER,0x0000,0x0040,16
Help2_start,1,0x7C,164,5,0x94,0x0004,4,ELSE,0x0000,0x0022,8
Help2_start,1,0x7C,164,6,0x9C,0x0005,5,ENDIF,0x0000,0x0022,8
Help2_start,2,0x120,96,0,0x1C,0x0203,3,ELSEIF,0x0200,0x0090,36
Help2_start,2,0x120,96,1,0x40,0x020D,13,LOOP,0x0200,0x0080,32
Help2_start,3,0x180,112,0,0x1C,0x0203,3,ELSEIF,0x0200,0x0090,36
Help2_start,3,0x180,112,1,0x40,0x021C,28,LIGHT,0x0200,0x00C0,48
Help2_start,4,0x1F0,112,0,0x1C,0x0203,3,ELSEIF,0x0200,0x0090,36
Help2_start,4,0x1F0,112,1,0x40,0x021C,28,LIGHT,0x0200,0x00C0,48
Help2_start,5,0x260,164,0,0x1C,0x0203,3,ELSEIF,0x0200,0x0090,36
Help2_start,5,0x260,164,1,0x40,0x021B,27,SOUND,0x0200,0x0060,24
Help2_start,5,0x260,164,2,0x58,0x020D,13,LOOP,0x0200,0x0080,32
Help2_start,5,0x260,164,3,0x78,0x020D,13,LOOP,0x0200,0x0080,32
Help2_start,5,0x260,164,4,0x98,0x0212,18,OBJECT_ROTATE_STATE,0x0200,0x0030,12
Help2_start,6,0x304,160,0,0x1C,0x0203,3,ELSEIF,0x0200,0x00A0,40
Help2_start,6,0x304,160,1,0x44,0x0208,8,RANGE_TEST,0x0200,0x0050,20
Help2_start,6,0x304,160,2,0x58,0x020C,12,ANIM_LOD,0x0200,0x00C0,48
Help2_start,6,0x304,160,3,0x88,0x021B,27,SOUND,0x0200,0x0060,24
Help2_start,7,0x3A4,88,0,0x1C,0x0203,3,ELSEIF,0x0200,0x0090,36
Help2_start,7,0x3A4,88,1,0x40,0x021B,27,SOUND,0x0200,0x0060,24
Help2_start,8,0x3FC,108,0,0x1C,0x0203,3,ELSEIF,0x0200,0x0090,36
Help2_start,8,0x3FC,108,1,0x40,0x0001,1,QUAD_ALIGN,0x0000,0x0010,4
Help2_start,8,0x3FC,108,2,0x44,0x0213,19,OBJECT_MOTION,0x0200,0x00A1,40
Alarm1_special,0,0x0,40,0,0x1C,0x021E,30,END_WHILE,0x0200,0x0030,12
Alarm1_start,0,0x0,124,0,0x1C,0x0203,3,ELSEIF,0x0200,0x0080,32
Alarm1_start,0,0x0,124,1,0x3C,0x0217,23,OBJECT_MOTION_SI_SCRIPT,0x0200,0x0030,12
Alarm1_start,0,0x0,124,2,0x48,0x001C,28,LIGHT,0x0000,0x0072,28
Alarm1_start,0,0x0,124,3,0x64,0x001D,29,WHILE,0x0000,0x0022,8
Alarm1_start,0,0x0,124,4,0x6C,0x001C,28,LIGHT,0x0000,0x0022,8
Alarm1_start,0,0x0,124,5,0x74,0x001D,29,WHILE,0x0000,0x0022,8
Alarm1_start,1,0x7C,292,0,0x1C,0x0203,3,ELSEIF,0x0200,0x0090,36
Alarm1_start,1,0x7C,292,1,0x40,0x0002,2,IF,0x0000,0x0062,24
Alarm1_start,1,0x7C,292,2,0x58,0x0219,25,CAMERA,0x0200,0x0040,16
Alarm1_start,1,0x7C,292,3,0x68,0x0208,8,RANGE_TEST,0x0200,0x0050,20
Alarm1_start,1,0x7C,292,4,0x7C,0x0208,8,RANGE_TEST,0x0200,0x0050,20
Alarm1_start,1,0x7C,292,5,0x90,0x0208,8,RANGE_TEST,0x0200,0x0050,20
Alarm1_start,1,0x7C,292,6,0xA4,0x0208,8,RANGE_TEST,0x0200,0x0050,20
Alarm1_start,1,0x7C,292,7,0xB8,0x0208,8,RANGE_TEST,0x0200,0x0050,20
Alarm1_start,1,0x7C,292,8,0xCC,0x0208,8,RANGE_TEST,0x0200,0x0050,20
Alarm1_start,1,0x7C,292,9,0xE0,0x0208,8,RANGE_TEST,0x0200,0x0050,20
Alarm1_start,1,0x7C,292,10,0xF4,0x002E,46,TIMER,0x0000,0x0040,16
Alarm1_start,1,0x7C,292,11,0x104,0x0219,25,CAMERA,0x0200,0x0040,16
Alarm1_start,1,0x7C,292,12,0x114,0x0004,4,ELSE,0x0000,0x0022,8
Alarm1_start,1,0x7C,292,13,0x11C,0x0005,5,ENDIF,0x0000,0x0022,8
Alarm1_start,2,0x1A0,96,0,0x1C,0x0203,3,ELSEIF,0x0200,0x0090,36
Alarm1_start,2,0x1A0,96,1,0x40,0x020D,13,LOOP,0x0200,0x0080,32
Alarm1_start,3,0x200,292,0,0x1C,0x0203,3,ELSEIF,0x0200,0x0090,36
Alarm1_start,3,0x200,292,1,0x40,0x0002,2,IF,0x0000,0x0062,24
Alarm1_start,3,0x200,292,2,0x58,0x0219,25,CAMERA,0x0200,0x0040,16
Alarm1_start,3,0x200,292,3,0x68,0x0208,8,RANGE_TEST,0x0200,0x0050,20
Alarm1_start,3,0x200,292,4,0x7C,0x0208,8,RANGE_TEST,0x0200,0x0050,20
Alarm1_start,3,0x200,292,5,0x90,0x0208,8,RANGE_TEST,0x0200,0x0050,20
Alarm1_start,3,0x200,292,6,0xA4,0x0208,8,RANGE_TEST,0x0200,0x0050,20
Alarm1_start,3,0x200,292,7,0xB8,0x0208,8,RANGE_TEST,0x0200,0x0050,20
Alarm1_start,3,0x200,292,8,0xCC,0x0208,8,RANGE_TEST,0x0200,0x0050,20
Alarm1_start,3,0x200,292,9,0xE0,0x0208,8,RANGE_TEST,0x0200,0x0050,20
Alarm1_start,3,0x200,292,10,0xF4,0x002E,46,TIMER,0x0000,0x0040,16
Alarm1_start,3,0x200,292,11,0x104,0x0219,25,CAMERA,0x0200,0x0040,16
Alarm1_start,3,0x200,292,12,0x114,0x0004,4,ELSE,0x0000,0x0022,8
Alarm1_start,3,0x200,292,13,0x11C,0x0005,5,ENDIF,0x0000,0x0022,8
Alarm1_start,4,0x324,292,0,0x1C,0x0203,3,ELSEIF,0x0200,0x0090,36
Alarm1_start,4,0x324,292,1,0x40,0x0002,2,IF,0x0000,0x0062,24
Alarm1_start,4,0x324,292,2,0x58,0x0219,25,CAMERA,0x0200,0x0040,16
Alarm1_start,4,0x324,292,3,0x68,0x0208,8,RANGE_TEST,0x0200,0x0050,20
Alarm1_start,4,0x324,292,4,0x7C,0x0208,8,RANGE_TEST,0x0200,0x0050,20
Alarm1_start,4,0x324,292,5,0x90,0x0208,8,RANGE_TEST,0x0200,0x0050,20
Alarm1_start,4,0x324,292,6,0xA4,0x0208,8,RANGE_TEST,0x0200,0x0050,20
Alarm1_start,4,0x324,292,7,0xB8,0x0208,8,RANGE_TEST,0x0200,0x0050,20
Alarm1_start,4,0x324,292,8,0xCC,0x0208,8,RANGE_TEST,0x0200,0x0050,20
Alarm1_start,4,0x324,292,9,0xE0,0x0208,8,RANGE_TEST,0x0200,0x0050,20
Alarm1_start,4,0x324,292,10,0xF4,0x002E,46,TIMER,0x0000,0x0040,16
Alarm1_start,4,0x324,292,11,0x104,0x0219,25,CAMERA,0x0200,0x0040,16
Alarm1_start,4,0x324,292,12,0x114,0x0004,4,ELSE,0x0000,0x0022,8
Alarm1_start,4,0x324,292,13,0x11C,0x0005,5,ENDIF,0x0000,0x0022,8
Alarm1_start,5,0x448,140,0,0x1C,0x0203,3,ELSEIF,0x0200,0x0090,36
Alarm1_start,5,0x448,140,1,0x40,0x020D,13,LOOP,0x0200,0x0080,32
Alarm1_start,5,0x448,140,2,0x60,0x020D,13,LOOP,0x0200,0x0080,32
Alarm1_start,5,0x448,140,3,0x80,0x0212,18,OBJECT_ROTATE_STATE,0x0200,0x0030,12
Alarm1_start,6,0x4D4,68,0,0x1C,0x0203,3,ELSEIF,0x0200,0x00A0,40
Alarm1_start,7,0x518,88,0,0x1C,0x0203,3,ELSEIF,0x0200,0x0090,36
Alarm1_start,7,0x518,88,1,0x40,0x021B,27,SOUND,0x0200,0x0060,24
Alarm1_start,8,0x570,104,0,0x1C,0x0203,3,ELSEIF,0x0200,0x0090,36
Alarm1_start,8,0x570,104,1,0x40,0x0213,19,OBJECT_MOTION,0x0200,0x00A1,40
Alarm3_special,0,0x0,40,0,0x1C,0x021E,30,END_WHILE,0x0200,0x0030,12
Alarm3_start,0,0x0,124,0,0x1C,0x0203,3,ELSEIF,0x0200,0x0080,32
Alarm3_start,0,0x0,124,1,0x3C,0x0217,23,OBJECT_MOTION_SI_SCRIPT,0x0200,0x0030,12
Alarm3_start,0,0x0,124,2,0x48,0x001C,28,LIGHT,0x0000,0x0072,28
Alarm3_start,0,0x0,124,3,0x64,0x001D,29,WHILE,0x0000,0x0022,8
Alarm3_start,0,0x0,124,4,0x6C,0x001C,28,LIGHT,0x0000,0x0022,8
Alarm3_start,0,0x0,124,5,0x74,0x001D,29,WHILE,0x0000,0x0022,8
Alarm3_start,1,0x7C,304,0,0x1C,0x0203,3,ELSEIF,0x0200,0x0090,36
Alarm3_start,1,0x7C,304,1,0x40,0x0002,2,IF,0x0000,0x0062,24
Alarm3_start,1,0x7C,304,2,0x58,0x000E,14,WAIT,0x0000,0x0030,12
Alarm3_start,1,0x7C,304,3,0x64,0x0219,25,CAMERA,0x0200,0x0040,16
Alarm3_start,1,0x7C,304,4,0x74,0x0208,8,RANGE_TEST,0x0200,0x0050,20
Alarm3_start,1,0x7C,304,5,0x88,0x0208,8,RANGE_TEST,0x0200,0x0050,20
Alarm3_start,1,0x7C,304,6,0x9C,0x0208,8,RANGE_TEST,0x0200,0x0050,20
Alarm3_start,1,0x7C,304,7,0xB0,0x0208,8,RANGE_TEST,0x0200,0x0050,20
Alarm3_start,1,0x7C,304,8,0xC4,0x0208,8,RANGE_TEST,0x0200,0x0050,20
Alarm3_start,1,0x7C,304,9,0xD8,0x0208,8,RANGE_TEST,0x0200,0x0050,20
Alarm3_start,1,0x7C,304,10,0xEC,0x0208,8,RANGE_TEST,0x0200,0x0050,20
Alarm3_start,1,0x7C,304,11,0x100,0x002E,46,TIMER,0x0000,0x0040,16
Alarm3_start,1,0x7C,304,12,0x110,0x0219,25,CAMERA,0x0200,0x0040,16
Alarm3_start,1,0x7C,304,13,0x120,0x0004,4,ELSE,0x0000,0x0022,8
Alarm3_start,1,0x7C,304,14,0x128,0x0005,5,ENDIF,0x0000,0x0022,8
Alarm3_start,2,0x1AC,96,0,0x1C,0x0203,3,ELSEIF,0x0200,0x0090,36
Alarm3_start,2,0x1AC,96,1,0x40,0x020D,13,LOOP,0x0200,0x0080,32
Alarm3_start,3,0x20C,304,0,0x1C,0x0203,3,ELSEIF,0x0200,0x0090,36
Alarm3_start,3,0x20C,304,1,0x40,0x0002,2,IF,0x0000,0x0062,24
Alarm3_start,3,0x20C,304,2,0x58,0x000E,14,WAIT,0x0000,0x0030,12
Alarm3_start,3,0x20C,304,3,0x64,0x0219,25,CAMERA,0x0200,0x0040,16
Alarm3_start,3,0x20C,304,4,0x74,0x0208,8,RANGE_TEST,0x0200,0x0050,20
Alarm3_start,3,0x20C,304,5,0x88,0x0208,8,RANGE_TEST,0x0200,0x0050,20
Alarm3_start,3,0x20C,304,6,0x9C,0x0208,8,RANGE_TEST,0x0200,0x0050,20
Alarm3_start,3,0x20C,304,7,0xB0,0x0208,8,RANGE_TEST,0x0200,0x0050,20
Alarm3_start,3,0x20C,304,8,0xC4,0x0208,8,RANGE_TEST,0x0200,0x0050,20
Alarm3_start,3,0x20C,304,9,0xD8,0x0208,8,RANGE_TEST,0x0200,0x0050,20
Alarm3_start,3,0x20C,304,10,0xEC,0x0208,8,RANGE_TEST,0x0200,0x0050,20
Alarm3_start,3,0x20C,304,11,0x100,0x002E,46,TIMER,0x0000,0x0040,16
Alarm3_start,3,0x20C,304,12,0x110,0x0219,25,CAMERA,0x0200,0x0040,16
Alarm3_start,3,0x20C,304,13,0x120,0x0004,4,ELSE,0x0000,0x0022,8
Alarm3_start,3,0x20C,304,14,0x128,0x0005,5,ENDIF,0x0000,0x0022,8
Alarm3_start,4,0x33C,304,0,0x1C,0x0203,3,ELSEIF,0x0200,0x0090,36
Alarm3_start,4,0x33C,304,1,0x40,0x0002,2,IF,0x0000,0x0062,24
Alarm3_start,4,0x33C,304,2,0x58,0x000E,14,WAIT,0x0000,0x0030,12
Alarm3_start,4,0x33C,304,3,0x64,0x0219,25,CAMERA,0x0200,0x0040,16
Alarm3_start,4,0x33C,304,4,0x74,0x0208,8,RANGE_TEST,0x0200,0x0050,20
Alarm3_start,4,0x33C,304,5,0x88,0x0208,8,RANGE_TEST,0x0200,0x0050,20
Alarm3_start,4,0x33C,304,6,0x9C,0x0208,8,RANGE_TEST,0x0200,0x0050,20
Alarm3_start,4,0x33C,304,7,0xB0,0x0208,8,RANGE_TEST,0x0200,0x0050,20
Alarm3_start,4,0x33C,304,8,0xC4,0x0208,8,RANGE_TEST,0x0200,0x0050,20
Alarm3_start,4,0x33C,304,9,0xD8,0x0208,8,RANGE_TEST,0x0200,0x0050,20
Alarm3_start,4,0x33C,304,10,0xEC,0x0208,8,RANGE_TEST,0x0200,0x0050,20
Alarm3_start,4,0x33C,304,11,0x100,0x002E,46,TIMER,0x0000,0x0040,16
Alarm3_start,4,0x33C,304,12,0x110,0x0219,25,CAMERA,0x0200,0x0040,16
Alarm3_start,4,0x33C,304,13,0x120,0x0004,4,ELSE,0x0000,0x0022,8
Alarm3_start,4,0x33C,304,14,0x128,0x0005,5,ENDIF,0x0000,0x0022,8
Alarm3_start,5,0x46C,140,0,0x1C,0x0203,3,ELSEIF,0x0200,0x0090,36
Alarm3_start,5,0x46C,140,1,0x40,0x020D,13,LOOP,0x0200,0x0080,32
Alarm3_start,5,0x46C,140,2,0x60,0x020D,13,LOOP,0x0200,0x0080,32
Alarm3_start,5,0x46C,140,3,0x80,0x0212,18,OBJECT_ROTATE_STATE,0x0200,0x0030,12
Alarm3_start,6,0x4F8,68,0,0x1C,0x0203,3,ELSEIF,0x0200,0x00A0,40
Alarm3_start,7,0x53C,88,0,0x1C,0x0203,3,ELSEIF,0x0200,0x0090,36
Alarm3_start,7,0x53C,88,1,0x40,0x021B,27,SOUND,0x0200,0x0060,24
Alarm3_start,8,0x594,116,0,0x1C,0x0203,3,ELSEIF,0x0200,0x0090,36
Alarm3_start,8,0x594,116,1,0x40,0x0001,1,QUAD_ALIGN,0x0000,0x0030,12
Alarm3_start,8,0x594,116,2,0x4C,0x0213,19,OBJECT_MOTION,0x0200,0x00A1,40
Alarm2_special,0,0x0,40,0,0x1C,0x021E,30,END_WHILE,0x0200,0x0030,12
Alarm2_start,0,0x0,124,0,0x1C,0x0203,3,ELSEIF,0x0200,0x0080,32
Alarm2_start,0,0x0,124,1,0x3C,0x0217,23,OBJECT_MOTION_SI_SCRIPT,0x0200,0x0030,12
Alarm2_start,0,0x0,124,2,0x48,0x001C,28,LIGHT,0x0000,0x0072,28
Alarm2_start,0,0x0,124,3,0x64,0x001D,29,WHILE,0x0000,0x0022,8
Alarm2_start,0,0x0,124,4,0x6C,0x001C,28,LIGHT,0x0000,0x0022,8
Alarm2_start,0,0x0,124,5,0x74,0x001D,29,WHILE,0x0000,0x0022,8
Alarm2_start,1,0x7C,292,0,0x1C,0x0203,3,ELSEIF,0x0200,0x0090,36
Alarm2_start,1,0x7C,292,1,0x40,0x0002,2,IF,0x0000,0x0062,24
Alarm2_start,1,0x7C,292,2,0x58,0x0219,25,CAMERA,0x0200,0x0040,16
Alarm2_start,1,0x7C,292,3,0x68,0x0208,8,RANGE_TEST,0x0200,0x0050,20
Alarm2_start,1,0x7C,292,4,0x7C,0x0208,8,RANGE_TEST,0x0200,0x0050,20
Alarm2_start,1,0x7C,292,5,0x90,0x0208,8,RANGE_TEST,0x0200,0x0050,20
Alarm2_start,1,0x7C,292,6,0xA4,0x0208,8,RANGE_TEST,0x0200,0x0050,20
Alarm2_start,1,0x7C,292,7,0xB8,0x0208,8,RANGE_TEST,0x0200,0x0050,20
Alarm2_start,1,0x7C,292,8,0xCC,0x0208,8,RANGE_TEST,0x0200,0x0050,20
Alarm2_start,1,0x7C,292,9,0xE0,0x0208,8,RANGE_TEST,0x0200,0x0050,20
Alarm2_start,1,0x7C,292,10,0xF4,0x002E,46,TIMER,0x0000,0x0040,16
Alarm2_start,1,0x7C,292,11,0x104,0x0219,25,CAMERA,0x0200,0x0040,16
Alarm2_start,1,0x7C,292,12,0x114,0x0004,4,ELSE,0x0000,0x0022,8
Alarm2_start,1,0x7C,292,13,0x11C,0x0005,5,ENDIF,0x0000,0x0022,8
Alarm2_start,2,0x1A0,96,0,0x1C,0x0203,3,ELSEIF,0x0200,0x0090,36
Alarm2_start,2,0x1A0,96,1,0x40,0x020D,13,LOOP,0x0200,0x0080,32
Alarm2_start,3,0x200,292,0,0x1C,0x0203,3,ELSEIF,0x0200,0x0090,36
Alarm2_start,3,0x200,292,1,0x40,0x0002,2,IF,0x0000,0x0062,24
Alarm2_start,3,0x200,292,2,0x58,0x0219,25,CAMERA,0x0200,0x0040,16
Alarm2_start,3,0x200,292,3,0x68,0x0208,8,RANGE_TEST,0x0200,0x0050,20
Alarm2_start,3,0x200,292,4,0x7C,0x0208,8,RANGE_TEST,0x0200,0x0050,20
Alarm2_start,3,0x200,292,5,0x90,0x0208,8,RANGE_TEST,0x0200,0x0050,20
Alarm2_start,3,0x200,292,6,0xA4,0x0208,8,RANGE_TEST,0x0200,0x0050,20
Alarm2_start,3,0x200,292,7,0xB8,0x0208,8,RANGE_TEST,0x0200,0x0050,20
Alarm2_start,3,0x200,292,8,0xCC,0x0208,8,RANGE_TEST,0x0200,0x0050,20
Alarm2_start,3,0x200,292,9,0xE0,0x0208,8,RANGE_TEST,0x0200,0x0050,20
Alarm2_start,3,0x200,292,10,0xF4,0x002E,46,TIMER,0x0000,0x0040,16
Alarm2_start,3,0x200,292,11,0x104,0x0219,25,CAMERA,0x0200,0x0040,16
Alarm2_start,3,0x200,292,12,0x114,0x0004,4,ELSE,0x0000,0x0022,8
Alarm2_start,3,0x200,292,13,0x11C,0x0005,5,ENDIF,0x0000,0x0022,8
Alarm2_start,4,0x324,292,0,0x1C,0x0203,3,ELSEIF,0x0200,0x0090,36
Alarm2_start,4,0x324,292,1,0x40,0x0002,2,IF,0x0000,0x0062,24
Alarm2_start,4,0x324,292,2,0x58,0x0219,25,CAMERA,0x0200,0x0040,16
Alarm2_start,4,0x324,292,3,0x68,0x0208,8,RANGE_TEST,0x0200,0x0050,20
Alarm2_start,4,0x324,292,4,0x7C,0x0208,8,RANGE_TEST,0x0200,0x0050,20
Alarm2_start,4,0x324,292,5,0x90,0x0208,8,RANGE_TEST,0x0200,0x0050,20
Alarm2_start,4,0x324,292,6,0xA4,0x0208,8,RANGE_TEST,0x0200,0x0050,20
Alarm2_start,4,0x324,292,7,0xB8,0x0208,8,RANGE_TEST,0x0200,0x0050,20
Alarm2_start,4,0x324,292,8,0xCC,0x0208,8,RANGE_TEST,0x0200,0x0050,20
Alarm2_start,4,0x324,292,9,0xE0,0x0208,8,RANGE_TEST,0x0200,0x0050,20
Alarm2_start,4,0x324,292,10,0xF4,0x002E,46,TIMER,0x0000,0x0040,16
Alarm2_start,4,0x324,292,11,0x104,0x0219,25,CAMERA,0x0200,0x0040,16
Alarm2_start,4,0x324,292,12,0x114,0x0004,4,ELSE,0x0000,0x0022,8
Alarm2_start,4,0x324,292,13,0x11C,0x0005,5,ENDIF,0x0000,0x0022,8
Alarm2_start,5,0x448,140,0,0x1C,0x0203,3,ELSEIF,0x0200,0x0090,36
Alarm2_start,5,0x448,140,1,0x40,0x020D,13,LOOP,0x0200,0x0080,32
Alarm2_start,5,0x448,140,2,0x60,0x020D,13,LOOP,0x0200,0x0080,32
Alarm2_start,5,0x448,140,3,0x80,0x0212,18,OBJECT_ROTATE_STATE,0x0200,0x0030,12
Alarm2_start,6,0x4D4,68,0,0x1C,0x0203,3,ELSEIF,0x0200,0x00A0,40
Alarm2_start,7,0x518,88,0,0x1C,0x0203,3,ELSEIF,0x0200,0x0090,36
Alarm2_start,7,0x518,88,1,0x40,0x021B,27,SOUND,0x0200,0x0060,24
Alarm2_start,8,0x570,104,0,0x1C,0x0203,3,ELSEIF,0x0200,0x0090,36
Alarm2_start,8,0x570,104,1,0x40,0x0213,19,OBJECT_MOTION,0x0200,0x00A1,40
Rush1_special,0,0x0,40,0,0x1C,0x021E,30,END_WHILE,0x0200,0x0030,12
Rush1_start,0,0x0,124,0,0x1C,0x0203,3,ELSEIF,0x0200,0x0080,32
Rush1_start,0,0x0,124,1,0x3C,0x0217,23,OBJECT_MOTION_SI_SCRIPT,0x0200,0x0030,12
Rush1_start,0,0x0,124,2,0x48,0x001C,28,LIGHT,0x0000,0x0072,28
Rush1_start,0,0x0,124,3,0x64,0x001D,29,WHILE,0x0000,0x0022,8
Rush1_start,0,0x0,124,4,0x6C,0x001C,28,LIGHT,0x0000,0x0022,8
Rush1_start,0,0x0,124,5,0x74,0x001D,29,WHILE,0x0000,0x0022,8
Rush1_start,1,0x7C,144,0,0x1C,0x0203,3,ELSEIF,0x0200,0x0090,36
Rush1_start,1,0x7C,144,1,0x40,0x020D,13,LOOP,0x0200,0x0080,32
Rush1_start,1,0x7C,144,2,0x60,0x021C,28,LIGHT,0x0200,0x00C0,48
Rush1_start,2,0x10C,96,0,0x1C,0x0203,3,ELSEIF,0x0200,0x0090,36
Rush1_start,2,0x10C,96,1,0x40,0x020D,13,LOOP,0x0200,0x0080,32
Rush1_start,3,0x16C,144,0,0x1C,0x0203,3,ELSEIF,0x0200,0x0090,36
Rush1_start,3,0x16C,144,1,0x40,0x020D,13,LOOP,0x0200,0x0080,32
Rush1_start,3,0x16C,144,2,0x60,0x021C,28,LIGHT,0x0200,0x00C0,48
Rush1_start,4,0x1FC,144,0,0x1C,0x0203,3,ELSEIF,0x0200,0x0090,36
Rush1_start,4,0x1FC,144,1,0x40,0x020D,13,LOOP,0x0200,0x0080,32
Rush1_start,4,0x1FC,144,2,0x60,0x021C,28,LIGHT,0x0200,0x00C0,48
Rush1_start,5,0x28C,144,0,0x1C,0x0203,3,ELSEIF,0x0200,0x0090,36
Rush1_start,5,0x28C,144,1,0x40,0x020D,13,LOOP,0x0200,0x0080,32
Rush1_start,5,0x28C,144,2,0x60,0x021C,28,LIGHT,0x0200,0x00C0,48
Rush1_start,6,0x31C,68,0,0x1C,0x0203,3,ELSEIF,0x0200,0x00A0,40
Rush1_start,7,0x360,88,0,0x1C,0x0203,3,ELSEIF,0x0200,0x0090,36
Rush1_start,7,0x360,88,1,0x40,0x021B,27,SOUND,0x0200,0x0060,24
Rush1_start,8,0x3B8,112,0,0x1C,0x0203,3,ELSEIF,0x0200,0x0090,36
Rush1_start,8,0x3B8,112,1,0x40,0x0001,1,QUAD_ALIGN,0x0000,0x0020,8
Rush1_start,8,0x3B8,112,2,0x48,0x0213,19,OBJECT_MOTION,0x0200,0x00A1,40
Rush3_special,0,0x0,40,0,0x1C,0x021E,30,END_WHILE,0x0200,0x0030,12
Rush3_start,0,0x0,124,0,0x1C,0x0203,3,ELSEIF,0x0200,0x0080,32
Rush3_start,0,0x0,124,1,0x3C,0x0217,23,OBJECT_MOTION_SI_SCRIPT,0x0200,0x0030,12
Rush3_start,0,0x0,124,2,0x48,0x001C,28,LIGHT,0x0000,0x0072,28
Rush3_start,0,0x0,124,3,0x64,0x001D,29,WHILE,0x0000,0x0022,8
Rush3_start,0,0x0,124,4,0x6C,0x001C,28,LIGHT,0x0000,0x0022,8
Rush3_start,0,0x0,124,5,0x74,0x001D,29,WHILE,0x0000,0x0022,8
Rush3_start,1,0x7C,144,0,0x1C,0x0203,3,ELSEIF,0x0200,0x0090,36
Rush3_start,1,0x7C,144,1,0x40,0x020D,13,LOOP,0x0200,0x0080,32
Rush3_start,1,0x7C,144,2,0x60,0x021C,28,LIGHT,0x0200,0x00C0,48
Rush3_start,2,0x10C,96,0,0x1C,0x0203,3,ELSEIF,0x0200,0x0090,36
Rush3_start,2,0x10C,96,1,0x40,0x020D,13,LOOP,0x0200,0x0080,32
Rush3_start,3,0x16C,144,0,0x1C,0x0203,3,ELSEIF,0x0200,0x0090,36
Rush3_start,3,0x16C,144,1,0x40,0x020D,13,LOOP,0x0200,0x0080,32
Rush3_start,3,0x16C,144,2,0x60,0x021C,28,LIGHT,0x0200,0x00C0,48
Rush3_start,4,0x1FC,144,0,0x1C,0x0203,3,ELSEIF,0x0200,0x0090,36
Rush3_start,4,0x1FC,144,1,0x40,0x020D,13,LOOP,0x0200,0x0080,32
Rush3_start,4,0x1FC,144,2,0x60,0x021C,28,LIGHT,0x0200,0x00C0,48
Rush3_start,5,0x28C,144,0,0x1C,0x0203,3,ELSEIF,0x0200,0x0090,36
Rush3_start,5,0x28C,144,1,0x40,0x020D,13,LOOP,0x0200,0x0080,32
Rush3_start,5,0x28C,144,2,0x60,0x021C,28,LIGHT,0x0200,0x00C0,48
Rush3_start,6,0x31C,68,0,0x1C,0x0203,3,ELSEIF,0x0200,0x00A0,40
Rush3_start,7,0x360,88,0,0x1C,0x0203,3,ELSEIF,0x0200,0x0090,36
Rush3_start,7,0x360,88,1,0x40,0x021B,27,SOUND,0x0200,0x0060,24
Rush3_start,8,0x3B8,112,0,0x1C,0x0203,3,ELSEIF,0x0200,0x0090,36
Rush3_start,8,0x3B8,112,1,0x40,0x0001,1,QUAD_ALIGN,0x0000,0x0020,8
Rush3_start,8,0x3B8,112,2,0x48,0x0213,19,OBJECT_MOTION,0x0200,0x00A1,40
Rush4_special,0,0x0,40,0,0x1C,0x021E,30,END_WHILE,0x0200,0x0030,12
Rush4_start,0,0x0,124,0,0x1C,0x0203,3,ELSEIF,0x0200,0x0080,32
Rush4_start,0,0x0,124,1,0x3C,0x0217,23,OBJECT_MOTION_SI_SCRIPT,0x0200,0x0030,12
Rush4_start,0,0x0,124,2,0x48,0x001C,28,LIGHT,0x0000,0x0072,28
Rush4_start,0,0x0,124,3,0x64,0x001D,29,WHILE,0x0000,0x0022,8
Rush4_start,0,0x0,124,4,0x6C,0x001C,28,LIGHT,0x0000,0x0022,8
Rush4_start,0,0x0,124,5,0x74,0x001D,29,WHILE,0x0000,0x0022,8
Rush4_start,1,0x7C,144,0,0x1C,0x0203,3,ELSEIF,0x0200,0x0090,36
Rush4_start,1,0x7C,144,1,0x40,0x020D,13,LOOP,0x0200,0x0080,32
Rush4_start,1,0x7C,144,2,0x60,0x021C,28,LIGHT,0x0200,0x00C0,48
Rush4_start,2,0x10C,96,0,0x1C,0x0203,3,ELSEIF,0x0200,0x0090,36
Rush4_start,2,0x10C,96,1,0x40,0x020D,13,LOOP,0x0200,0x0080,32
Rush4_start,3,0x16C,144,0,0x1C,0x0203,3,ELSEIF,0x0200,0x0090,36
Rush4_start,3,0x16C,144,1,0x40,0x020D,13,LOOP,0x0200,0x0080,32
Rush4_start,3,0x16C,144,2,0x60,0x021C,28,LIGHT,0x0200,0x00C0,48
Rush4_start,4,0x1FC,144,0,0x1C,0x0203,3,ELSEIF,0x0200,0x0090,36
Rush4_start,4,0x1FC,144,1,0x40,0x020D,13,LOOP,0x0200,0x0080,32
Rush4_start,4,0x1FC,144,2,0x60,0x021C,28,LIGHT,0x0200,0x00C0,48
Rush4_start,5,0x28C,144,0,0x1C,0x0203,3,ELSEIF,0x0200,0x0090,36
Rush4_start,5,0x28C,144,1,0x40,0x020D,13,LOOP,0x0200,0x0080,32
Rush4_start,5,0x28C,144,2,0x60,0x021C,28,LIGHT,0x0200,0x00C0,48
Rush4_start,6,0x31C,68,0,0x1C,0x0203,3,ELSEIF,0x0200,0x00A0,40
Rush4_start,7,0x360,88,0,0x1C,0x0203,3,ELSEIF,0x0200,0x0090,36
Rush4_start,7,0x360,88,1,0x40,0x021B,27,SOUND,0x0200,0x0060,24
Rush4_start,8,0x3B8,112,0,0x1C,0x0203,3,ELSEIF,0x0200,0x0090,36
Rush4_start,8,0x3B8,112,1,0x40,0x0001,1,QUAD_ALIGN,0x0000,0x0020,8
Rush4_start,8,0x3B8,112,2,0x48,0x0213,19,OBJECT_MOTION,0x0200,0x00A1,40
Rush5_special,0,0x0,40,0,0x1C,0x021E,30,END_WHILE,0x0200,0x0030,12
Rush5_start,0,0x0,124,0,0x1C,0x0203,3,ELSEIF,0x0200,0x0080,32
Rush5_start,0,0x0,124,1,0x3C,0x0217,23,OBJECT_MOTION_SI_SCRIPT,0x0200,0x0030,12
Rush5_start,0,0x0,124,2,0x48,0x001C,28,LIGHT,0x0000,0x0072,28
Rush5_start,0,0x0,124,3,0x64,0x001D,29,WHILE,0x0000,0x0022,8
Rush5_start,0,0x0,124,4,0x6C,0x001C,28,LIGHT,0x0000,0x0022,8
Rush5_start,0,0x0,124,5,0x74,0x001D,29,WHILE,0x0000,0x0022,8
Rush5_start,1,0x7C,144,0,0x1C,0x0203,3,ELSEIF,0x0200,0x0090,36
Rush5_start,1,0x7C,144,1,0x40,0x020D,13,LOOP,0x0200,0x0080,32
Rush5_start,1,0x7C,144,2,0x60,0x021C,28,LIGHT,0x0200,0x00C0,48
Rush5_start,2,0x10C,96,0,0x1C,0x0203,3,ELSEIF,0x0200,0x0090,36
Rush5_start,2,0x10C,96,1,0x40,0x020D,13,LOOP,0x0200,0x0080,32
Rush5_start,3,0x16C,144,0,0x1C,0x0203,3,ELSEIF,0x0200,0x0090,36
Rush5_start,3,0x16C,144,1,0x40,0x020D,13,LOOP,0x0200,0x0080,32
Rush5_start,3,0x16C,144,2,0x60,0x021C,28,LIGHT,0x0200,0x00C0,48
Rush5_start,4,0x1FC,144,0,0x1C,0x0203,3,ELSEIF,0x0200,0x0090,36
Rush5_start,4,0x1FC,144,1,0x40,0x020D,13,LOOP,0x0200,0x0080,32
Rush5_start,4,0x1FC,144,2,0x60,0x021C,28,LIGHT,0x0200,0x00C0,48
Rush5_start,5,0x28C,144,0,0x1C,0x0203,3,ELSEIF,0x0200,0x0090,36
Rush5_start,5,0x28C,144,1,0x40,0x020D,13,LOOP,0x0200,0x0080,32
Rush5_start,5,0x28C,144,2,0x60,0x021C,28,LIGHT,0x0200,0x00C0,48
Rush5_start,6,0x31C,68,0,0x1C,0x0203,3,ELSEIF,0x0200,0x00A0,40
Rush5_start,7,0x360,88,0,0x1C,0x0203,3,ELSEIF,0x0200,0x0090,36
Rush5_start,7,0x360,88,1,0x40,0x021B,27,SOUND,0x0200,0x0060,24
Rush5_start,8,0x3B8,112,0,0x1C,0x0203,3,ELSEIF,0x0200,0x0090,36
Rush5_start,8,0x3B8,112,1,0x40,0x0001,1,QUAD_ALIGN,0x0000,0x0020,8
Rush5_start,8,0x3B8,112,2,0x48,0x0213,19,OBJECT_MOTION,0x0200,0x00A1,40
Wait1_special,0,0x0,40,0,0x1C,0x021E,30,END_WHILE,0x0200,0x0030,12
Wait1_start,0,0x0,124,0,0x1C,0x0203,3,ELSEIF,0x0200,0x0080,32
Wait1_start,0,0x0,124,1,0x3C,0x0217,23,OBJECT_MOTION_SI_SCRIPT,0x0200,0x0030,12
Wait1_start,0,0x0,124,2,0x48,0x001C,28,LIGHT,0x0000,0x0072,28
Wait1_start,0,0x0,124,3,0x64,0x001D,29,WHILE,0x0000,0x0022,8
Wait1_start,0,0x0,124,4,0x6C,0x001C,28,LIGHT,0x0000,0x0022,8
Wait1_start,0,0x0,124,5,0x74,0x001D,29,WHILE,0x0000,0x0022,8
Wait1_start,1,0x7C,240,0,0x1C,0x0203,3,ELSEIF,0x0200,0x0090,36
Wait1_start,1,0x7C,240,1,0x40,0x0002,2,IF,0x0000,0x0102,64
Wait1_start,1,0x7C,240,2,0x80,0x021C,28,LIGHT,0x0200,0x00C0,48
Wait1_start,1,0x7C,240,3,0xB0,0x0004,4,ELSE,0x0000,0x0022,8
Wait1_start,1,0x7C,240,4,0xB8,0x021C,28,LIGHT,0x0200,0x00C0,48
Wait1_start,1,0x7C,240,5,0xE8,0x0005,5,ENDIF,0x0000,0x0022,8
Wait1_start,2,0x16C,128,0,0x1C,0x0203,3,ELSEIF,0x0200,0x0090,36
Wait1_start,2,0x16C,128,1,0x40,0x0218,24,PARTICLE_SOURCE,0x0200,0x0080,32
Wait1_start,2,0x16C,128,2,0x60,0x020D,13,LOOP,0x0200,0x0080,32
Wait1_start,3,0x1EC,240,0,0x1C,0x0203,3,ELSEIF,0x0200,0x0090,36
Wait1_start,3,0x1EC,240,1,0x40,0x0002,2,IF,0x0000,0x0102,64
Wait1_start,3,0x1EC,240,2,0x80,0x021C,28,LIGHT,0x0200,0x00C0,48
Wait1_start,3,0x1EC,240,3,0xB0,0x0004,4,ELSE,0x0000,0x0022,8
Wait1_start,3,0x1EC,240,4,0xB8,0x021C,28,LIGHT,0x0200,0x00C0,48
Wait1_start,3,0x1EC,240,5,0xE8,0x0005,5,ENDIF,0x0000,0x0022,8
Wait1_start,4,0x2DC,204,0,0x1C,0x0002,2,IF,0x0000,0x0102,64
Wait1_start,4,0x2DC,204,1,0x5C,0x021C,28,LIGHT,0x0200,0x00C0,48
Wait1_start,4,0x2DC,204,2,0x8C,0x0004,4,ELSE,0x0000,0x0022,8
Wait1_start,4,0x2DC,204,3,0x94,0x021C,28,LIGHT,0x0200,0x00C0,48
Wait1_start,4,0x2DC,204,4,0xC4,0x0005,5,ENDIF,0x0000,0x0022,8
Wait1_start,5,0x3A8,96,0,0x1C,0x0203,3,ELSEIF,0x0200,0x0090,36
Wait1_start,5,0x3A8,96,1,0x40,0x020D,13,LOOP,0x0200,0x0080,32
Wait1_start,6,0x408,100,0,0x1C,0x0203,3,ELSEIF,0x0200,0x00A0,40
Wait1_start,6,0x408,100,1,0x44,0x0218,24,PARTICLE_SOURCE,0x0200,0x0080,32
Wait1_start,7,0x46C,120,0,0x1C,0x0203,3,ELSEIF,0x0200,0x0090,36
Wait1_start,7,0x46C,120,1,0x40,0x0218,24,PARTICLE_SOURCE,0x0200,0x0080,32
Wait1_start,7,0x46C,120,2,0x60,0x021B,27,SOUND,0x0200,0x0060,24
Wait1_start,8,0x4E4,148,0,0x1C,0x0203,3,ELSEIF,0x0200,0x0090,36
Wait1_start,8,0x4E4,148,1,0x40,0x0218,24,PARTICLE_SOURCE,0x0200,0x0080,32
Wait1_start,8,0x4E4,148,2,0x60,0x0001,1,QUAD_ALIGN,0x0000,0x0030,12
Wait1_start,8,0x4E4,148,3,0x6C,0x0213,19,OBJECT_MOTION,0x0200,0x00A1,40
Wait3_special,0,0x0,40,0,0x1C,0x021E,30,END_WHILE,0x0200,0x0030,12
Wait3_start,0,0x0,124,0,0x1C,0x0203,3,ELSEIF,0x0200,0x0080,32
Wait3_start,0,0x0,124,1,0x3C,0x0217,23,OBJECT_MOTION_SI_SCRIPT,0x0200,0x0030,12
Wait3_start,0,0x0,124,2,0x48,0x001C,28,LIGHT,0x0000,0x0072,28
Wait3_start,0,0x0,124,3,0x64,0x001D,29,WHILE,0x0000,0x0022,8
Wait3_start,0,0x0,124,4,0x6C,0x001C,28,LIGHT,0x0000,0x0022,8
Wait3_start,0,0x0,124,5,0x74,0x001D,29,WHILE,0x0000,0x0022,8
Wait3_start,1,0x7C,308,0,0x1C,0x0203,3,ELSEIF,0x0200,0x0090,36
Wait3_start,1,0x7C,308,1,0x40,0x021B,27,SOUND,0x0200,0x0060,24
Wait3_start,1,0x7C,308,2,0x58,0x001C,28,LIGHT,0x0000,0x0022,8
Wait3_start,1,0x7C,308,3,0x60,0x0209,9,RANDOM_WEIGHT,0x0200,0x0050,20
Wait3_start,1,0x7C,308,4,0x74,0x020C,12,ANIM_LOD,0x0200,0x00C0,48
Wait3_start,1,0x7C,308,5,0xA4,0x0209,9,RANDOM_WEIGHT,0x0200,0x0050,20
Wait3_start,1,0x7C,308,6,0xB8,0x020C,12,ANIM_LOD,0x0200,0x00C0,48
Wait3_start,1,0x7C,308,7,0xE8,0x0209,9,RANDOM_WEIGHT,0x0200,0x0050,20
Wait3_start,1,0x7C,308,8,0xFC,0x020C,12,ANIM_LOD,0x0200,0x00C0,48
Wait3_start,1,0x7C,308,9,0x12C,0x001D,29,WHILE,0x0000,0x0022,8
Wait3_start,2,0x1B0,128,0,0x1C,0x0203,3,ELSEIF,0x0200,0x0090,36
Wait3_start,2,0x1B0,128,1,0x40,0x0218,24,PARTICLE_SOURCE,0x0200,0x0080,32
Wait3_start,2,0x1B0,128,2,0x60,0x020D,13,LOOP,0x0200,0x0080,32
Wait3_start,3,0x230,308,0,0x1C,0x0203,3,ELSEIF,0x0200,0x0090,36
Wait3_start,3,0x230,308,1,0x40,0x021B,27,SOUND,0x0200,0x0060,24
Wait3_start,3,0x230,308,2,0x58,0x001C,28,LIGHT,0x0000,0x0022,8
Wait3_start,3,0x230,308,3,0x60,0x0209,9,RANDOM_WEIGHT,0x0200,0x0050,20
Wait3_start,3,0x230,308,4,0x74,0x020C,12,ANIM_LOD,0x0200,0x00C0,48
Wait3_start,3,0x230,308,5,0xA4,0x0209,9,RANDOM_WEIGHT,0x0200,0x0050,20
Wait3_start,3,0x230,308,6,0xB8,0x020C,12,ANIM_LOD,0x0200,0x00C0,48
Wait3_start,3,0x230,308,7,0xE8,0x0209,9,RANDOM_WEIGHT,0x0200,0x0050,20
Wait3_start,3,0x230,308,8,0xFC,0x020C,12,ANIM_LOD,0x0200,0x00C0,48
Wait3_start,3,0x230,308,9,0x12C,0x001D,29,WHILE,0x0000,0x0022,8
Wait3_start,4,0x364,272,0,0x1C,0x021B,27,SOUND,0x0200,0x0060,24
Wait3_start,4,0x364,272,1,0x34,0x001C,28,LIGHT,0x0000,0x0022,8
Wait3_start,4,0x364,272,2,0x3C,0x0209,9,RANDOM_WEIGHT,0x0200,0x0050,20
Wait3_start,4,0x364,272,3,0x50,0x020C,12,ANIM_LOD,0x0200,0x00C0,48
Wait3_start,4,0x364,272,4,0x80,0x0209,9,RANDOM_WEIGHT,0x0200,0x0050,20
Wait3_start,4,0x364,272,5,0x94,0x020C,12,ANIM_LOD,0x0200,0x00C0,48
Wait3_start,4,0x364,272,6,0xC4,0x0209,9,RANDOM_WEIGHT,0x0200,0x0050,20
Wait3_start,4,0x364,272,7,0xD8,0x020C,12,ANIM_LOD,0x0200,0x00C0,48
Wait3_start,4,0x364,272,8,0x108,0x001D,29,WHILE,0x0000,0x0022,8
Wait3_start,5,0x474,96,0,0x1C,0x0203,3,ELSEIF,0x0200,0x0090,36
Wait3_start,5,0x474,96,1,0x40,0x020D,13,LOOP,0x0200,0x0080,32
Wait3_start,6,0x4D4,100,0,0x1C,0x0203,3,ELSEIF,0x0200,0x00A0,40
Wait3_start,6,0x4D4,100,1,0x44,0x0218,24,PARTICLE_SOURCE,0x0200,0x0080,32
Wait3_start,7,0x538,120,0,0x1C,0x0203,3,ELSEIF,0x0200,0x0090,36
Wait3_start,7,0x538,120,1,0x40,0x0218,24,PARTICLE_SOURCE,0x0200,0x0080,32
Wait3_start,7,0x538,120,2,0x60,0x021B,27,SOUND,0x0200,0x0060,24
Wait3_start,8,0x5B0,136,0,0x1C,0x0203,3,ELSEIF,0x0200,0x0090,36
Wait3_start,8,0x5B0,136,1,0x40,0x0218,24,PARTICLE_SOURCE,0x0200,0x0080,32
Wait3_start,8,0x5B0,136,2,0x60,0x0213,19,OBJECT_MOTION,0x0200,0x00A1,40
Wait2_special,0,0x0,40,0,0x1C,0x021E,30,END_WHILE,0x0200,0x0030,12
Wait2_start,0,0x0,124,0,0x1C,0x0203,3,ELSEIF,0x0200,0x0080,32
Wait2_start,0,0x0,124,1,0x3C,0x0217,23,OBJECT_MOTION_SI_SCRIPT,0x0200,0x0030,12
Wait2_start,0,0x0,124,2,0x48,0x001C,28,LIGHT,0x0000,0x0072,28
Wait2_start,0,0x0,124,3,0x64,0x001D,29,WHILE,0x0000,0x0022,8
Wait2_start,0,0x0,124,4,0x6C,0x001C,28,LIGHT,0x0000,0x0022,8
Wait2_start,0,0x0,124,5,0x74,0x001D,29,WHILE,0x0000,0x0022,8
Wait2_start,1,0x7C,240,0,0x1C,0x0203,3,ELSEIF,0x0200,0x0090,36
Wait2_start,1,0x7C,240,1,0x40,0x0002,2,IF,0x0000,0x0102,64
Wait2_start,1,0x7C,240,2,0x80,0x021C,28,LIGHT,0x0200,0x00C0,48
Wait2_start,1,0x7C,240,3,0xB0,0x0004,4,ELSE,0x0000,0x0022,8
Wait2_start,1,0x7C,240,4,0xB8,0x021C,28,LIGHT,0x0200,0x00C0,48
Wait2_start,1,0x7C,240,5,0xE8,0x0005,5,ENDIF,0x0000,0x0022,8
Wait2_start,2,0x16C,128,0,0x1C,0x0203,3,ELSEIF,0x0200,0x0090,36
Wait2_start,2,0x16C,128,1,0x40,0x0218,24,PARTICLE_SOURCE,0x0200,0x0080,32
Wait2_start,2,0x16C,128,2,0x60,0x020D,13,LOOP,0x0200,0x0080,32
Wait2_start,3,0x1EC,240,0,0x1C,0x0203,3,ELSEIF,0x0200,0x0090,36
Wait2_start,3,0x1EC,240,1,0x40,0x0002,2,IF,0x0000,0x0102,64
Wait2_start,3,0x1EC,240,2,0x80,0x021C,28,LIGHT,0x0200,0x00C0,48
Wait2_start,3,0x1EC,240,3,0xB0,0x0004,4,ELSE,0x0000,0x0022,8
Wait2_start,3,0x1EC,240,4,0xB8,0x021C,28,LIGHT,0x0200,0x00C0,48
Wait2_start,3,0x1EC,240,5,0xE8,0x0005,5,ENDIF,0x0000,0x0022,8
Wait2_start,4,0x2DC,204,0,0x1C,0x0002,2,IF,0x0000,0x0102,64
Wait2_start,4,0x2DC,204,1,0x5C,0x021C,28,LIGHT,0x0200,0x00C0,48
Wait2_start,4,0x2DC,204,2,0x8C,0x0004,4,ELSE,0x0000,0x0022,8
Wait2_start,4,0x2DC,204,3,0x94,0x021C,28,LIGHT,0x0200,0x00C0,48
Wait2_start,4,0x2DC,204,4,0xC4,0x0005,5,ENDIF,0x0000,0x0022,8
Wait2_start,5,0x3A8,96,0,0x1C,0x0203,3,ELSEIF,0x0200,0x0090,36
Wait2_start,5,0x3A8,96,1,0x40,0x020D,13,LOOP,0x0200,0x0080,32
Wait2_start,6,0x408,100,0,0x1C,0x0203,3,ELSEIF,0x0200,0x00A0,40
Wait2_start,6,0x408,100,1,0x44,0x0218,24,PARTICLE_SOURCE,0x0200,0x0080,32
Wait2_start,7,0x46C,120,0,0x1C,0x0203,3,ELSEIF,0x0200,0x0090,36
Wait2_start,7,0x46C,120,1,0x40,0x0218,24,PARTICLE_SOURCE,0x0200,0x0080,32
Wait2_start,7,0x46C,120,2,0x60,0x021B,27,SOUND,0x0200,0x0060,24
Wait2_start,8,0x4E4,148,0,0x1C,0x0203,3,ELSEIF,0x0200,0x0090,36
Wait2_start,8,0x4E4,148,1,0x40,0x0218,24,PARTICLE_SOURCE,0x0200,0x0080,32
Wait2_start,8,0x4E4,148,2,0x60,0x0001,1,QUAD_ALIGN,0x0000,0x0030,12
Wait2_start,8,0x4E4,148,3,0x6C,0x0213,19,OBJECT_MOTION,0x0200,0x00A1,40
player_special,0,0x0,40,0,0x1C,0x021E,30,END_WHILE,0x0200,0x0030,12
objectives,0,0x0,684,0,0x1C,0x0002,2,IF,0x0000,0x0062,24
objectives,0,0x0,684,1,0x34,0x0101,1,QUAD_ALIGN,0x0100,0x0022,8
objectives,0,0x0,684,2,0x3C,0x003E,62,HUD_LETTERBOX_OFF,0x0000,0x0022,8
objectives,0,0x0,684,3,0x44,0x0005,5,ENDIF,0x0000,0x0022,8
objectives,0,0x0,684,4,0x4C,0x002E,46,TIMER,0x0000,0x0040,16
objectives,0,0x0,684,5,0x5C,0x000E,14,WAIT,0x0000,0x0030,12
objectives,0,0x0,684,6,0x68,0x002A,42,OBJECT_DELETE_CHILD,0x0000,0x0042,16
objectives,0,0x0,684,7,0x78,0x002A,42,OBJECT_DELETE_CHILD,0x0000,0x0042,16
objectives,0,0x0,684,8,0x88,0x000E,14,WAIT,0x0000,0x0030,12
objectives,0,0x0,684,9,0x94,0x0041,65,HUD_STOP_DEFUSE_TIMER,0x0000,0x0022,8
objectives,0,0x0,684,10,0x9C,0x000E,14,WAIT,0x0000,0x0030,12
objectives,0,0x0,684,11,0xA8,0x0041,65,HUD_STOP_DEFUSE_TIMER,0x0000,0x0022,8
objectives,0,0x0,684,12,0xB0,0x001C,28,LIGHT,0x0000,0x0022,8
objectives,0,0x0,684,13,0xB8,0x0002,2,IF,0x0000,0x0182,96
objectives,0,0x0,684,14,0x118,0x000E,14,WAIT,0x0000,0x0030,12
objectives,0,0x0,684,15,0x124,0x0025,37,INVALIDATE_ANIMATION,0x0000,0x0022,8
objectives,0,0x0,684,16,0x12C,0x0026,38,CALL_SEQUENCE,0x0000,0x0022,8
objectives,0,0x0,684,17,0x134,0x0005,5,ENDIF,0x0000,0x0022,8
objectives,0,0x0,684,18,0x13C,0x0002,2,IF,0x0000,0x0062,24
objectives,0,0x0,684,19,0x154,0x0026,38,CALL_SEQUENCE,0x0000,0x0022,8
objectives,0,0x0,684,20,0x15C,0x002A,42,OBJECT_DELETE_CHILD,0x0000,0x0042,16
objectives,0,0x0,684,21,0x16C,0x002A,42,OBJECT_DELETE_CHILD,0x0000,0x0042,16
objectives,0,0x0,684,22,0x17C,0x001A,26,DESTRUCTION_SOURCE,0x0000,0x0082,32
objectives,0,0x0,684,23,0x19C,0x000E,14,WAIT,0x0000,0x0030,12
objectives,0,0x0,684,24,0x1A8,0x0025,37,INVALIDATE_ANIMATION,0x0000,0x0022,8
objectives,0,0x0,684,25,0x1B0,0x0026,38,CALL_SEQUENCE,0x0000,0x0022,8
objectives,0,0x0,684,26,0x1B8,0x0003,3,ELSEIF,0x0000,0x0062,24
objectives,0,0x0,684,27,0x1D0,0x0026,38,CALL_SEQUENCE,0x0000,0x0022,8
objectives,0,0x0,684,28,0x1D8,0x002A,42,OBJECT_DELETE_CHILD,0x0000,0x0042,16
objectives,0,0x0,684,29,0x1E8,0x002A,42,OBJECT_DELETE_CHILD,0x0000,0x0042,16
objectives,0,0x0,684,30,0x1F8,0x000E,14,WAIT,0x0000,0x0030,12
objectives,0,0x0,684,31,0x204,0x0025,37,INVALIDATE_ANIMATION,0x0000,0x0022,8
objectives,0,0x0,684,32,0x20C,0x0026,38,CALL_SEQUENCE,0x0000,0x0022,8
objectives,0,0x0,684,33,0x214,0x0003,3,ELSEIF,0x0000,0x0062,24
objectives,0,0x0,684,34,0x22C,0x0026,38,CALL_SEQUENCE,0x0000,0x0022,8
objectives,0,0x0,684,35,0x234,0x000E,14,WAIT,0x0000,0x0030,12
objectives,0,0x0,684,36,0x240,0x001A,26,DESTRUCTION_SOURCE,0x0000,0x0082,32
objectives,0,0x0,684,37,0x260,0x002A,42,OBJECT_DELETE_CHILD,0x0000,0x0042,16
objectives,0,0x0,684,38,0x270,0x002A,42,OBJECT_DELETE_CHILD,0x0000,0x0042,16
objectives,0,0x0,684,39,0x280,0x000E,14,WAIT,0x0000,0x0030,12
objectives,0,0x0,684,40,0x28C,0x0025,37,INVALIDATE_ANIMATION,0x0000,0x0022,8
objectives,0,0x0,684,41,0x294,0x0026,38,CALL_SEQUENCE,0x0000,0x0022,8
objectives,0,0x0,684,42,0x29C,0x0005,5,ENDIF,0x0000,0x0022,8
objectives,0,0x0,684,43,0x2A4,0x001D,29,WHILE,0x0000,0x0022,8
objectives,1,0x2AC,324,0,0x1C,0x001C,28,LIGHT,0x0000,0x0022,8
objectives,1,0x2AC,324,1,0x24,0x0002,2,IF,0x0000,0x00B2,44
objectives,1,0x2AC,324,2,0x50,0x002A,42,OBJECT_DELETE_CHILD,0x0000,0x0042,16
objectives,1,0x2AC,324,3,0x60,0x002A,42,OBJECT_DELETE_CHILD,0x0000,0x0042,16
objectives,1,0x2AC,324,4,0x70,0x002E,46,TIMER,0x0000,0x0040,16
objectives,1,0x2AC,324,5,0x80,0x001A,26,DESTRUCTION_SOURCE,0x0000,0x0082,32
objectives,1,0x2AC,324,6,0xA0,0x000E,14,WAIT,0x0000,0x0030,12
objectives,1,0x2AC,324,7,0xAC,0x003E,62,HUD_LETTERBOX_OFF,0x0000,0x0022,8
objectives,1,0x2AC,324,8,0xB4,0x000E,14,WAIT,0x0000,0x0030,12
objectives,1,0x2AC,324,9,0xC0,0x001A,26,DESTRUCTION_SOURCE,0x0000,0x0082,32
objectives,1,0x2AC,324,10,0xE0,0x000E,14,WAIT,0x0000,0x0030,12
objectives,1,0x2AC,324,11,0xEC,0x0002,2,IF,0x0000,0x0062,24
objectives,1,0x2AC,324,12,0x104,0x002A,42,OBJECT_DELETE_CHILD,0x0000,0x0042,16
objectives,1,0x2AC,324,13,0x114,0x002A,42,OBJECT_DELETE_CHILD,0x0000,0x0042,16
objectives,1,0x2AC,324,14,0x124,0x0005,5,ENDIF,0x0000,0x0022,8
objectives,1,0x2AC,324,15,0x12C,0x0026,38,CALL_SEQUENCE,0x0000,0x0022,8
objectives,1,0x2AC,324,16,0x134,0x0005,5,ENDIF,0x0000,0x0022,8
objectives,1,0x2AC,324,17,0x13C,0x001D,29,WHILE,0x0000,0x0022,8
objectives,2,0x3F0,204,0,0x1C,0x001C,28,LIGHT,0x0000,0x0022,8
objectives,2,0x3F0,204,1,0x24,0x0002,2,IF,0x0000,0x0182,96
objectives,2,0x3F0,204,2,0x84,0x002A,42,OBJECT_DELETE_CHILD,0x0000,0x0042,16
objectives,2,0x3F0,204,3,0x94,0x002A,42,OBJECT_DELETE_CHILD,0x0000,0x0042,16
objectives,2,0x3F0,204,4,0xA4,0x002E,46,TIMER,0x0000,0x0040,16
objectives,2,0x3F0,204,5,0xB4,0x0026,38,CALL_SEQUENCE,0x0000,0x0022,8
objectives,2,0x3F0,204,6,0xBC,0x0005,5,ENDIF,0x0000,0x0022,8
objectives,2,0x3F0,204,7,0xC4,0x001D,29,WHILE,0x0000,0x0022,8
objectives,3,0x4BC,356,0,0x1C,0x001C,28,LIGHT,0x0000,0x0022,8
objectives,3,0x4BC,356,1,0x24,0x0002,2,IF,0x0000,0x0182,96
objectives,3,0x4BC,356,2,0x84,0x002E,46,TIMER,0x0000,0x0040,16
objectives,3,0x4BC,356,3,0x94,0x0026,38,CALL_SEQUENCE,0x0000,0x0022,8
objectives,3,0x4BC,356,4,0x9C,0x0003,3,ELSEIF,0x0000,0x0162,88
objectives,3,0x4BC,356,5,0xF4,0x002A,42,OBJECT_DELETE_CHILD,0x0000,0x0042,16
objectives,3,0x4BC,356,6,0x104,0x002A,42,OBJECT_DELETE_CHILD,0x0000,0x0042,16
objectives,3,0x4BC,356,7,0x114,0x002E,46,TIMER,0x0000,0x0040,16
objectives,3,0x4BC,356,8,0x124,0x000E,14,WAIT,0x0000,0x0030,12
objectives,3,0x4BC,356,9,0x130,0x0041,65,HUD_STOP_DEFUSE_TIMER,0x0000,0x0022,8
objectives,3,0x4BC,356,10,0x138,0x000E,14,WAIT,0x0000,0x0030,12
objectives,3,0x4BC,356,11,0x144,0x0041,65,HUD_STOP_DEFUSE_TIMER,0x0000,0x0022,8
objectives,3,0x4BC,356,12,0x14C,0x0026,38,CALL_SEQUENCE,0x0000,0x0022,8
objectives,3,0x4BC,356,13,0x154,0x0005,5,ENDIF,0x0000,0x0022,8
objectives,3,0x4BC,356,14,0x15C,0x001D,29,WHILE,0x0000,0x0022,8
objectives,4,0x620,124,0,0x1C,0x001C,28,LIGHT,0x0000,0x0022,8
objectives,4,0x620,124,1,0x24,0x0002,2,IF,0x0000,0x00B2,44
objectives,4,0x620,124,2,0x50,0x000E,14,WAIT,0x0000,0x0030,12
objectives,4,0x620,124,3,0x5C,0x0041,65,HUD_STOP_DEFUSE_TIMER,0x0000,0x0022,8
objectives,4,0x620,124,4,0x64,0x0026,38,CALL_SEQUENCE,0x0000,0x0022,8
objectives,4,0x620,124,5,0x6C,0x0005,5,ENDIF,0x0000,0x0022,8
objectives,4,0x620,124,6,0x74,0x001D,29,WHILE,0x0000,0x0022,8
objectives,5,0x69C,212,0,0x1C,0x001C,28,LIGHT,0x0000,0x0022,8
objectives,5,0x69C,212,1,0x24,0x0002,2,IF,0x0000,0x00C2,48
objectives,5,0x69C,212,2,0x54,0x0002,2,IF,0x0000,0x0062,24
objectives,5,0x69C,212,3,0x6C,0x021A,26,DESTRUCTION_SOURCE,0x0200,0x00A0,40
objectives,5,0x69C,212,4,0x94,0x002A,42,OBJECT_DELETE_CHILD,0x0000,0x0042,16
objectives,5,0x69C,212,5,0xA4,0x002A,42,OBJECT_DELETE_CHILD,0x0000,0x0042,16
objectives,5,0x69C,212,6,0xB4,0x0005,5,ENDIF,0x0000,0x0022,8
objectives,5,0x69C,212,7,0xBC,0x0026,38,CALL_SEQUENCE,0x0000,0x0022,8
objectives,5,0x69C,212,8,0xC4,0x0005,5,ENDIF,0x0000,0x0022,8
objectives,5,0x69C,212,9,0xCC,0x001D,29,WHILE,0x0000,0x0022,8
objectives,6,0x770,420,0,0x1C,0x001C,28,LIGHT,0x0000,0x0022,8
objectives,6,0x770,420,1,0x24,0x0002,2,IF,0x0000,0x0062,24
objectives,6,0x770,420,2,0x3C,0x002A,42,OBJECT_DELETE_CHILD,0x0000,0x0042,16
objectives,6,0x770,420,3,0x4C,0x002A,42,OBJECT_DELETE_CHILD,0x0000,0x0042,16
objectives,6,0x770,420,4,0x5C,0x002E,46,TIMER,0x0000,0x0040,16
objectives,6,0x770,420,5,0x6C,0x001A,26,DESTRUCTION_SOURCE,0x0000,0x0082,32
objectives,6,0x770,420,6,0x8C,0x000E,14,WAIT,0x0000,0x0030,12
objectives,6,0x770,420,7,0x98,0x0002,2,IF,0x0000,0x0062,24
objectives,6,0x770,420,8,0xB0,0x001A,26,DESTRUCTION_SOURCE,0x0000,0x0082,32
objectives,6,0x770,420,9,0xD0,0x000E,14,WAIT,0x0000,0x0030,12
objectives,6,0x770,420,10,0xDC,0x021A,26,DESTRUCTION_SOURCE,0x0200,0x00A0,40
objectives,6,0x770,420,11,0x104,0x002A,42,OBJECT_DELETE_CHILD,0x0000,0x0042,16
objectives,6,0x770,420,12,0x114,0x002A,42,OBJECT_DELETE_CHILD,0x0000,0x0042,16
objectives,6,0x770,420,13,0x124,0x0005,5,ENDIF,0x0000,0x0022,8
objectives,6,0x770,420,14,0x12C,0x0002,2,IF,0x0000,0x0122,72
objectives,6,0x770,420,15,0x174,0x0101,1,QUAD_ALIGN,0x0100,0x0022,8
objectives,6,0x770,420,16,0x17C,0x0005,5,ENDIF,0x0000,0x0022,8
objectives,6,0x770,420,17,0x184,0x0025,37,INVALIDATE_ANIMATION,0x0000,0x0022,8
objectives,6,0x770,420,18,0x18C,0x0026,38,CALL_SEQUENCE,0x0000,0x0022,8
objectives,6,0x770,420,19,0x194,0x0005,5,ENDIF,0x0000,0x0022,8
objectives,6,0x770,420,20,0x19C,0x001D,29,WHILE,0x0000,0x0022,8
objectives,7,0x914,380,0,0x1C,0x001C,28,LIGHT,0x0000,0x0022,8
objectives,7,0x914,380,1,0x24,0x0002,2,IF,0x0000,0x0062,24
objectives,7,0x914,380,2,0x3C,0x002A,42,OBJECT_DELETE_CHILD,0x0000,0x0042,16
objectives,7,0x914,380,3,0x4C,0x000E,14,WAIT,0x0000,0x0030,12
objectives,7,0x914,380,4,0x58,0x002A,42,OBJECT_DELETE_CHILD,0x0000,0x0042,16
objectives,7,0x914,380,5,0x68,0x002A,42,OBJECT_DELETE_CHILD,0x0000,0x0042,16
objectives,7,0x914,380,6,0x78,0x002E,46,TIMER,0x0000,0x0040,16
objectives,7,0x914,380,7,0x88,0x001A,26,DESTRUCTION_SOURCE,0x0000,0x0082,32
objectives,7,0x914,380,8,0xA8,0x0002,2,IF,0x0000,0x0042,16
objectives,7,0x914,380,9,0xB8,0x021A,26,DESTRUCTION_SOURCE,0x0200,0x00A0,40
objectives,7,0x914,380,10,0xE0,0x0004,4,ELSE,0x0000,0x0022,8
objectives,7,0x914,380,11,0xE8,0x021A,26,DESTRUCTION_SOURCE,0x0200,0x00A0,40
objectives,7,0x914,380,12,0x110,0x0005,5,ENDIF,0x0000,0x0022,8
objectives,7,0x914,380,13,0x118,0x000E,14,WAIT,0x0000,0x0030,12
objectives,7,0x914,380,14,0x124,0x0002,2,IF,0x0000,0x0062,24
objectives,7,0x914,380,15,0x13C,0x002A,42,OBJECT_DELETE_CHILD,0x0000,0x0042,16
objectives,7,0x914,380,16,0x14C,0x002A,42,OBJECT_DELETE_CHILD,0x0000,0x0042,16
objectives,7,0x914,380,17,0x15C,0x0005,5,ENDIF,0x0000,0x0022,8
objectives,7,0x914,380,18,0x164,0x0026,38,CALL_SEQUENCE,0x0000,0x0022,8
objectives,7,0x914,380,19,0x16C,0x0005,5,ENDIF,0x0000,0x0022,8
objectives,7,0x914,380,20,0x174,0x001D,29,WHILE,0x0000,0x0022,8
objectives,8,0xA90,208,0,0x1C,0x001C,28,LIGHT,0x0000,0x0022,8
objectives,8,0xA90,208,1,0x24,0x0002,2,IF,0x0000,0x0062,24
objectives,8,0xA90,208,2,0x3C,0x001A,26,DESTRUCTION_SOURCE,0x0000,0x0082,32
objectives,8,0xA90,208,3,0x5C,0x002A,42,OBJECT_DELETE_CHILD,0x0000,0x0042,16
objectives,8,0xA90,208,4,0x6C,0x002E,46,TIMER,0x0000,0x0040,16
objectives,8,0xA90,208,5,0x7C,0x002E,46,TIMER,0x0000,0x0040,16
objectives,8,0xA90,208,6,0x8C,0x0202,2,IF,0x0200,0x0040,16
objectives,8,0xA90,208,7,0x9C,0x0211,17,OBJECT_TRANSLATE_STATE,0x0200,0x0070,28
objectives,8,0xA90,208,8,0xB8,0x0026,38,CALL_SEQUENCE,0x0000,0x0022,8
objectives,8,0xA90,208,9,0xC0,0x0005,5,ENDIF,0x0000,0x0022,8
objectives,8,0xA90,208,10,0xC8,0x001D,29,WHILE,0x0000,0x0022,8
objectives,9,0xB60,132,0,0x1C,0x001C,28,LIGHT,0x0000,0x0022,8
objectives,9,0xB60,132,1,0x24,0x0002,2,IF,0x0000,0x0062,24
objectives,9,0xB60,132,2,0x3C,0x001A,26,DESTRUCTION_SOURCE,0x0000,0x0082,32
objectives,9,0xB60,132,3,0x5C,0x002A,42,OBJECT_DELETE_CHILD,0x0000,0x0042,16
objectives,9,0xB60,132,4,0x6C,0x0026,38,CALL_SEQUENCE,0x0000,0x0022,8
objectives,9,0xB60,132,5,0x74,0x0005,5,ENDIF,0x0000,0x0022,8
objectives,9,0xB60,132,6,0x7C,0x001D,29,WHILE,0x0000,0x0022,8
objectives,10,0xBE4,296,0,0x1C,0x001C,28,LIGHT,0x0000,0x0022,8
objectives,10,0xBE4,296,1,0x24,0x0002,2,IF,0x0000,0x0122,72
objectives,10,0xBE4,296,2,0x6C,0x002A,42,OBJECT_DELETE_CHILD,0x0000,0x0042,16
objectives,10,0xBE4,296,3,0x7C,0x002A,42,OBJECT_DELETE_CHILD,0x0000,0x0042,16
objectives,10,0xBE4,296,4,0x8C,0x002E,46,TIMER,0x0000,0x0040,16
objectives,10,0xBE4,296,5,0x9C,0x0002,2,IF,0x0000,0x0082,32
objectives,10,0xBE4,296,6,0xBC,0x000E,14,WAIT,0x0000,0x0030,12
objectives,10,0xBE4,296,7,0xC8,0x001A,26,DESTRUCTION_SOURCE,0x0000,0x0082,32
objectives,10,0xBE4,296,8,0xE8,0x002A,42,OBJECT_DELETE_CHILD,0x0000,0x0042,16
objectives,10,0xBE4,296,9,0xF8,0x002A,42,OBJECT_DELETE_CHILD,0x0000,0x0042,16
objectives,10,0xBE4,296,10,0x108,0x0005,5,ENDIF,0x0000,0x0022,8
objectives,10,0xBE4,296,11,0x110,0x0026,38,CALL_SEQUENCE,0x0000,0x0022,8
objectives,10,0xBE4,296,12,0x118,0x0005,5,ENDIF,0x0000,0x0022,8
objectives,10,0xBE4,296,13,0x120,0x001D,29,WHILE,0x0000,0x0022,8
objectives,11,0xD0C,136,0,0x1C,0x001C,28,LIGHT,0x0000,0x0022,8
objectives,11,0xD0C,136,1,0x24,0x0002,2,IF,0x0000,0x0062,24
objectives,11,0xD0C,136,2,0x3C,0x000E,14,WAIT,0x0000,0x0030,12
objectives,11,0xD0C,136,3,0x48,0x0041,65,HUD_STOP_DEFUSE_TIMER,0x0000,0x0022,8
objectives,11,0xD0C,136,4,0x50,0x001A,26,DESTRUCTION_SOURCE,0x0000,0x0082,32
objectives,11,0xD0C,136,5,0x70,0x0026,38,CALL_SEQUENCE,0x0000,0x0022,8
objectives,11,0xD0C,136,6,0x78,0x0005,5,ENDIF,0x0000,0x0022,8
objectives,11,0xD0C,136,7,0x80,0x001D,29,WHILE,0x0000,0x0022,8
objectives,12,0xD94,176,0,0x1C,0x001C,28,LIGHT,0x0000,0x0022,8
objectives,12,0xD94,176,1,0x24,0x0002,2,IF,0x0000,0x00F2,60
objectives,12,0xD94,176,2,0x60,0x002A,42,OBJECT_DELETE_CHILD,0x0000,0x0042,16
objectives,12,0xD94,176,3,0x70,0x002A,42,OBJECT_DELETE_CHILD,0x0000,0x0042,16
objectives,12,0xD94,176,4,0x80,0x002E,46,TIMER,0x0000,0x0040,16
objectives,12,0xD94,176,5,0x90,0x0026,38,CALL_SEQUENCE,0x0000,0x0022,8
objectives,12,0xD94,176,6,0x98,0x0026,38,CALL_SEQUENCE,0x0000,0x0022,8
objectives,12,0xD94,176,7,0xA0,0x0005,5,ENDIF,0x0000,0x0022,8
objectives,12,0xD94,176,8,0xA8,0x001D,29,WHILE,0x0000,0x0022,8
objectives,13,0xE44,256,0,0x1C,0x001C,28,LIGHT,0x0000,0x0022,8
objectives,13,0xE44,256,1,0x24,0x0002,2,IF,0x0000,0x0242,144
objectives,13,0xE44,256,2,0xB4,0x000E,14,WAIT,0x0000,0x0030,12
objectives,13,0xE44,256,3,0xC0,0x0041,65,HUD_STOP_DEFUSE_TIMER,0x0000,0x0022,8
objectives,13,0xE44,256,4,0xC8,0x001A,26,DESTRUCTION_SOURCE,0x0000,0x0082,32
objectives,13,0xE44,256,5,0xE8,0x0026,38,CALL_SEQUENCE,0x0000,0x0022,8
objectives,13,0xE44,256,6,0xF0,0x0005,5,ENDIF,0x0000,0x0022,8
objectives,13,0xE44,256,7,0xF8,0x001D,29,WHILE,0x0000,0x0022,8
objectives,14,0xF44,296,0,0x1C,0x001C,28,LIGHT,0x0000,0x0022,8
objectives,14,0xF44,296,1,0x24,0x0002,2,IF,0x0000,0x02D2,180
objectives,14,0xF44,296,2,0xD8,0x002A,42,OBJECT_DELETE_CHILD,0x0000,0x0042,16
objectives,14,0xF44,296,3,0xE8,0x002A,42,OBJECT_DELETE_CHILD,0x0000,0x0042,16
objectives,14,0xF44,296,4,0xF8,0x002E,46,TIMER,0x0000,0x0040,16
objectives,14,0xF44,296,5,0x108,0x0026,38,CALL_SEQUENCE,0x0000,0x0022,8
objectives,14,0xF44,296,6,0x110,0x0026,38,CALL_SEQUENCE,0x0000,0x0022,8
objectives,14,0xF44,296,7,0x118,0x0005,5,ENDIF,0x0000,0x0022,8
objectives,14,0xF44,296,8,0x120,0x001D,29,WHILE,0x0000,0x0022,8
objectives,15,0x106C,148,0,0x1C,0x001C,28,LIGHT,0x0000,0x0022,8
objectives,15,0x106C,148,1,0x24,0x0002,2,IF,0x0000,0x0062,24
objectives,15,0x106C,148,2,0x3C,0x002A,42,OBJECT_DELETE_CHILD,0x0000,0x0042,16
objectives,15,0x106C,148,3,0x4C,0x002A,42,OBJECT_DELETE_CHILD,0x0000,0x0042,16
objectives,15,0x106C,148,4,0x5C,0x002E,46,TIMER,0x0000,0x0040,16
objectives,15,0x106C,148,5,0x6C,0x0026,38,CALL_SEQUENCE,0x0000,0x0022,8
objectives,15,0x106C,148,6,0x74,0x0026,38,CALL_SEQUENCE,0x0000,0x0022,8
objectives,15,0x106C,148,7,0x7C,0x0026,38,CALL_SEQUENCE,0x0000,0x0022,8
objectives,15,0x106C,148,8,0x84,0x0005,5,ENDIF,0x0000,0x0022,8
objectives,15,0x106C,148,9,0x8C,0x001D,29,WHILE,0x0000,0x0022,8
objectives,16,0x1100,168,0,0x1C,0x001C,28,LIGHT,0x0000,0x0022,8
objectives,16,0x1100,168,1,0x24,0x0002,2,IF,0x0000,0x00E2,56
objectives,16,0x1100,168,2,0x5C,0x000E,14,WAIT,0x0000,0x0030,12
objectives,16,0x1100,168,3,0x68,0x0041,65,HUD_STOP_DEFUSE_TIMER,0x0000,0x0022,8
objectives,16,0x1100,168,4,0x70,0x001A,26,DESTRUCTION_SOURCE,0x0000,0x0082,32
objectives,16,0x1100,168,5,0x90,0x0026,38,CALL_SEQUENCE,0x0000,0x0022,8
objectives,16,0x1100,168,6,0x98,0x0005,5,ENDIF,0x0000,0x0022,8
objectives,16,0x1100,168,7,0xA0,0x001D,29,WHILE,0x0000,0x0022,8
objectives,17,0x11A8,232,0,0x1C,0x001C,28,LIGHT,0x0000,0x0022,8
objectives,17,0x11A8,232,1,0x24,0x0002,2,IF,0x0000,0x01B2,108
objectives,17,0x11A8,232,2,0x90,0x002A,42,OBJECT_DELETE_CHILD,0x0000,0x0042,16
objectives,17,0x11A8,232,3,0xA0,0x002A,42,OBJECT_DELETE_CHILD,0x0000,0x0042,16
objectives,17,0x11A8,232,4,0xB0,0x002E,46,TIMER,0x0000,0x0040,16
objectives,17,0x11A8,232,5,0xC0,0x0026,38,CALL_SEQUENCE,0x0000,0x0022,8
objectives,17,0x11A8,232,6,0xC8,0x0026,38,CALL_SEQUENCE,0x0000,0x0022,8
objectives,17,0x11A8,232,7,0xD0,0x0026,38,CALL_SEQUENCE,0x0000,0x0022,8
objectives,17,0x11A8,232,8,0xD8,0x0005,5,ENDIF,0x0000,0x0022,8
objectives,17,0x11A8,232,9,0xE0,0x001D,29,WHILE,0x0000,0x0022,8
objectives,18,0x1290,156,0,0x1C,0x001C,28,LIGHT,0x0000,0x0062,24
objectives,18,0x1290,156,1,0x34,0x001D,29,WHILE,0x0000,0x0022,8
objectives,18,0x1290,156,2,0x3C,0x000E,14,WAIT,0x0000,0x0030,12
objectives,18,0x1290,156,3,0x48,0x001A,26,DESTRUCTION_SOURCE,0x0000,0x0082,32
objectives,18,0x1290,156,4,0x68,0x000E,14,WAIT,0x0000,0x0030,12
objectives,18,0x1290,156,5,0x74,0x001A,26,DESTRUCTION_SOURCE,0x0000,0x0082,32
objectives,18,0x1290,156,6,0x94,0x0026,38,CALL_SEQUENCE,0x0000,0x0022,8
objectives,19,0x132C,112,0,0x1C,0x001C,28,LIGHT,0x0000,0x0062,24
objectives,19,0x132C,112,1,0x34,0x001D,29,WHILE,0x0000,0x0022,8
objectives,19,0x132C,112,2,0x3C,0x000E,14,WAIT,0x0000,0x0030,12
objectives,19,0x132C,112,3,0x48,0x001A,26,DESTRUCTION_SOURCE,0x0000,0x0082,32
objectives,19,0x132C,112,4,0x68,0x0026,38,CALL_SEQUENCE,0x0000,0x0022,8
objectives,20,0x139C,112,0,0x1C,0x001C,28,LIGHT,0x0000,0x0062,24
objectives,20,0x139C,112,1,0x34,0x001D,29,WHILE,0x0000,0x0022,8
objectives,20,0x139C,112,2,0x3C,0x000E,14,WAIT,0x0000,0x0030,12
objectives,20,0x139C,112,3,0x48,0x001A,26,DESTRUCTION_SOURCE,0x0000,0x0082,32
objectives,20,0x139C,112,4,0x68,0x0026,38,CALL_SEQUENCE,0x0000,0x0022,8
objectives,21,0x140C,488,0,0x1C,0x001C,28,LIGHT,0x0000,0x0022,8
objectives,21,0x140C,488,1,0x24,0x0002,2,IF,0x0000,0x00C2,48
objectives,21,0x140C,488,2,0x54,0x002E,46,TIMER,0x0000,0x0040,16
objectives,21,0x140C,488,3,0x64,0x0026,38,CALL_SEQUENCE,0x0000,0x0022,8
objectives,21,0x140C,488,4,0x6C,0x0003,3,ELSEIF,0x0000,0x00C2,48
objectives,21,0x140C,488,5,0x9C,0x002E,46,TIMER,0x0000,0x0040,16
objectives,21,0x140C,488,6,0xAC,0x0026,38,CALL_SEQUENCE,0x0000,0x0022,8
objectives,21,0x140C,488,7,0xB4,0x0005,5,ENDIF,0x0000,0x0022,8
objectives,21,0x140C,488,8,0xBC,0x0002,2,IF,0x0000,0x02A2,168
objectives,21,0x140C,488,9,0x164,0x002A,42,OBJECT_DELETE_CHILD,0x0000,0x0042,16
objectives,21,0x140C,488,10,0x174,0x002A,42,OBJECT_DELETE_CHILD,0x0000,0x0042,16
objectives,21,0x140C,488,11,0x184,0x021A,26,DESTRUCTION_SOURCE,0x0200,0x00A0,40
objectives,21,0x140C,488,12,0x1AC,0x002E,46,TIMER,0x0000,0x0040,16
objectives,21,0x140C,488,13,0x1BC,0x000E,14,WAIT,0x0000,0x0030,12
objectives,21,0x140C,488,14,0x1C8,0x0041,65,HUD_STOP_DEFUSE_TIMER,0x0000,0x0022,8
objectives,21,0x140C,488,15,0x1D0,0x0026,38,CALL_SEQUENCE,0x0000,0x0022,8
objectives,21,0x140C,488,16,0x1D8,0x0005,5,ENDIF,0x0000,0x0022,8
objectives,21,0x140C,488,17,0x1E0,0x001D,29,WHILE,0x0000,0x0022,8
objectives,22,0x15F4,356,0,0x1C,0x001C,28,LIGHT,0x0000,0x0022,8
objectives,22,0x15F4,356,1,0x24,0x0002,2,IF,0x0000,0x0102,64
objectives,22,0x15F4,356,2,0x64,0x0026,38,CALL_SEQUENCE,0x0000,0x0022,8
objectives,22,0x15F4,356,3,0x6C,0x002A,42,OBJECT_DELETE_CHILD,0x0000,0x0042,16
objectives,22,0x15F4,356,4,0x7C,0x002A,42,OBJECT_DELETE_CHILD,0x0000,0x0042,16
objectives,22,0x15F4,356,5,0x8C,0x002E,46,TIMER,0x0000,0x0040,16
objectives,22,0x15F4,356,6,0x9C,0x002E,46,TIMER,0x0000,0x0040,16
objectives,22,0x15F4,356,7,0xAC,0x001A,26,DESTRUCTION_SOURCE,0x0000,0x0082,32
objectives,22,0x15F4,356,8,0xCC,0x001A,26,DESTRUCTION_SOURCE,0x0000,0x0082,32
objectives,22,0x15F4,356,9,0xEC,0x000E,14,WAIT,0x0000,0x0030,12
objectives,22,0x15F4,356,10,0xF8,0x001A,26,DESTRUCTION_SOURCE,0x0000,0x0082,32
objectives,22,0x15F4,356,11,0x118,0x002A,42,OBJECT_DELETE_CHILD,0x0000,0x0042,16
objectives,22,0x15F4,356,12,0x128,0x002A,42,OBJECT_DELETE_CHILD,0x0000,0x0042,16
objectives,22,0x15F4,356,13,0x138,0x000E,14,WAIT,0x0000,0x0030,12
objectives,22,0x15F4,356,14,0x144,0x0041,65,HUD_STOP_DEFUSE_TIMER,0x0000,0x0022,8
objectives,22,0x15F4,356,15,0x14C,0x0026,38,CALL_SEQUENCE,0x0000,0x0022,8
objectives,22,0x15F4,356,16,0x154,0x0005,5,ENDIF,0x0000,0x0022,8
objectives,22,0x15F4,356,17,0x15C,0x001D,29,WHILE,0x0000,0x0022,8
objectives,23,0x1758,392,0,0x1C,0x001C,28,LIGHT,0x0000,0x0022,8
objectives,23,0x1758,392,1,0x24,0x0002,2,IF,0x0000,0x0082,32
objectives,23,0x1758,392,2,0x44,0x002E,46,TIMER,0x0000,0x0040,16
objectives,23,0x1758,392,3,0x54,0x0101,1,QUAD_ALIGN,0x0100,0x0022,8
objectives,23,0x1758,392,4,0x5C,0x0002,2,IF,0x0000,0x0182,96
objectives,23,0x1758,392,5,0xBC,0x002E,46,TIMER,0x0000,0x0040,16
objectives,23,0x1758,392,6,0xCC,0x0025,37,INVALIDATE_ANIMATION,0x0000,0x0022,8
objectives,23,0x1758,392,7,0xD4,0x0026,38,CALL_SEQUENCE,0x0000,0x0022,8
objectives,23,0x1758,392,8,0xDC,0x0005,5,ENDIF,0x0000,0x0022,8
objectives,23,0x1758,392,9,0xE4,0x002E,46,TIMER,0x0000,0x0040,16
objectives,23,0x1758,392,10,0xF4,0x002E,46,TIMER,0x0000,0x0040,16
objectives,23,0x1758,392,11,0x104,0x002E,46,TIMER,0x0000,0x0040,16
objectives,23,0x1758,392,12,0x114,0x0202,2,IF,0x0200,0x0040,16
objectives,23,0x1758,392,13,0x124,0x0211,17,OBJECT_TRANSLATE_STATE,0x0200,0x0070,28
objectives,23,0x1758,392,14,0x140,0x002E,46,TIMER,0x0000,0x0040,16
objectives,23,0x1758,392,15,0x150,0x002A,42,OBJECT_DELETE_CHILD,0x0000,0x0042,16
objectives,23,0x1758,392,16,0x160,0x002A,42,OBJECT_DELETE_CHILD,0x0000,0x0042,16
objectives,23,0x1758,392,17,0x170,0x0026,38,CALL_SEQUENCE,0x0000,0x0022,8
objectives,23,0x1758,392,18,0x178,0x0005,5,ENDIF,0x0000,0x0022,8
objectives,23,0x1758,392,19,0x180,0x001D,29,WHILE,0x0000,0x0022,8
objectives,24,0x18E0,188,0,0x1C,0x001C,28,LIGHT,0x0000,0x0022,8
objectives,24,0x18E0,188,1,0x24,0x0002,2,IF,0x0000,0x0062,24
objectives,24,0x18E0,188,2,0x3C,0x0002,2,IF,0x0000,0x0062,24
objectives,24,0x18E0,188,3,0x54,0x002A,42,OBJECT_DELETE_CHILD,0x0000,0x0042,16
objectives,24,0x18E0,188,4,0x64,0x021A,26,DESTRUCTION_SOURCE,0x0200,0x00A0,40
objectives,24,0x18E0,188,5,0x8C,0x0026,38,CALL_SEQUENCE,0x0000,0x0022,8
objectives,24,0x18E0,188,6,0x94,0x0004,4,ELSE,0x0000,0x0022,8
objectives,24,0x18E0,188,7,0x9C,0x0026,38,CALL_SEQUENCE,0x0000,0x0022,8
objectives,24,0x18E0,188,8,0xA4,0x0005,5,ENDIF,0x0000,0x0022,8
objectives,24,0x18E0,188,9,0xAC,0x0005,5,ENDIF,0x0000,0x0022,8
objectives,24,0x18E0,188,10,0xB4,0x001D,29,WHILE,0x0000,0x0022,8
objectives,25,0x199C,152,0,0x1C,0x001C,28,LIGHT,0x0000,0x0022,8
objectives,25,0x199C,152,1,0x24,0x0002,2,IF,0x0000,0x0092,36
objectives,25,0x199C,152,2,0x48,0x0202,2,IF,0x0200,0x0040,16
objectives,25,0x199C,152,3,0x58,0x001A,26,DESTRUCTION_SOURCE,0x0000,0x0082,32
objectives,25,0x199C,152,4,0x78,0x0026,38,CALL_SEQUENCE,0x0000,0x0022,8
objectives,25,0x199C,152,5,0x80,0x0026,38,CALL_SEQUENCE,0x0000,0x0022,8
objectives,25,0x199C,152,6,0x88,0x0005,5,ENDIF,0x0000,0x0022,8
objectives,25,0x199C,152,7,0x90,0x001D,29,WHILE,0x0000,0x0022,8
objectives,26,0x1A34,176,0,0x1C,0x001C,28,LIGHT,0x0000,0x0022,8
objectives,26,0x1A34,176,1,0x24,0x0002,2,IF,0x0000,0x00F2,60
objectives,26,0x1A34,176,2,0x60,0x0202,2,IF,0x0200,0x0040,16
objectives,26,0x1A34,176,3,0x70,0x001A,26,DESTRUCTION_SOURCE,0x0000,0x0082,32
objectives,26,0x1A34,176,4,0x90,0x0026,38,CALL_SEQUENCE,0x0000,0x0022,8
objectives,26,0x1A34,176,5,0x98,0x0026,38,CALL_SEQUENCE,0x0000,0x0022,8
objectives,26,0x1A34,176,6,0xA0,0x0005,5,ENDIF,0x0000,0x0022,8
objectives,26,0x1A34,176,7,0xA8,0x001D,29,WHILE,0x0000,0x0022,8
objectives,27,0x1AE4,176,0,0x1C,0x001C,28,LIGHT,0x0000,0x0022,8
objectives,27,0x1AE4,176,1,0x24,0x0002,2,IF,0x0000,0x00F2,60
objectives,27,0x1AE4,176,2,0x60,0x0202,2,IF,0x0200,0x0040,16
objectives,27,0x1AE4,176,3,0x70,0x0041,65,HUD_STOP_DEFUSE_TIMER,0x0000,0x0022,8
objectives,27,0x1AE4,176,4,0x78,0x001A,26,DESTRUCTION_SOURCE,0x0000,0x0082,32
objectives,27,0x1AE4,176,5,0x98,0x0026,38,CALL_SEQUENCE,0x0000,0x0022,8
objectives,27,0x1AE4,176,6,0xA0,0x0005,5,ENDIF,0x0000,0x0022,8
objectives,27,0x1AE4,176,7,0xA8,0x001D,29,WHILE,0x0000,0x0022,8
objectives,28,0x1B94,168,0,0x1C,0x001C,28,LIGHT,0x0000,0x0022,8
objectives,28,0x1B94,168,1,0x24,0x0002,2,IF,0x0000,0x00F2,60
objectives,28,0x1B94,168,2,0x60,0x0202,2,IF,0x0200,0x0040,16
objectives,28,0x1B94,168,3,0x70,0x001A,26,DESTRUCTION_SOURCE,0x0000,0x0082,32
objectives,28,0x1B94,168,4,0x90,0x0026,38,CALL_SEQUENCE,0x0000,0x0022,8
objectives,28,0x1B94,168,5,0x98,0x0005,5,ENDIF,0x0000,0x0022,8
objectives,28,0x1B94,168,6,0xA0,0x001D,29,WHILE,0x0000,0x0022,8
objectives,29,0x1C3C,432,0,0x1C,0x001C,28,LIGHT,0x0000,0x0022,8
objectives,29,0x1C3C,432,1,0x24,0x0002,2,IF,0x0000,0x0092,36
objectives,29,0x1C3C,432,2,0x48,0x001A,26,DESTRUCTION_SOURCE,0x0000,0x0082,32
objectives,29,0x1C3C,432,3,0x68,0x0202,2,IF,0x0200,0x0040,16
objectives,29,0x1C3C,432,4,0x78,0x0002,2,IF,0x0000,0x00C2,48
objectives,29,0x1C3C,432,5,0xA8,0x0002,2,IF,0x0000,0x0042,16
objectives,29,0x1C3C,432,6,0xB8,0x021A,26,DESTRUCTION_SOURCE,0x0200,0x00A0,40
objectives,29,0x1C3C,432,7,0xE0,0x0004,4,ELSE,0x0000,0x0022,8
objectives,29,0x1C3C,432,8,0xE8,0x021A,26,DESTRUCTION_SOURCE,0x0200,0x00A0,40
objectives,29,0x1C3C,432,9,0x110,0x0005,5,ENDIF,0x0000,0x0022,8
objectives,29,0x1C3C,432,10,0x118,0x0002,2,IF,0x0000,0x0062,24
objectives,29,0x1C3C,432,11,0x130,0x0041,65,HUD_STOP_DEFUSE_TIMER,0x0000,0x0022,8
objectives,29,0x1C3C,432,12,0x138,0x002A,42,OBJECT_DELETE_CHILD,0x0000,0x0042,16
objectives,29,0x1C3C,432,13,0x148,0x002A,42,OBJECT_DELETE_CHILD,0x0000,0x0042,16
objectives,29,0x1C3C,432,14,0x158,0x0005,5,ENDIF,0x0000,0x0022,8
objectives,29,0x1C3C,432,15,0x160,0x0025,37,INVALIDATE_ANIMATION,0x0000,0x0022,8
objectives,29,0x1C3C,432,16,0x168,0x002E,46,TIMER,0x0000,0x0040,16
objectives,29,0x1C3C,432,17,0x178,0x0004,4,ELSE,0x0000,0x0022,8
objectives,29,0x1C3C,432,18,0x180,0x002E,46,TIMER,0x0000,0x0040,16
objectives,29,0x1C3C,432,19,0x190,0x0005,5,ENDIF,0x0000,0x0022,8
objectives,29,0x1C3C,432,20,0x198,0x0026,38,CALL_SEQUENCE,0x0000,0x0022,8
objectives,29,0x1C3C,432,21,0x1A0,0x0005,5,ENDIF,0x0000,0x0022,8
objectives,29,0x1C3C,432,22,0x1A8,0x001D,29,WHILE,0x0000,0x0022,8
objectives,30,0x1DEC,200,0,0x1C,0x001C,28,LIGHT,0x0000,0x0022,8
objectives,30,0x1DEC,200,1,0x24,0x0002,2,IF,0x0000,0x01B2,108
objectives,30,0x1DEC,200,2,0x90,0x0202,2,IF,0x0200,0x0040,16
objectives,30,0x1DEC,200,3,0xA0,0x0202,2,IF,0x0200,0x0040,16
objectives,30,0x1DEC,200,4,0xB0,0x0026,38,CALL_SEQUENCE,0x0000,0x0022,8
objectives,30,0x1DEC,200,5,0xB8,0x0005,5,ENDIF,0x0000,0x0022,8
objectives,30,0x1DEC,200,6,0xC0,0x001D,29,WHILE,0x0000,0x0022,8
objectives,31,0x1EB4,224,0,0x1C,0x001C,28,LIGHT,0x0000,0x0022,8
objectives,31,0x1EB4,224,1,0x24,0x0002,2,IF,0x0000,0x0092,36
objectives,31,0x1EB4,224,2,0x48,0x0202,2,IF,0x0200,0x0040,16
objectives,31,0x1EB4,224,3,0x58,0x0002,2,IF,0x0000,0x0042,16
objectives,31,0x1EB4,224,4,0x68,0x021A,26,DESTRUCTION_SOURCE,0x0200,0x00A0,40
objectives,31,0x1EB4,224,5,0x90,0x0004,4,ELSE,0x0000,0x0022,8
objectives,31,0x1EB4,224,6,0x98,0x021A,26,DESTRUCTION_SOURCE,0x0200,0x00A0,40
objectives,31,0x1EB4,224,7,0xC0,0x0005,5,ENDIF,0x0000,0x0022,8
objectives,31,0x1EB4,224,8,0xC8,0x0026,38,CALL_SEQUENCE,0x0000,0x0022,8
objectives,31,0x1EB4,224,9,0xD0,0x0005,5,ENDIF,0x0000,0x0022,8
objectives,31,0x1EB4,224,10,0xD8,0x001D,29,WHILE,0x0000,0x0022,8
objectives,32,0x1F94,144,0,0x1C,0x001C,28,LIGHT,0x0000,0x0022,8
objectives,32,0x1F94,144,1,0x24,0x0002,2,IF,0x0000,0x0092,36
objectives,32,0x1F94,144,2,0x48,0x0202,2,IF,0x0200,0x0040,16
objectives,32,0x1F94,144,3,0x58,0x001A,26,DESTRUCTION_SOURCE,0x0000,0x0082,32
objectives,32,0x1F94,144,4,0x78,0x0026,38,CALL_SEQUENCE,0x0000,0x0022,8
objectives,32,0x1F94,144,5,0x80,0x0005,5,ENDIF,0x0000,0x0022,8
objectives,32,0x1F94,144,6,0x88,0x001D,29,WHILE,0x0000,0x0022,8
objectives,33,0x2024,124,0,0x1C,0x001C,28,LIGHT,0x0000,0x0022,8
objectives,33,0x2024,124,1,0x24,0x0002,2,IF,0x0000,0x0092,36
objectives,33,0x2024,124,2,0x48,0x000E,14,WAIT,0x0000,0x0030,12
objectives,33,0x2024,124,3,0x54,0x0202,2,IF,0x0200,0x0040,16
objectives,33,0x2024,124,4,0x64,0x0026,38,CALL_SEQUENCE,0x0000,0x0022,8
objectives,33,0x2024,124,5,0x6C,0x0005,5,ENDIF,0x0000,0x0022,8
objectives,33,0x2024,124,6,0x74,0x001D,29,WHILE,0x0000,0x0022,8
objectives,34,0x20A0,256,0,0x1C,0x001C,28,LIGHT,0x0000,0x0022,8
objectives,34,0x20A0,256,1,0x24,0x0002,2,IF,0x0000,0x0062,24
objectives,34,0x20A0,256,2,0x3C,0x0026,38,CALL_SEQUENCE,0x0000,0x0022,8
objectives,34,0x20A0,256,3,0x44,0x0003,3,ELSEIF,0x0000,0x00B2,44
objectives,34,0x20A0,256,4,0x70,0x0002,2,IF,0x0000,0x0042,16
objectives,34,0x20A0,256,5,0x80,0x021A,26,DESTRUCTION_SOURCE,0x0200,0x00A0,40
objectives,34,0x20A0,256,6,0xA8,0x0004,4,ELSE,0x0000,0x0022,8
objectives,34,0x20A0,256,7,0xB0,0x021A,26,DESTRUCTION_SOURCE,0x0200,0x00A0,40
objectives,34,0x20A0,256,8,0xD8,0x0005,5,ENDIF,0x0000,0x0022,8
objectives,34,0x20A0,256,9,0xE0,0x0041,65,HUD_STOP_DEFUSE_TIMER,0x0000,0x0022,8
objectives,34,0x20A0,256,10,0xE8,0x0026,38,CALL_SEQUENCE,0x0000,0x0022,8
objectives,34,0x20A0,256,11,0xF0,0x0005,5,ENDIF,0x0000,0x0022,8
objectives,34,0x20A0,256,12,0xF8,0x001D,29,WHILE,0x0000,0x0022,8
objectives,35,0x21A0,184,0,0x1C,0x001C,28,LIGHT,0x0000,0x0022,8
objectives,35,0x21A0,184,1,0x24,0x0002,2,IF,0x0000,0x0062,24
objectives,35,0x21A0,184,2,0x3C,0x0026,38,CALL_SEQUENCE,0x0000,0x0022,8
objectives,35,0x21A0,184,3,0x44,0x002A,42,OBJECT_DELETE_CHILD,0x0000,0x0042,16
objectives,35,0x21A0,184,4,0x54,0x002A,42,OBJECT_DELETE_CHILD,0x0000,0x0042,16
objectives,35,0x21A0,184,5,0x64,0x001A,26,DESTRUCTION_SOURCE,0x0000,0x0082,32
objectives,35,0x21A0,184,6,0x84,0x000E,14,WAIT,0x0000,0x0030,12
objectives,35,0x21A0,184,7,0x90,0x0025,37,INVALIDATE_ANIMATION,0x0000,0x0022,8
objectives,35,0x21A0,184,8,0x98,0x0026,38,CALL_SEQUENCE,0x0000,0x0022,8
objectives,35,0x21A0,184,9,0xA0,0x0026,38,CALL_SEQUENCE,0x0000,0x0022,8
objectives,35,0x21A0,184,10,0xA8,0x0005,5,ENDIF,0x0000,0x0022,8
objectives,35,0x21A0,184,11,0xB0,0x001D,29,WHILE,0x0000,0x0022,8
objectives,36,0x2258,136,0,0x1C,0x001C,28,LIGHT,0x0000,0x0022,8
objectives,36,0x2258,136,1,0x24,0x0002,2,IF,0x0000,0x0062,24
objectives,36,0x2258,136,2,0x3C,0x000E,14,WAIT,0x0000,0x0030,12
objectives,36,0x2258,136,3,0x48,0x021A,26,DESTRUCTION_SOURCE,0x0200,0x00A0,40
objectives,36,0x2258,136,4,0x70,0x0026,38,CALL_SEQUENCE,0x0000,0x0022,8
objectives,36,0x2258,136,5,0x78,0x0005,5,ENDIF,0x0000,0x0022,8
objectives,36,0x2258,136,6,0x80,0x001D,29,WHILE,0x0000,0x0022,8
objectives,37,0x22E0,252,0,0x1C,0x001C,28,LIGHT,0x0000,0x0022,8
objectives,37,0x22E0,252,1,0x24,0x0002,2,IF,0x0000,0x02C2,176
objectives,37,0x22E0,252,2,0xD4,0x0025,37,INVALIDATE_ANIMATION,0x0000,0x0022,8
objectives,37,0x22E0,252,3,0xDC,0x0025,37,INVALIDATE_ANIMATION,0x0000,0x0022,8
objectives,37,0x22E0,252,4,0xE4,0x0026,38,CALL_SEQUENCE,0x0000,0x0022,8
objectives,37,0x22E0,252,5,0xEC,0x0005,5,ENDIF,0x0000,0x0022,8
objectives,37,0x22E0,252,6,0xF4,0x001D,29,WHILE,0x0000,0x0022,8
objectives,38,0x23DC,136,0,0x1C,0x001C,28,LIGHT,0x0000,0x0022,8
objectives,38,0x23DC,136,1,0x24,0x0002,2,IF,0x0000,0x00D2,52
objectives,38,0x23DC,136,2,0x58,0x0202,2,IF,0x0200,0x0040,16
objectives,38,0x23DC,136,3,0x68,0x0101,1,QUAD_ALIGN,0x0100,0x0022,8
objectives,38,0x23DC,136,4,0x70,0x0026,38,CALL_SEQUENCE,0x0000,0x0022,8
objectives,38,0x23DC,136,5,0x78,0x0005,5,ENDIF,0x0000,0x0022,8
objectives,38,0x23DC,136,6,0x80,0x001D,29,WHILE,0x0000,0x0022,8
objectives,39,0x2464,148,0,0x1C,0x001C,28,LIGHT,0x0000,0x0022,8
objectives,39,0x2464,148,1,0x24,0x0002,2,IF,0x0000,0x0122,72
objectives,39,0x2464,148,2,0x6C,0x0202,2,IF,0x0200,0x0040,16
objectives,39,0x2464,148,3,0x7C,0x0026,38,CALL_SEQUENCE,0x0000,0x0022,8
objectives,39,0x2464,148,4,0x84,0x0005,5,ENDIF,0x0000,0x0022,8
objectives,39,0x2464,148,5,0x8C,0x001D,29,WHILE,0x0000,0x0022,8
objectives,40,0x24F8,328,0,0x1C,0x001C,28,LIGHT,0x0000,0x0022,8
objectives,40,0x24F8,328,1,0x24,0x0002,2,IF,0x0000,0x0122,72
objectives,40,0x24F8,328,2,0x6C,0x0041,65,HUD_STOP_DEFUSE_TIMER,0x0000,0x0022,8
objectives,40,0x24F8,328,3,0x74,0x002B,43,OBJECT_ADD_CHILD,0x0000,0x0032,12
objectives,40,0x24F8,328,4,0x80,0x002E,46,TIMER,0x0000,0x0040,16
objectives,40,0x24F8,328,5,0x90,0x000E,14,WAIT,0x0000,0x0030,12
objectives,40,0x24F8,328,6,0x9C,0x0026,38,CALL_SEQUENCE,0x0000,0x0022,8
objectives,40,0x24F8,328,7,0xA4,0x0026,38,CALL_SEQUENCE,0x0000,0x0022,8
objectives,40,0x24F8,328,8,0xAC,0x0003,3,ELSEIF,0x0000,0x00C2,48
objectives,40,0x24F8,328,9,0xDC,0x0041,65,HUD_STOP_DEFUSE_TIMER,0x0000,0x0022,8
objectives,40,0x24F8,328,10,0xE4,0x002B,43,OBJECT_ADD_CHILD,0x0000,0x0032,12
objectives,40,0x24F8,328,11,0xF0,0x000E,14,WAIT,0x0000,0x0030,12
objectives,40,0x24F8,328,12,0xFC,0x002E,46,TIMER,0x0000,0x0040,16
objectives,40,0x24F8,328,13,0x10C,0x002E,46,TIMER,0x0000,0x0040,16
objectives,40,0x24F8,328,14,0x11C,0x000E,14,WAIT,0x0000,0x0030,12
objectives,40,0x24F8,328,15,0x128,0x0026,38,CALL_SEQUENCE,0x0000,0x0022,8
objectives,40,0x24F8,328,16,0x130,0x0026,38,CALL_SEQUENCE,0x0000,0x0022,8
objectives,40,0x24F8,328,17,0x138,0x0005,5,ENDIF,0x0000,0x0022,8
objectives,40,0x24F8,328,18,0x140,0x001D,29,WHILE,0x0000,0x0022,8
objectives,41,0x2640,168,0,0x1C,0x001C,28,LIGHT,0x0000,0x0022,8
objectives,41,0x2640,168,1,0x24,0x0002,2,IF,0x0000,0x0122,72
objectives,41,0x2640,168,2,0x6C,0x002E,46,TIMER,0x0000,0x0040,16
objectives,41,0x2640,168,3,0x7C,0x002B,43,OBJECT_ADD_CHILD,0x0000,0x0032,12
objectives,41,0x2640,168,4,0x88,0x0026,38,CALL_SEQUENCE,0x0000,0x0022,8
objectives,41,0x2640,168,5,0x90,0x0026,38,CALL_SEQUENCE,0x0000,0x0022,8
objectives,41,0x2640,168,6,0x98,0x0005,5,ENDIF,0x0000,0x0022,8
objectives,41,0x2640,168,7,0xA0,0x001D,29,WHILE,0x0000,0x0022,8
objectives,42,0x26E8,188,0,0x1C,0x000E,14,WAIT,0x0000,0x0030,12
objectives,42,0x26E8,188,1,0x28,0x0041,65,HUD_STOP_DEFUSE_TIMER,0x0000,0x0022,8
objectives,42,0x26E8,188,2,0x30,0x000E,14,WAIT,0x0000,0x0030,12
objectives,42,0x26E8,188,3,0x3C,0x0002,2,IF,0x0000,0x0062,24
objectives,42,0x26E8,188,4,0x54,0x0041,65,HUD_STOP_DEFUSE_TIMER,0x0000,0x0022,8
objectives,42,0x26E8,188,5,0x5C,0x0005,5,ENDIF,0x0000,0x0022,8
objectives,42,0x26E8,188,6,0x64,0x000E,14,WAIT,0x0000,0x0030,12
objectives,42,0x26E8,188,7,0x70,0x0041,65,HUD_STOP_DEFUSE_TIMER,0x0000,0x0022,8
objectives,42,0x26E8,188,8,0x78,0x000E,14,WAIT,0x0000,0x0030,12
objectives,42,0x26E8,188,9,0x84,0x0041,65,HUD_STOP_DEFUSE_TIMER,0x0000,0x0022,8
objectives,42,0x26E8,188,10,0x8C,0x000E,14,WAIT,0x0000,0x0030,12
objectives,42,0x26E8,188,11,0x98,0x0041,65,HUD_STOP_DEFUSE_TIMER,0x0000,0x0022,8
objectives,42,0x26E8,188,12,0xA0,0x000E,14,WAIT,0x0000,0x0030,12
objectives,42,0x26E8,188,13,0xAC,0x0041,65,HUD_STOP_DEFUSE_TIMER,0x0000,0x0022,8
objectives,42,0x26E8,188,14,0xB4,0x0026,38,CALL_SEQUENCE,0x0000,0x0022,8
objectives,43,0x27A4,76,0,0x1C,0x002E,46,TIMER,0x0000,0x0040,16
objectives,43,0x27A4,76,1,0x2C,0x0101,1,QUAD_ALIGN,0x0100,0x0022,8
objectives,43,0x27A4,76,2,0x34,0x002E,46,TIMER,0x0000,0x0040,16
objectives,43,0x27A4,76,3,0x44,0x0026,38,CALL_SEQUENCE,0x0000,0x0022,8
objectives,44,0x27F0,52,0,0x1C,0x002E,46,TIMER,0x0000,0x0040,16
objectives,44,0x27F0,52,1,0x2C,0x0026,38,CALL_SEQUENCE,0x0000,0x0022,8
deactivate_copter,0,0x0,44,0,0x1C,0x0010,16,OBJECT_ACTIVE_STATE,0x0000,0x0022,8
deactivate_copter,0,0x0,44,1,0x24,0x0010,16,OBJECT_ACTIVE_STATE,0x0000,0x0022,8
m8extract,0,0x0,452,0,0x1C,0x002F,47,FIRE_WEAPON,0x0000,0x0022,8
m8extract,0,0x0,452,1,0x24,0x0010,16,OBJECT_ACTIVE_STATE,0x0000,0x0022,8
m8extract,0,0x0,452,2,0x2C,0x001A,26,DESTRUCTION_SOURCE,0x0000,0x0082,32
m8extract,0,0x0,452,3,0x4C,0x0025,37,INVALIDATE_ANIMATION,0x0000,0x0022,8
m8extract,0,0x0,452,4,0x54,0x0025,37,INVALIDATE_ANIMATION,0x0000,0x0022,8
m8extract,0,0x0,452,5,0x5C,0x0025,37,INVALIDATE_ANIMATION,0x0000,0x0022,8
m8extract,0,0x0,452,6,0x64,0x0025,37,INVALIDATE_ANIMATION,0x0000,0x0022,8
m8extract,0,0x0,452,7,0x6C,0x0025,37,INVALIDATE_ANIMATION,0x0000,0x0022,8
m8extract,0,0x0,452,8,0x74,0x003B,59,HUD_ON,0x0000,0x0022,8
m8extract,0,0x0,452,9,0x7C,0x0016,22,OBJECT_OPACITY_FROM_TO,0x0000,0x0110,68
m8extract,0,0x0,452,10,0xC0,0x0016,22,OBJECT_OPACITY_FROM_TO,0x0000,0x0110,68
m8extract,0,0x0,452,11,0x104,0x0016,22,OBJECT_OPACITY_FROM_TO,0x0000,0x0110,68
m8extract,0,0x0,452,12,0x148,0x0016,22,OBJECT_OPACITY_FROM_TO,0x0000,0x0110,68
m8extract,0,0x0,452,13,0x18C,0x0026,38,CALL_SEQUENCE,0x0000,0x0022,8
m8extract,0,0x0,452,14,0x194,0x0026,38,CALL_SEQUENCE,0x0000,0x0022,8
m8extract,0,0x0,452,15,0x19C,0x0026,38,CALL_SEQUENCE,0x0000,0x0022,8
m8extract,0,0x0,452,16,0x1A4,0x0026,38,CALL_SEQUENCE,0x0000,0x0022,8
m8extract,0,0x0,452,17,0x1AC,0x0010,16,OBJECT_ACTIVE_STATE,0x0000,0x0022,8
m8extract,0,0x0,452,18,0x1B4,0x002E,46,TIMER,0x0000,0x0040,16
m8extract,1,0x1C4,516,0,0x1C,0x0017,23,OBJECT_MOTION_SI_SCRIPT,0x0000,0x0372,220
m8extract,1,0x1C4,516,1,0xF8,0x000E,14,WAIT,0x0000,0x0030,12
m8extract,1,0x1C4,516,2,0x104,0x0017,23,OBJECT_MOTION_SI_SCRIPT,0x0000,0x0372,220
m8extract,1,0x1C4,516,3,0x1E0,0x000E,14,WAIT,0x0000,0x0030,12
m8extract,1,0x1C4,516,4,0x1EC,0x0020,32,BREAK,0x0000,0x0062,24
m8extract,2,0x3C8,92,0,0x1C,0x001A,26,DESTRUCTION_SOURCE,0x0000,0x0082,32
m8extract,2,0x3C8,92,1,0x3C,0x001A,26,DESTRUCTION_SOURCE,0x0000,0x0082,32
m8extract,3,0x424,96,0,0x1C,0x0016,22,OBJECT_OPACITY_FROM_TO,0x0000,0x0110,68
m8extract,4,0x484,200,0,0x1C,0x0013,19,OBJECT_MOTION,0x0000,0x0280,160
m8extract,4,0x484,200,1,0xBC,0x000D,13,LOOP,0x0000,0x0032,12
m8extract,5,0x54C,200,0,0x1C,0x0013,19,OBJECT_MOTION,0x0000,0x0280,160
m8extract,5,0x54C,200,1,0xBC,0x000D,13,LOOP,0x0000,0x0032,12
m8extract,6,0x614,380,0,0x1C,0x0017,23,OBJECT_MOTION_SI_SCRIPT,0x0000,0x0582,352
do_fadetoblack,0,0x0,100,0,0x1C,0x0010,16,OBJECT_ACTIVE_STATE,0x0000,0x0022,8
do_fadetoblack,0,0x0,100,1,0x24,0x0011,17,OBJECT_TRANSLATE_STATE,0x0000,0x0052,20
do_fadetoblack,0,0x0,100,2,0x38,0x0012,18,OBJECT_ROTATE_STATE,0x0000,0x0052,20
do_fadetoblack,0,0x0,100,3,0x4C,0x000E,14,WAIT,0x0000,0x0030,12
do_fadetoblack,0,0x0,100,4,0x58,0x000D,13,LOOP,0x0000,0x0032,12
do_fadetoblack,1,0x64,60,0,0x1C,0x0015,21,OBJECT_OPACITY_FROM_TO,0x0000,0x0060,24
do_fadetoblack,1,0x64,60,1,0x34,0x0010,16,OBJECT_ACTIVE_STATE,0x0000,0x0022,8
m8objsetup,0,0x0,36,0,0x1C,0x0010,16,OBJECT_ACTIVE_STATE,0x0000,0x0022,8
m8obj1,0,0x0,116,0,0x1C,0x002F,47,FIRE_WEAPON,0x0000,0x0022,8
m8obj1,0,0x0,116,1,0x24,0x0022,34,STOP_ANIMATION,0x0000,0x0022,8
m8obj1,0,0x0,116,2,0x2C,0x0034,52,DYNAMICS_ACQUIRE_CAMERA,0x0000,0x0122,72
m8obj1,1,0x74,320,0,0x1C,0x001C,28,LIGHT,0x0000,0x0022,8
m8obj1,1,0x74,320,1,0x24,0x0014,20,OBJECT_MOTION_FROM_TO,0x0000,0x0200,128
m8obj1,1,0x74,320,2,0xA4,0x0014,20,OBJECT_MOTION_FROM_TO,0x0000,0x0200,128
m8obj1,1,0x74,320,3,0x124,0x0025,37,INVALIDATE_ANIMATION,0x0000,0x0022,8
m8obj1,1,0x74,320,4,0x12C,0x000E,14,WAIT,0x0000,0x0030,12
m8obj1,1,0x74,320,5,0x138,0x001D,29,WHILE,0x0000,0x0022,8
m8obj1,2,0x1B4,84,0,0x1C,0x000E,14,WAIT,0x0000,0x0030,12
m8obj1,2,0x1B4,84,1,0x28,0x0020,32,BREAK,0x0000,0x0062,24
m8obj1,2,0x1B4,84,2,0x40,0x000E,14,WAIT,0x0000,0x0030,12
m8obj1,2,0x1B4,84,3,0x4C,0x0021,33,CALL_ANIMATION,0x0000,0x0022,8
m8obj1,3,0x208,80,0,0x1C,0x0030,48,REMOVE_SATCHELS,0x0000,0x0022,8
m8obj1,3,0x208,80,1,0x24,0x0034,52,DYNAMICS_ACQUIRE_CAMERA,0x0000,0x0092,36
m8obj1,3,0x208,80,2,0x48,0x0023,35,PAUSE_ANIMATION,0x0000,0x0022,8
m8obj2,0,0x0,92,0,0x1C,0x002F,47,FIRE_WEAPON,0x0000,0x0022,8
m8obj2,0,0x0,92,1,0x24,0x0022,34,STOP_ANIMATION,0x0000,0x0022,8
m8obj2,0,0x0,92,2,0x2C,0x0034,52,DYNAMICS_ACQUIRE_CAMERA,0x0000,0x00C2,48
m8obj2,1,0x5C,180,0,0x1C,0x001C,28,LIGHT,0x0000,0x0022,8
m8obj2,1,0x5C,180,1,0x24,0x0025,37,INVALIDATE_ANIMATION,0x0000,0x0022,8
m8obj2,1,0x5C,180,2,0x2C,0x0014,20,OBJECT_MOTION_FROM_TO,0x0000,0x0200,128
m8obj2,1,0x5C,180,3,0xAC,0x001D,29,WHILE,0x0000,0x0022,8
m8obj2,2,0x110,84,0,0x1C,0x000E,14,WAIT,0x0000,0x0030,12
m8obj2,2,0x110,84,1,0x28,0x0020,32,BREAK,0x0000,0x0062,24
m8obj2,2,0x110,84,2,0x40,0x000E,14,WAIT,0x0000,0x0030,12
m8obj2,2,0x110,84,3,0x4C,0x0021,33,CALL_ANIMATION,0x0000,0x0022,8
m8obj2,3,0x164,88,0,0x1C,0x0030,48,REMOVE_SATCHELS,0x0000,0x0022,8
m8obj2,3,0x164,88,1,0x24,0x0034,52,DYNAMICS_ACQUIRE_CAMERA,0x0000,0x0092,36
m8obj2,3,0x164,88,2,0x48,0x0023,35,PAUSE_ANIMATION,0x0000,0x0022,8
m8obj2,3,0x164,88,3,0x50,0x0021,33,CALL_ANIMATION,0x0000,0x0022,8
m8obj3,0,0x0,92,0,0x1C,0x002F,47,FIRE_WEAPON,0x0000,0x0022,8
m8obj3,0,0x0,92,1,0x24,0x0022,34,STOP_ANIMATION,0x0000,0x0022,8
m8obj3,0,0x0,92,2,0x2C,0x0034,52,DYNAMICS_ACQUIRE_CAMERA,0x0000,0x00C2,48
m8obj3,1,0x5C,172,0,0x1C,0x001C,28,LIGHT,0x0000,0x0022,8
m8obj3,1,0x5C,172,1,0x24,0x0014,20,OBJECT_MOTION_FROM_TO,0x0000,0x0200,128
m8obj3,1,0x5C,172,2,0xA4,0x001D,29,WHILE,0x0000,0x0022,8
m8obj3,2,0x108,80,0,0x1C,0x0030,48,REMOVE_SATCHELS,0x0000,0x0022,8
m8obj3,2,0x108,80,1,0x24,0x0034,52,DYNAMICS_ACQUIRE_CAMERA,0x0000,0x0092,36
m8obj3,2,0x108,80,2,0x48,0x0023,35,PAUSE_ANIMATION,0x0000,0x0022,8
m8obj4,0,0x0,100,0,0x1C,0x002F,47,FIRE_WEAPON,0x0000,0x0022,8
m8obj4,0,0x0,100,1,0x24,0x0022,34,STOP_ANIMATION,0x0000,0x0022,8
m8obj4,0,0x0,100,2,0x2C,0x0034,52,DYNAMICS_ACQUIRE_CAMERA,0x0000,0x00C2,48
m8obj4,0,0x0,100,3,0x5C,0x0021,33,CALL_ANIMATION,0x0000,0x0022,8
m8obj4,1,0x64,184,0,0x1C,0x001C,28,LIGHT,0x0000,0x0022,8
m8obj4,1,0x64,184,1,0x24,0x0014,20,OBJECT_MOTION_FROM_TO,0x0000,0x0200,128
m8obj4,1,0x64,184,2,0xA4,0x000E,14,WAIT,0x0000,0x0030,12
m8obj4,1,0x64,184,3,0xB0,0x001D,29,WHILE,0x0000,0x0022,8
m8obj4,2,0x11C,104,0,0x1C,0x0030,48,REMOVE_SATCHELS,0x0000,0x0022,8
m8obj4,2,0x11C,104,1,0x24,0x0034,52,DYNAMICS_ACQUIRE_CAMERA,0x0000,0x0092,36
m8obj4,2,0x11C,104,2,0x48,0x0023,35,PAUSE_ANIMATION,0x0000,0x0022,8
m8obj4,2,0x11C,104,3,0x50,0x0020,32,BREAK,0x0000,0x0062,24
m8obj5,0,0x0,92,0,0x1C,0x002F,47,FIRE_WEAPON,0x0000,0x0022,8
m8obj5,0,0x0,92,1,0x24,0x0022,34,STOP_ANIMATION,0x0000,0x0022,8
m8obj5,0,0x0,92,2,0x2C,0x0034,52,DYNAMICS_ACQUIRE_CAMERA,0x0000,0x00C2,48
m8obj5,1,0x5C,172,0,0x1C,0x001C,28,LIGHT,0x0000,0x0022,8
m8obj5,1,0x5C,172,1,0x24,0x0014,20,OBJECT_MOTION_FROM_TO,0x0000,0x0200,128
m8obj5,1,0x5C,172,2,0xA4,0x001D,29,WHILE,0x0000,0x0022,8
m8obj5,2,0x108,80,0,0x1C,0x0030,48,REMOVE_SATCHELS,0x0000,0x0022,8
m8obj5,2,0x108,80,1,0x24,0x0034,52,DYNAMICS_ACQUIRE_CAMERA,0x0000,0x0092,36
m8obj5,2,0x108,80,2,0x48,0x0023,35,PAUSE_ANIMATION,0x0000,0x0022,8
m8obj6,0,0x0,92,0,0x1C,0x002F,47,FIRE_WEAPON,0x0000,0x0022,8
m8obj6,0,0x0,92,1,0x24,0x0022,34,STOP_ANIMATION,0x0000,0x0022,8
m8obj6,0,0x0,92,2,0x2C,0x0034,52,DYNAMICS_ACQUIRE_CAMERA,0x0000,0x00C2,48
m8obj6,1,0x5C,192,0,0x1C,0x001C,28,LIGHT,0x0000,0x0022,8
m8obj6,1,0x5C,192,1,0x24,0x0025,37,INVALIDATE_ANIMATION,0x0000,0x0022,8
m8obj6,1,0x5C,192,2,0x2C,0x0014,20,OBJECT_MOTION_FROM_TO,0x0000,0x0200,128
m8obj6,1,0x5C,192,3,0xAC,0x000E,14,WAIT,0x0000,0x0030,12
m8obj6,1,0x5C,192,4,0xB8,0x001D,29,WHILE,0x0000,0x0022,8
m8obj6,2,0x11C,84,0,0x1C,0x000E,14,WAIT,0x0000,0x0030,12
m8obj6,2,0x11C,84,1,0x28,0x0020,32,BREAK,0x0000,0x0062,24
m8obj6,2,0x11C,84,2,0x40,0x000E,14,WAIT,0x0000,0x0030,12
m8obj6,2,0x11C,84,3,0x4C,0x0021,33,CALL_ANIMATION,0x0000,0x0022,8
m8obj6,3,0x170,80,0,0x1C,0x0030,48,REMOVE_SATCHELS,0x0000,0x0022,8
m8obj6,3,0x170,80,1,0x24,0x0034,52,DYNAMICS_ACQUIRE_CAMERA,0x0000,0x0092,36
m8obj6,3,0x170,80,2,0x48,0x0023,35,PAUSE_ANIMATION,0x0000,0x0022,8
m8obj7a,0,0x0,92,0,0x1C,0x002F,47,FIRE_WEAPON,0x0000,0x0022,8
m8obj7a,0,0x0,92,1,0x24,0x0022,34,STOP_ANIMATION,0x0000,0x0022,8
m8obj7a,0,0x0,92,2,0x2C,0x0034,52,DYNAMICS_ACQUIRE_CAMERA,0x0000,0x00C2,48
m8obj7a,1,0x5C,428,0,0x1C,0x001C,28,LIGHT,0x0000,0x0022,8
m8obj7a,1,0x5C,428,1,0x24,0x0014,20,OBJECT_MOTION_FROM_TO,0x0000,0x0200,128
m8obj7a,1,0x5C,428,2,0xA4,0x0014,20,OBJECT_MOTION_FROM_TO,0x0000,0x0200,128
m8obj7a,1,0x5C,428,3,0x124,0x0014,20,OBJECT_MOTION_FROM_TO,0x0000,0x0200,128
m8obj7a,1,0x5C,428,4,0x1A4,0x001D,29,WHILE,0x0000,0x0022,8
m8obj7a,2,0x208,80,0,0x1C,0x0030,48,REMOVE_SATCHELS,0x0000,0x0022,8
m8obj7a,2,0x208,80,1,0x24,0x0034,52,DYNAMICS_ACQUIRE_CAMERA,0x0000,0x0092,36
m8obj7a,2,0x208,80,2,0x48,0x0023,35,PAUSE_ANIMATION,0x0000,0x0022,8
m8obj8,0,0x0,92,0,0x1C,0x002F,47,FIRE_WEAPON,0x0000,0x0022,8
m8obj8,0,0x0,92,1,0x24,0x0022,34,STOP_ANIMATION,0x0000,0x0022,8
m8obj8,0,0x0,92,2,0x2C,0x0034,52,DYNAMICS_ACQUIRE_CAMERA,0x0000,0x00C2,48
m8obj8,1,0x5C,184,0,0x1C,0x001C,28,LIGHT,0x0000,0x0022,8
m8obj8,1,0x5C,184,1,0x24,0x0014,20,OBJECT_MOTION_FROM_TO,0x0000,0x0200,128
m8obj8,1,0x5C,184,2,0xA4,0x000E,14,WAIT,0x0000,0x0030,12
m8obj8,1,0x5C,184,3,0xB0,0x001D,29,WHILE,0x0000,0x0022,8
m8obj8,2,0x114,80,0,0x1C,0x0030,48,REMOVE_SATCHELS,0x0000,0x0022,8
m8obj8,2,0x114,80,1,0x24,0x0034,52,DYNAMICS_ACQUIRE_CAMERA,0x0000,0x0092,36
m8obj8,2,0x114,80,2,0x48,0x0023,35,PAUSE_ANIMATION,0x0000,0x0022,8
m8obj9,0,0x0,92,0,0x1C,0x002F,47,FIRE_WEAPON,0x0000,0x0022,8
m8obj9,0,0x0,92,1,0x24,0x0022,34,STOP_ANIMATION,0x0000,0x0022,8
m8obj9,0,0x0,92,2,0x2C,0x0034,52,DYNAMICS_ACQUIRE_CAMERA,0x0000,0x00C2,48
m8obj9,1,0x5C,184,0,0x1C,0x001C,28,LIGHT,0x0000,0x0022,8
m8obj9,1,0x5C,184,1,0x24,0x0014,20,OBJECT_MOTION_FROM_TO,0x0000,0x0200,128
m8obj9,1,0x5C,184,2,0xA4,0x000E,14,WAIT,0x0000,0x0030,12
m8obj9,1,0x5C,184,3,0xB0,0x001D,29,WHILE,0x0000,0x0022,8
m8obj9,2,0x114,80,0,0x1C,0x0030,48,REMOVE_SATCHELS,0x0000,0x0022,8
m8obj9,2,0x114,80,1,0x24,0x0034,52,DYNAMICS_ACQUIRE_CAMERA,0x0000,0x0092,36
m8obj9,2,0x114,80,2,0x48,0x0023,35,PAUSE_ANIMATION,0x0000,0x0022,8
m8obj10,0,0x0,92,0,0x1C,0x002F,47,FIRE_WEAPON,0x0000,0x0022,8
m8obj10,0,0x0,92,1,0x24,0x0022,34,STOP_ANIMATION,0x0000,0x0022,8
m8obj10,0,0x0,92,2,0x2C,0x0034,52,DYNAMICS_ACQUIRE_CAMERA,0x0000,0x00C2,48
m8obj10,1,0x5C,184,0,0x1C,0x001C,28,LIGHT,0x0000,0x0022,8
m8obj10,1,0x5C,184,1,0x24,0x0014,20,OBJECT_MOTION_FROM_TO,0x0000,0x0200,128
m8obj10,1,0x5C,184,2,0xA4,0x000E,14,WAIT,0x0000,0x0030,12
m8obj10,1,0x5C,184,3,0xB0,0x001D,29,WHILE,0x0000,0x0022,8
m8obj10,2,0x114,80,0,0x1C,0x0030,48,REMOVE_SATCHELS,0x0000,0x0022,8
m8obj10,2,0x114,80,1,0x24,0x0034,52,DYNAMICS_ACQUIRE_CAMERA,0x0000,0x0092,36
m8obj10,2,0x114,80,2,0x48,0x0023,35,PAUSE_ANIMATION,0x0000,0x0022,8
m8obj11,0,0x0,100,0,0x1C,0x002F,47,FIRE_WEAPON,0x0000,0x0022,8
m8obj11,0,0x0,100,1,0x24,0x0032,50,ui::UI_APP_COMMAND,0x0000,0x0022,8
m8obj11,0,0x0,100,2,0x2C,0x0022,34,STOP_ANIMATION,0x0000,0x0022,8
m8obj11,0,0x0,100,3,0x34,0x0034,52,DYNAMICS_ACQUIRE_CAMERA,0x0000,0x00C2,48
m8obj11,1,0x64,76,0,0x1C,0x0010,16,OBJECT_ACTIVE_STATE,0x0000,0x0022,8
m8obj11,1,0x64,76,1,0x24,0x0011,17,OBJECT_TRANSLATE_STATE,0x0000,0x0052,20
m8obj11,1,0x64,76,2,0x38,0x0012,18,OBJECT_ROTATE_STATE,0x0000,0x0052,20
m8obj11,2,0xB0,192,0,0x1C,0x0021,33,CALL_ANIMATION,0x0000,0x0022,8
m8obj11,2,0xB0,192,1,0x24,0x001C,28,LIGHT,0x0000,0x0022,8
m8obj11,2,0xB0,192,2,0x2C,0x0014,20,OBJECT_MOTION_FROM_TO,0x0000,0x0200,128
m8obj11,2,0xB0,192,3,0xAC,0x000E,14,WAIT,0x0000,0x0030,12
m8obj11,2,0xB0,192,4,0xB8,0x001D,29,WHILE,0x0000,0x0022,8
m8obj11,3,0x170,112,0,0x1C,0x0030,48,REMOVE_SATCHELS,0x0000,0x0022,8
m8obj11,3,0x170,112,1,0x24,0x0032,50,ui::UI_APP_COMMAND,0x0000,0x0022,8
m8obj11,3,0x170,112,2,0x2C,0x0034,52,DYNAMICS_ACQUIRE_CAMERA,0x0000,0x0092,36
m8obj11,3,0x170,112,3,0x50,0x0023,35,PAUSE_ANIMATION,0x0000,0x0022,8
m8obj11,3,0x170,112,4,0x58,0x0020,32,BREAK,0x0000,0x0062,24
m8obj13,0,0x0,92,0,0x1C,0x002F,47,FIRE_WEAPON,0x0000,0x0022,8
m8obj13,0,0x0,92,1,0x24,0x0022,34,STOP_ANIMATION,0x0000,0x0022,8
m8obj13,0,0x0,92,2,0x2C,0x0034,52,DYNAMICS_ACQUIRE_CAMERA,0x0000,0x00C2,48
m8obj13,1,0x5C,192,0,0x1C,0x001C,28,LIGHT,0x0000,0x0022,8
m8obj13,1,0x5C,192,1,0x24,0x0025,37,INVALIDATE_ANIMATION,0x0000,0x0022,8
m8obj13,1,0x5C,192,2,0x2C,0x0014,20,OBJECT_MOTION_FROM_TO,0x0000,0x0200,128
m8obj13,1,0x5C,192,3,0xAC,0x000E,14,WAIT,0x0000,0x0030,12
m8obj13,1,0x5C,192,4,0xB8,0x001D,29,WHILE,0x0000,0x0022,8
m8obj13,2,0x11C,84,0,0x1C,0x000E,14,WAIT,0x0000,0x0030,12
m8obj13,2,0x11C,84,1,0x28,0x0020,32,BREAK,0x0000,0x0062,24
m8obj13,2,0x11C,84,2,0x40,0x000E,14,WAIT,0x0000,0x0030,12
m8obj13,2,0x11C,84,3,0x4C,0x0021,33,CALL_ANIMATION,0x0000,0x0022,8
m8obj13,3,0x170,88,0,0x1C,0x0030,48,REMOVE_SATCHELS,0x0000,0x0022,8
m8obj13,3,0x170,88,1,0x24,0x0034,52,DYNAMICS_ACQUIRE_CAMERA,0x0000,0x0092,36
m8obj13,3,0x170,88,2,0x48,0x0023,35,PAUSE_ANIMATION,0x0000,0x0022,8
m8obj13,3,0x170,88,3,0x50,0x0021,33,CALL_ANIMATION,0x0000,0x0022,8
m8obj14,0,0x0,116,0,0x1C,0x002F,47,FIRE_WEAPON,0x0000,0x0022,8
m8obj14,0,0x0,116,1,0x24,0x0022,34,STOP_ANIMATION,0x0000,0x0022,8
m8obj14,0,0x0,116,2,0x2C,0x0034,52,DYNAMICS_ACQUIRE_CAMERA,0x0000,0x0122,72
m8obj14,1,0x74,556,0,0x1C,0x001C,28,LIGHT,0x0000,0x0022,8
m8obj14,1,0x74,556,1,0x24,0x0014,20,OBJECT_MOTION_FROM_TO,0x0000,0x0200,128
m8obj14,1,0x74,556,2,0xA4,0x0014,20,OBJECT_MOTION_FROM_TO,0x0000,0x0200,128
m8obj14,1,0x74,556,3,0x124,0x0014,20,OBJECT_MOTION_FROM_TO,0x0000,0x0200,128
m8obj14,1,0x74,556,4,0x1A4,0x0014,20,OBJECT_MOTION_FROM_TO,0x0000,0x0200,128
m8obj14,1,0x74,556,5,0x224,0x001D,29,WHILE,0x0000,0x0022,8
m8obj14,2,0x2A0,80,0,0x1C,0x0030,48,REMOVE_SATCHELS,0x0000,0x0022,8
m8obj14,2,0x2A0,80,1,0x24,0x0034,52,DYNAMICS_ACQUIRE_CAMERA,0x0000,0x0092,36
m8obj14,2,0x2A0,80,2,0x48,0x0023,35,PAUSE_ANIMATION,0x0000,0x0022,8
arrow1,0,0x0,324,0,0x1C,0x0010,16,OBJECT_ACTIVE_STATE,0x0000,0x0022,8
arrow1,0,0x0,324,1,0x24,0x0011,17,OBJECT_TRANSLATE_STATE,0x0000,0x0052,20
arrow1,0,0x0,324,2,0x38,0x0014,20,OBJECT_MOTION_FROM_TO,0x0000,0x0200,128
arrow1,0,0x0,324,3,0xB8,0x0013,19,OBJECT_MOTION,0x0000,0x0230,140
arrow1,1,0x144,92,0,0x1C,0x001C,28,LIGHT,0x0000,0x0022,8
arrow1,1,0x144,92,1,0x24,0x0015,21,OBJECT_OPACITY_FROM_TO,0x0000,0x0060,24
arrow1,1,0x144,92,2,0x3C,0x0015,21,OBJECT_OPACITY_FROM_TO,0x0000,0x0060,24
arrow1,1,0x144,92,3,0x54,0x001D,29,WHILE,0x0000,0x0022,8
arrow1,2,0x1A0,36,0,0x1C,0x0010,16,OBJECT_ACTIVE_STATE,0x0000,0x0022,8
action_reset,0,0x0,36,0,0x1C,0x0022,34,STOP_ANIMATION,0x0000,0x0022,8
m8tutsetup,0,0x0,36,0,0x1C,0x0010,16,OBJECT_ACTIVE_STATE,0x0000,0x0022,8
m8bs,0,0x0,128,0,0x1C,0x002F,47,FIRE_WEAPON,0x0000,0x0022,8
m8bs,0,0x0,128,1,0x24,0x0032,50,ui::UI_APP_COMMAND,0x0000,0x0022,8
m8bs,0,0x0,128,2,0x2C,0x0034,52,DYNAMICS_ACQUIRE_CAMERA,0x0000,0x0132,76
m8bs,0,0x0,128,3,0x78,0x0021,33,CALL_ANIMATION,0x0000,0x0022,8
m8bs,1,0x80,192,0,0x1C,0x001A,26,DESTRUCTION_SOURCE,0x0000,0x0082,32
m8bs,1,0x80,192,1,0x3C,0x001A,26,DESTRUCTION_SOURCE,0x0000,0x0082,32
m8bs,1,0x80,192,2,0x5C,0x000E,14,WAIT,0x0000,0x0030,12
m8bs,1,0x80,192,3,0x68,0x001A,26,DESTRUCTION_SOURCE,0x0000,0x0082,32
m8bs,1,0x80,192,4,0x88,0x000E,14,WAIT,0x0000,0x0030,12
m8bs,1,0x80,192,5,0x94,0x001A,26,DESTRUCTION_SOURCE,0x0000,0x0082,32
m8bs,1,0x80,192,6,0xB4,0x000E,14,WAIT,0x0000,0x0030,12
m8bs,2,0x140,412,0,0x1C,0x0014,20,OBJECT_MOTION_FROM_TO,0x0000,0x0200,128
m8bs,2,0x140,412,1,0x9C,0x0014,20,OBJECT_MOTION_FROM_TO,0x0000,0x0200,128
m8bs,2,0x140,412,2,0x11C,0x0014,20,OBJECT_MOTION_FROM_TO,0x0000,0x0200,128
m8bs,3,0x2DC,104,0,0x1C,0x0030,48,REMOVE_SATCHELS,0x0000,0x0022,8
m8bs,3,0x2DC,104,1,0x24,0x0032,50,ui::UI_APP_COMMAND,0x0000,0x0022,8
m8bs,3,0x2DC,104,2,0x2C,0x0034,52,DYNAMICS_ACQUIRE_CAMERA,0x0000,0x0092,36
m8bs,3,0x2DC,104,3,0x50,0x0020,32,BREAK,0x0000,0x0062,24
m8tut2,0,0x0,124,0,0x1C,0x002F,47,FIRE_WEAPON,0x0000,0x0022,8
m8tut2,0,0x0,124,1,0x24,0x0032,50,ui::UI_APP_COMMAND,0x0000,0x0022,8
m8tut2,0,0x0,124,2,0x2C,0x0034,52,DYNAMICS_ACQUIRE_CAMERA,0x0000,0x00C2,48
m8tut2,0,0x0,124,3,0x5C,0x001A,26,DESTRUCTION_SOURCE,0x0000,0x0082,32
m8tut2,1,0x7C,424,0,0x1C,0x0014,20,OBJECT_MOTION_FROM_TO,0x0000,0x0200,128
m8tut2,1,0x7C,424,1,0x9C,0x0014,20,OBJECT_MOTION_FROM_TO,0x0000,0x0200,128
m8tut2,1,0x7C,424,2,0x11C,0x0014,20,OBJECT_MOTION_FROM_TO,0x0000,0x0200,128
m8tut2,1,0x7C,424,3,0x19C,0x000E,14,WAIT,0x0000,0x0030,12
m8tut2,2,0x224,80,0,0x1C,0x0030,48,REMOVE_SATCHELS,0x0000,0x0022,8
m8tut2,2,0x224,80,1,0x24,0x0032,50,ui::UI_APP_COMMAND,0x0000,0x0022,8
m8tut2,2,0x224,80,2,0x2C,0x0034,52,DYNAMICS_ACQUIRE_CAMERA,0x0000,0x0092,36
m8tut3,0,0x0,168,0,0x1C,0x002F,47,FIRE_WEAPON,0x0000,0x0022,8
m8tut3,0,0x0,168,1,0x24,0x0032,50,ui::UI_APP_COMMAND,0x0000,0x0022,8
m8tut3,0,0x0,168,2,0x2C,0x0021,33,CALL_ANIMATION,0x0000,0x0022,8
m8tut3,0,0x0,168,3,0x34,0x001A,26,DESTRUCTION_SOURCE,0x0000,0x0082,32
m8tut3,0,0x0,168,4,0x54,0x0034,52,DYNAMICS_ACQUIRE_CAMERA,0x0000,0x0152,84
m8tut3,1,0xA8,168,0,0x1C,0x0014,20,OBJECT_MOTION_FROM_TO,0x0000,0x0200,128
m8tut3,1,0xA8,168,1,0x9C,0x000E,14,WAIT,0x0000,0x0030,12
m8tut3,2,0x150,80,0,0x1C,0x0030,48,REMOVE_SATCHELS,0x0000,0x0022,8
m8tut3,2,0x150,80,1,0x24,0x0032,50,ui::UI_APP_COMMAND,0x0000,0x0022,8
m8tut3,2,0x150,80,2,0x2C,0x0034,52,DYNAMICS_ACQUIRE_CAMERA,0x0000,0x0092,36
m8tut4,0,0x0,172,0,0x1C,0x002F,47,FIRE_WEAPON,0x0000,0x0022,8
m8tut4,0,0x0,172,1,0x24,0x0032,50,ui::UI_APP_COMMAND,0x0000,0x0022,8
m8tut4,0,0x0,172,2,0x2C,0x0034,52,DYNAMICS_ACQUIRE_CAMERA,0x0000,0x00C2,48
m8tut4,0,0x0,172,3,0x5C,0x0021,33,CALL_ANIMATION,0x0000,0x0022,8
m8tut4,0,0x0,172,4,0x64,0x0002,2,IF,0x0000,0x0042,16
m8tut4,0,0x0,172,5,0x74,0x002E,46,TIMER,0x0000,0x0040,16
m8tut4,0,0x0,172,6,0x84,0x0004,4,ELSE,0x0000,0x0022,8
m8tut4,0,0x0,172,7,0x8C,0x0010,16,OBJECT_ACTIVE_STATE,0x0000,0x0022,8
m8tut4,0,0x0,172,8,0x94,0x002E,46,TIMER,0x0000,0x0040,16
m8tut4,0,0x0,172,9,0xA4,0x0005,5,ENDIF,0x0000,0x0022,8
m8tut4,1,0xAC,328,0,0x1C,0x001A,26,DESTRUCTION_SOURCE,0x0000,0x0082,32
m8tut4,1,0xAC,328,1,0x3C,0x0014,20,OBJECT_MOTION_FROM_TO,0x0000,0x0200,128
m8tut4,1,0xAC,328,2,0xBC,0x0014,20,OBJECT_MOTION_FROM_TO,0x0000,0x0200,128
m8tut4,1,0xAC,328,3,0x13C,0x000E,14,WAIT,0x0000,0x0030,12
m8tut4,2,0x1F4,128,0,0x1C,0x0030,48,REMOVE_SATCHELS,0x0000,0x0022,8
m8tut4,2,0x1F4,128,1,0x24,0x0032,50,ui::UI_APP_COMMAND,0x0000,0x0022,8
m8tut4,2,0x1F4,128,2,0x2C,0x0034,52,DYNAMICS_ACQUIRE_CAMERA,0x0000,0x0092,36
m8tut4,2,0x1F4,128,3,0x50,0x0002,2,IF,0x0000,0x0062,24
m8tut4,2,0x1F4,128,4,0x68,0x0004,4,ELSE,0x0000,0x0022,8
m8tut4,2,0x1F4,128,5,0x70,0x0010,16,OBJECT_ACTIVE_STATE,0x0000,0x0022,8
m8tut4,2,0x1F4,128,6,0x78,0x0005,5,ENDIF,0x0000,0x0022,8
m8tut5,0,0x0,124,0,0x1C,0x002F,47,FIRE_WEAPON,0x0000,0x0022,8
m8tut5,0,0x0,124,1,0x24,0x0032,50,ui::UI_APP_COMMAND,0x0000,0x0022,8
m8tut5,0,0x0,124,2,0x2C,0x0034,52,DYNAMICS_ACQUIRE_CAMERA,0x0000,0x00C2,48
m8tut5,0,0x0,124,3,0x5C,0x001A,26,DESTRUCTION_SOURCE,0x0000,0x0082,32
m8tut5,1,0x7C,296,0,0x1C,0x0014,20,OBJECT_MOTION_FROM_TO,0x0000,0x0200,128
m8tut5,1,0x7C,296,1,0x9C,0x0014,20,OBJECT_MOTION_FROM_TO,0x0000,0x0200,128
m8tut5,1,0x7C,296,2,0x11C,0x000E,14,WAIT,0x0000,0x0030,12
m8tut5,2,0x1A4,80,0,0x1C,0x0030,48,REMOVE_SATCHELS,0x0000,0x0022,8
m8tut5,2,0x1A4,80,1,0x24,0x0032,50,ui::UI_APP_COMMAND,0x0000,0x0022,8
m8tut5,2,0x1A4,80,2,0x2C,0x0034,52,DYNAMICS_ACQUIRE_CAMERA,0x0000,0x0092,36
Patrol_guns,0,0x0,296,0,0x1C,0x0002,2,IF,0x0000,0x0042,16
Patrol_guns,0,0x0,296,1,0x2C,0x0203,3,ELSEIF,0x0200,0x0080,32
Patrol_guns,0,0x0,296,2,0x4C,0x0206,6,NODE_ACTIVE,0x0200,0x0070,28
Patrol_guns,0,0x0,296,3,0x68,0x0203,3,ELSEIF,0x0200,0x0090,36
Patrol_guns,0,0x0,296,4,0x8C,0x0004,4,ELSE,0x0000,0x0022,8
Patrol_guns,0,0x0,296,5,0x94,0x0203,3,ELSEIF,0x0200,0x0080,32
Patrol_guns,0,0x0,296,6,0xB4,0x0206,6,NODE_ACTIVE,0x0200,0x0070,28
Patrol_guns,0,0x0,296,7,0xD0,0x000E,14,WAIT,0x0000,0x0030,12
Patrol_guns,0,0x0,296,8,0xDC,0x0206,6,NODE_ACTIVE,0x0200,0x0070,28
Patrol_guns,0,0x0,296,9,0xF8,0x0005,5,ENDIF,0x0000,0x0022,8
Patrol_guns,0,0x0,296,10,0x100,0x0203,3,ELSEIF,0x0200,0x0060,24
Patrol_guns,0,0x0,296,11,0x118,0x0219,25,CAMERA,0x0200,0x0040,16
Inside_guns,0,0x0,276,0,0x1C,0x0002,2,IF,0x0000,0x0042,16
Inside_guns,0,0x0,276,1,0x2C,0x0203,3,ELSEIF,0x0200,0x0080,32
Inside_guns,0,0x0,276,2,0x4C,0x0206,6,NODE_ACTIVE,0x0200,0x0070,28
Inside_guns,0,0x0,276,3,0x68,0x0002,2,IF,0x0000,0x0042,16
Inside_guns,0,0x0,276,4,0x78,0x0203,3,ELSEIF,0x0200,0x0090,36
Inside_guns,0,0x0,276,5,0x9C,0x0206,6,NODE_ACTIVE,0x0200,0x0070,28
Inside_guns,0,0x0,276,6,0xB8,0x0004,4,ELSE,0x0000,0x0022,8
Inside_guns,0,0x0,276,7,0xC0,0x0203,3,ELSEIF,0x0200,0x0080,32
Inside_guns,0,0x0,276,8,0xE0,0x0206,6,NODE_ACTIVE,0x0200,0x0070,28
Inside_guns,0,0x0,276,9,0xFC,0x0005,5,ENDIF,0x0000,0x0022,8
Inside_guns,0,0x0,276,10,0x104,0x0219,25,CAMERA,0x0200,0x0040,16
Close_call,0,0x0,152,0,0x1C,0x000E,14,WAIT,0x0000,0x0030,12
Close_call,0,0x0,152,1,0x28,0x0002,2,IF,0x0000,0x0042,16
Close_call,0,0x0,152,2,0x38,0x021A,26,DESTRUCTION_SOURCE,0x0200,0x0080,32
Close_call,0,0x0,152,3,0x58,0x0004,4,ELSE,0x0000,0x0022,8
Close_call,0,0x0,152,4,0x60,0x021A,26,DESTRUCTION_SOURCE,0x0200,0x0080,32
Close_call,0,0x0,152,5,0x80,0x0005,5,ENDIF,0x0000,0x0022,8
Close_call,0,0x0,152,6,0x88,0x0219,25,CAMERA,0x0200,0x0040,16
Close_call2,0,0x0,152,0,0x1C,0x000E,14,WAIT,0x0000,0x0030,12
Close_call2,0,0x0,152,1,0x28,0x0002,2,IF,0x0000,0x0042,16
Close_call2,0,0x0,152,2,0x38,0x021A,26,DESTRUCTION_SOURCE,0x0200,0x0080,32
Close_call2,0,0x0,152,3,0x58,0x0004,4,ELSE,0x0000,0x0022,8
Close_call2,0,0x0,152,4,0x60,0x021A,26,DESTRUCTION_SOURCE,0x0200,0x0080,32
Close_call2,0,0x0,152,5,0x80,0x0005,5,ENDIF,0x0000,0x0022,8
Close_call2,0,0x0,152,6,0x88,0x0219,25,CAMERA,0x0200,0x0040,16
Spot_shout,0,0x0,176,0,0x1C,0x0205,5,ENDIF,0x0200,0x0090,36
Spot_shout,0,0x0,176,1,0x40,0x0002,2,IF,0x0000,0x0042,16
Spot_shout,0,0x0,176,2,0x50,0x021A,26,DESTRUCTION_SOURCE,0x0200,0x0080,32
Spot_shout,0,0x0,176,3,0x70,0x0004,4,ELSE,0x0000,0x0022,8
Spot_shout,0,0x0,176,4,0x78,0x021A,26,DESTRUCTION_SOURCE,0x0200,0x0080,32
Spot_shout,0,0x0,176,5,0x98,0x0005,5,ENDIF,0x0000,0x0022,8
Spot_shout,0,0x0,176,6,0xA0,0x0219,25,CAMERA,0x0200,0x0040,16
Spot_shout2,0,0x0,176,0,0x1C,0x0205,5,ENDIF,0x0200,0x0090,36
Spot_shout2,0,0x0,176,1,0x40,0x0002,2,IF,0x0000,0x0042,16
Spot_shout2,0,0x0,176,2,0x50,0x021A,26,DESTRUCTION_SOURCE,0x0200,0x0080,32
Spot_shout2,0,0x0,176,3,0x70,0x0004,4,ELSE,0x0000,0x0022,8
Spot_shout2,0,0x0,176,4,0x78,0x021A,26,DESTRUCTION_SOURCE,0x0200,0x0080,32
Spot_shout2,0,0x0,176,5,0x98,0x0005,5,ENDIF,0x0000,0x0022,8
Spot_shout2,0,0x0,176,6,0xA0,0x0219,25,CAMERA,0x0200,0x0040,16
Leader_shout,0,0x0,176,0,0x1C,0x0205,5,ENDIF,0x0200,0x0090,36
Leader_shout,0,0x0,176,1,0x40,0x0002,2,IF,0x0000,0x0042,16
Leader_shout,0,0x0,176,2,0x50,0x021A,26,DESTRUCTION_SOURCE,0x0200,0x0080,32
Leader_shout,0,0x0,176,3,0x70,0x0004,4,ELSE,0x0000,0x0022,8
Leader_shout,0,0x0,176,4,0x78,0x021A,26,DESTRUCTION_SOURCE,0x0200,0x0080,32
Leader_shout,0,0x0,176,5,0x98,0x0005,5,ENDIF,0x0000,0x0022,8
Leader_shout,0,0x0,176,6,0xA0,0x0219,25,CAMERA,0x0200,0x0040,16
Patrol_banter,0,0x0,140,0,0x1C,0x0002,2,IF,0x0000,0x0042,16
Patrol_banter,0,0x0,140,1,0x2C,0x021A,26,DESTRUCTION_SOURCE,0x0200,0x0080,32
Patrol_banter,0,0x0,140,2,0x4C,0x0004,4,ELSE,0x0000,0x0022,8
Patrol_banter,0,0x0,140,3,0x54,0x021A,26,DESTRUCTION_SOURCE,0x0200,0x0080,32
Patrol_banter,0,0x0,140,4,0x74,0x0005,5,ENDIF,0x0000,0x0022,8
Patrol_banter,0,0x0,140,5,0x7C,0x0219,25,CAMERA,0x0200,0x0040,16
Patrol_banter2,0,0x0,140,0,0x1C,0x0002,2,IF,0x0000,0x0042,16
Patrol_banter2,0,0x0,140,1,0x2C,0x021A,26,DESTRUCTION_SOURCE,0x0200,0x0080,32
Patrol_banter2,0,0x0,140,2,0x4C,0x0004,4,ELSE,0x0000,0x0022,8
Patrol_banter2,0,0x0,140,3,0x54,0x021A,26,DESTRUCTION_SOURCE,0x0200,0x0080,32
Patrol_banter2,0,0x0,140,4,0x74,0x0005,5,ENDIF,0x0000,0x0022,8
Patrol_banter2,0,0x0,140,5,0x7C,0x0219,25,CAMERA,0x0200,0x0040,16
Inside_banter,0,0x0,188,0,0x1C,0x0002,2,IF,0x0000,0x0042,16
Inside_banter,0,0x0,188,1,0x2C,0x021A,26,DESTRUCTION_SOURCE,0x0200,0x0080,32
Inside_banter,0,0x0,188,2,0x4C,0x0003,3,ELSEIF,0x0000,0x0042,16
Inside_banter,0,0x0,188,3,0x5C,0x021A,26,DESTRUCTION_SOURCE,0x0200,0x0080,32
Inside_banter,0,0x0,188,4,0x7C,0x0004,4,ELSE,0x0000,0x0022,8
Inside_banter,0,0x0,188,5,0x84,0x021A,26,DESTRUCTION_SOURCE,0x0200,0x0080,32
Inside_banter,0,0x0,188,6,0xA4,0x0005,5,ENDIF,0x0000,0x0022,8
Inside_banter,0,0x0,188,7,0xAC,0x0219,25,CAMERA,0x0200,0x0040,16
Inside_banter2,0,0x0,140,0,0x1C,0x0002,2,IF,0x0000,0x0042,16
Inside_banter2,0,0x0,140,1,0x2C,0x021A,26,DESTRUCTION_SOURCE,0x0200,0x0080,32
Inside_banter2,0,0x0,140,2,0x4C,0x0004,4,ELSE,0x0000,0x0022,8
Inside_banter2,0,0x0,140,3,0x54,0x021A,26,DESTRUCTION_SOURCE,0x0200,0x0080,32
Inside_banter2,0,0x0,140,4,0x74,0x0005,5,ENDIF,0x0000,0x0022,8
Inside_banter2,0,0x0,140,5,0x7C,0x0219,25,CAMERA,0x0200,0x0040,16
Inside_banter3,0,0x0,140,0,0x1C,0x0002,2,IF,0x0000,0x0042,16
Inside_banter3,0,0x0,140,1,0x2C,0x021A,26,DESTRUCTION_SOURCE,0x0200,0x0080,32
Inside_banter3,0,0x0,140,2,0x4C,0x0004,4,ELSE,0x0000,0x0022,8
Inside_banter3,0,0x0,140,3,0x54,0x021A,26,DESTRUCTION_SOURCE,0x0200,0x0080,32
Inside_banter3,0,0x0,140,4,0x74,0x0005,5,ENDIF,0x0000,0x0022,8
Inside_banter3,0,0x0,140,5,0x7C,0x0219,25,CAMERA,0x0200,0x0040,16
Leader_banter,0,0x0,188,0,0x1C,0x0002,2,IF,0x0000,0x0042,16
Leader_banter,0,0x0,188,1,0x2C,0x021A,26,DESTRUCTION_SOURCE,0x0200,0x0080,32
Leader_banter,0,0x0,188,2,0x4C,0x0003,3,ELSEIF,0x0000,0x0042,16
Leader_banter,0,0x0,188,3,0x5C,0x021A,26,DESTRUCTION_SOURCE,0x0200,0x0080,32
Leader_banter,0,0x0,188,4,0x7C,0x0004,4,ELSE,0x0000,0x0022,8
Leader_banter,0,0x0,188,5,0x84,0x021A,26,DESTRUCTION_SOURCE,0x0200,0x0080,32
Leader_banter,0,0x0,188,6,0xA4,0x0005,5,ENDIF,0x0000,0x0022,8
Leader_banter,0,0x0,188,7,0xAC,0x0219,25,CAMERA,0x0200,0x0040,16
Dredge_banter,0,0x0,188,0,0x1C,0x0002,2,IF,0x0000,0x0042,16
Dredge_banter,0,0x0,188,1,0x2C,0x021A,26,DESTRUCTION_SOURCE,0x0200,0x0080,32
Dredge_banter,0,0x0,188,2,0x4C,0x0003,3,ELSEIF,0x0000,0x0042,16
Dredge_banter,0,0x0,188,3,0x5C,0x021A,26,DESTRUCTION_SOURCE,0x0200,0x0080,32
Dredge_banter,0,0x0,188,4,0x7C,0x0004,4,ELSE,0x0000,0x0022,8
Dredge_banter,0,0x0,188,5,0x84,0x021A,26,DESTRUCTION_SOURCE,0x0200,0x0080,32
Dredge_banter,0,0x0,188,6,0xA4,0x0005,5,ENDIF,0x0000,0x0022,8
Dredge_banter,0,0x0,188,7,0xAC,0x0219,25,CAMERA,0x0200,0x0040,16
Snow_banter,0,0x0,140,0,0x1C,0x0002,2,IF,0x0000,0x0042,16
Snow_banter,0,0x0,140,1,0x2C,0x021A,26,DESTRUCTION_SOURCE,0x0200,0x0080,32
Snow_banter,0,0x0,140,2,0x4C,0x0004,4,ELSE,0x0000,0x0022,8
Snow_banter,0,0x0,140,3,0x54,0x021A,26,DESTRUCTION_SOURCE,0x0200,0x0080,32
Snow_banter,0,0x0,140,4,0x74,0x0005,5,ENDIF,0x0000,0x0022,8
Snow_banter,0,0x0,140,5,0x7C,0x0219,25,CAMERA,0x0200,0x0040,16
Crapper_banter,0,0x0,164,0,0x1C,0x0002,2,IF,0x0000,0x0042,16
Crapper_banter,0,0x0,164,1,0x2C,0x021A,26,DESTRUCTION_SOURCE,0x0200,0x00B0,44
Crapper_banter,0,0x0,164,2,0x58,0x0004,4,ELSE,0x0000,0x0022,8
Crapper_banter,0,0x0,164,3,0x60,0x021A,26,DESTRUCTION_SOURCE,0x0200,0x00B0,44
Crapper_banter,0,0x0,164,4,0x8C,0x0005,5,ENDIF,0x0000,0x0022,8
Crapper_banter,0,0x0,164,5,0x94,0x0219,25,CAMERA,0x0200,0x0040,16
Battle_cry,0,0x0,200,0,0x1C,0x0002,2,IF,0x0000,0x0042,16
Battle_cry,0,0x0,200,1,0x2C,0x021A,26,DESTRUCTION_SOURCE,0x0200,0x0090,36
Battle_cry,0,0x0,200,2,0x50,0x0003,3,ELSEIF,0x0000,0x0042,16
Battle_cry,0,0x0,200,3,0x60,0x021A,26,DESTRUCTION_SOURCE,0x0200,0x0090,36
Battle_cry,0,0x0,200,4,0x84,0x0004,4,ELSE,0x0000,0x0022,8
Battle_cry,0,0x0,200,5,0x8C,0x021A,26,DESTRUCTION_SOURCE,0x0200,0x0090,36
Battle_cry,0,0x0,200,6,0xB0,0x0005,5,ENDIF,0x0000,0x0022,8
Battle_cry,0,0x0,200,7,0xB8,0x0219,25,CAMERA,0x0200,0x0040,16
Battle_cry2,0,0x0,200,0,0x1C,0x0002,2,IF,0x0000,0x0042,16
Battle_cry2,0,0x0,200,1,0x2C,0x021A,26,DESTRUCTION_SOURCE,0x0200,0x0090,36
Battle_cry2,0,0x0,200,2,0x50,0x0003,3,ELSEIF,0x0000,0x0042,16
Battle_cry2,0,0x0,200,3,0x60,0x021A,26,DESTRUCTION_SOURCE,0x0200,0x0090,36
Battle_cry2,0,0x0,200,4,0x84,0x0004,4,ELSE,0x0000,0x0022,8
Battle_cry2,0,0x0,200,5,0x8C,0x021A,26,DESTRUCTION_SOURCE,0x0200,0x0090,36
Battle_cry2,0,0x0,200,6,0xB0,0x0005,5,ENDIF,0x0000,0x0022,8
Battle_cry2,0,0x0,200,7,0xB8,0x0219,25,CAMERA,0x0200,0x0040,16
snd_wind_outside,0,0x0,476,0,0x1C,0x001C,28,LIGHT,0x0000,0x0022,8
snd_wind_outside,0,0x0,476,1,0x24,0x0002,2,IF,0x0000,0x0042,16
snd_wind_outside,0,0x0,476,2,0x34,0x001A,26,DESTRUCTION_SOURCE,0x0000,0x0082,32
snd_wind_outside,0,0x0,476,3,0x54,0x0005,5,ENDIF,0x0000,0x0022,8
snd_wind_outside,0,0x0,476,4,0x5C,0x0002,2,IF,0x0000,0x0042,16
snd_wind_outside,0,0x0,476,5,0x6C,0x001A,26,DESTRUCTION_SOURCE,0x0000,0x0082,32
snd_wind_outside,0,0x0,476,6,0x8C,0x000E,14,WAIT,0x0000,0x0050,20
snd_wind_outside,0,0x0,476,7,0xA0,0x001A,26,DESTRUCTION_SOURCE,0x0000,0x0082,32
snd_wind_outside,0,0x0,476,8,0xC0,0x000E,14,WAIT,0x0000,0x0050,20
snd_wind_outside,0,0x0,476,9,0xD4,0x001A,26,DESTRUCTION_SOURCE,0x0000,0x0082,32
snd_wind_outside,0,0x0,476,10,0xF4,0x0005,5,ENDIF,0x0000,0x0022,8
snd_wind_outside,0,0x0,476,11,0xFC,0x000E,14,WAIT,0x0000,0x0050,20
snd_wind_outside,0,0x0,476,12,0x110,0x0002,2,IF,0x0000,0x0042,16
snd_wind_outside,0,0x0,476,13,0x120,0x001A,26,DESTRUCTION_SOURCE,0x0000,0x0082,32
snd_wind_outside,0,0x0,476,14,0x140,0x000E,14,WAIT,0x0000,0x0050,20
snd_wind_outside,0,0x0,476,15,0x154,0x001A,26,DESTRUCTION_SOURCE,0x0000,0x0082,32
snd_wind_outside,0,0x0,476,16,0x174,0x0005,5,ENDIF,0x0000,0x0022,8
snd_wind_outside,0,0x0,476,17,0x17C,0x000E,14,WAIT,0x0000,0x0050,20
snd_wind_outside,0,0x0,476,18,0x190,0x0002,2,IF,0x0000,0x0042,16
snd_wind_outside,0,0x0,476,19,0x1A0,0x001A,26,DESTRUCTION_SOURCE,0x0000,0x0082,32
snd_wind_outside,0,0x0,476,20,0x1C0,0x0005,5,ENDIF,0x0000,0x0022,8
snd_wind_outside,0,0x0,476,21,0x1C8,0x000E,14,WAIT,0x0000,0x0030,12
snd_wind_outside,0,0x0,476,22,0x1D4,0x001D,29,WHILE,0x0000,0x0022,8
snd_wind_outside,1,0x1DC,60,0,0x1C,0x001A,26,DESTRUCTION_SOURCE,0x0000,0x0082,32
snd_wind_inside,0,0x0,60,0,0x1C,0x001A,26,DESTRUCTION_SOURCE,0x0000,0x0082,32
snd_wind_inside,1,0x3C,36,0,0x1C,0x0022,34,STOP_ANIMATION,0x0000,0x0022,8
check_camera_inside_state,0,0x0,248,0,0x1C,0x0020,32,BREAK,0x0000,0x0062,24
check_camera_inside_state,0,0x0,248,1,0x34,0x002E,46,TIMER,0x0000,0x0040,16
check_camera_inside_state,0,0x0,248,2,0x44,0x000E,14,WAIT,0x0000,0x0030,12
check_camera_inside_state,0,0x0,248,3,0x50,0x001C,28,LIGHT,0x0000,0x0022,8
check_camera_inside_state,0,0x0,248,4,0x58,0x0002,2,IF,0x0000,0x0032,12
check_camera_inside_state,0,0x0,248,5,0x64,0x0020,32,BREAK,0x0000,0x0062,24
check_camera_inside_state,0,0x0,248,6,0x7C,0x0021,33,CALL_ANIMATION,0x0000,0x0022,8
check_camera_inside_state,0,0x0,248,7,0x84,0x001C,28,LIGHT,0x0000,0x0032,12
check_camera_inside_state,0,0x0,248,8,0x90,0x001D,29,WHILE,0x0000,0x0022,8
check_camera_inside_state,0,0x0,248,9,0x98,0x0003,3,ELSEIF,0x0000,0x0052,20
check_camera_inside_state,0,0x0,248,10,0xAC,0x0020,32,BREAK,0x0000,0x0062,24
check_camera_inside_state,0,0x0,248,11,0xC4,0x0021,33,CALL_ANIMATION,0x0000,0x0022,8
check_camera_inside_state,0,0x0,248,12,0xCC,0x001C,28,LIGHT,0x0000,0x0052,20
check_camera_inside_state,0,0x0,248,13,0xE0,0x001D,29,WHILE,0x0000,0x0022,8
check_camera_inside_state,0,0x0,248,14,0xE8,0x0005,5,ENDIF,0x0000,0x0022,8
check_camera_inside_state,0,0x0,248,15,0xF0,0x001D,29,WHILE,0x0000,0x0022,8
snow_falling,0,0x0,368,0,0x1C,0x0017,23,OBJECT_MOTION_SI_SCRIPT,0x0000,0x0552,340
snow_falling,1,0x170,544,0,0x1C,0x001C,28,LIGHT,0x0000,0x0022,8
snow_falling,1,0x170,544,1,0x24,0x0002,2,IF,0x0000,0x0032,12
snow_falling,1,0x170,544,2,0x30,0x0017,23,OBJECT_MOTION_SI_SCRIPT,0x0000,0x0372,220
snow_falling,1,0x170,544,3,0x10C,0x002E,46,TIMER,0x0000,0x0040,16
snow_falling,1,0x170,544,4,0x11C,0x0004,4,ELSE,0x0000,0x0022,8
snow_falling,1,0x170,544,5,0x124,0x0017,23,OBJECT_MOTION_SI_SCRIPT,0x0000,0x0372,220
snow_falling,1,0x170,544,6,0x200,0x002E,46,TIMER,0x0000,0x0040,16
snow_falling,1,0x170,544,7,0x210,0x0005,5,ENDIF,0x0000,0x0022,8
snow_falling,1,0x170,544,8,0x218,0x001D,29,WHILE,0x0000,0x0022,8
snow_falling,2,0x390,248,0,0x1C,0x0017,23,OBJECT_MOTION_SI_SCRIPT,0x0000,0x0372,220
outdoor_clip,0,0x0,228,0,0x1C,0x001C,28,LIGHT,0x0000,0x0022,8
outdoor_clip,0,0x0,228,1,0x24,0x0002,2,IF,0x0000,0x0062,24
outdoor_clip,0,0x0,228,2,0x3C,0x0025,37,INVALIDATE_ANIMATION,0x0000,0x0022,8
outdoor_clip,0,0x0,228,3,0x44,0x0003,3,ELSEIF,0x0000,0x0062,24
outdoor_clip,0,0x0,228,4,0x5C,0x0025,37,INVALIDATE_ANIMATION,0x0000,0x0022,8
outdoor_clip,0,0x0,228,5,0x64,0x0003,3,ELSEIF,0x0000,0x0062,24
outdoor_clip,0,0x0,228,6,0x7C,0x0025,37,INVALIDATE_ANIMATION,0x0000,0x0022,8
outdoor_clip,0,0x0,228,7,0x84,0x0003,3,ELSEIF,0x0000,0x0062,24
outdoor_clip,0,0x0,228,8,0x9C,0x0025,37,INVALIDATE_ANIMATION,0x0000,0x0022,8
outdoor_clip,0,0x0,228,9,0xA4,0x0004,4,ELSE,0x0000,0x0022,8
outdoor_clip,0,0x0,228,10,0xAC,0x0025,37,INVALIDATE_ANIMATION,0x0000,0x0022,8
outdoor_clip,0,0x0,228,11,0xB4,0x0005,5,ENDIF,0x0000,0x0022,8
outdoor_clip,0,0x0,228,12,0xBC,0x000E,14,WAIT,0x0000,0x0030,12
outdoor_clip,0,0x0,228,13,0xC8,0x0025,37,INVALIDATE_ANIMATION,0x0000,0x0022,8
outdoor_clip,0,0x0,228,14,0xD0,0x000E,14,WAIT,0x0000,0x0030,12
outdoor_clip,0,0x0,228,15,0xDC,0x001D,29,WHILE,0x0000,0x0022,8
outdoor_clip,1,0xE4,68,0,0x1C,0x0026,38,CALL_SEQUENCE,0x0000,0x0022,8
outdoor_clip,1,0xE4,68,1,0x24,0x0026,38,CALL_SEQUENCE,0x0000,0x0022,8
outdoor_clip,1,0xE4,68,2,0x2C,0x0026,38,CALL_SEQUENCE,0x0000,0x0022,8
outdoor_clip,1,0xE4,68,3,0x34,0x0026,38,CALL_SEQUENCE,0x0000,0x0022,8
outdoor_clip,1,0xE4,68,4,0x3C,0x0026,38,CALL_SEQUENCE,0x0000,0x0022,8
outdoor_clip,2,0x128,160,0,0x1C,0x0018,24,PARTICLE_SOURCE,0x0000,0x0210,132
outdoor_clip,3,0x1C8,160,0,0x1C,0x0018,24,PARTICLE_SOURCE,0x0000,0x0210,132
outdoor_clip,4,0x268,160,0,0x1C,0x0018,24,PARTICLE_SOURCE,0x0000,0x0210,132
outdoor_clip,5,0x308,160,0,0x1C,0x0018,24,PARTICLE_SOURCE,0x0000,0x0210,132
outdoor_clip,6,0x3A8,160,0,0x1C,0x0018,24,PARTICLE_SOURCE,0x0000,0x0210,132
zoom_control,0,0x0,80,0,0x1C,0x0021,33,CALL_ANIMATION,0x0000,0x0022,8
zoom_control,0,0x0,80,1,0x24,0x0034,52,DYNAMICS_ACQUIRE_CAMERA,0x0000,0x0092,36
zoom_control,0,0x0,80,2,0x48,0x0022,34,STOP_ANIMATION,0x0000,0x0022,8
zoom_control,1,0x50,88,0,0x1C,0x0034,52,DYNAMICS_ACQUIRE_CAMERA,0x0000,0x0092,36
zoom_control,1,0x50,88,1,0x40,0x0020,32,BREAK,0x0000,0x0062,24
cold_breath,0,0x0,760,0,0x1C,0x0002,2,IF,0x0000,0x0042,16
cold_breath,0,0x0,760,1,0x2C,0x0002,2,IF,0x0000,0x00C2,48
cold_breath,0,0x0,760,2,0x5C,0x0017,23,OBJECT_MOTION_SI_SCRIPT,0x0000,0x04E2,312
cold_breath,0,0x0,760,3,0x194,0x0005,5,ENDIF,0x0000,0x0022,8
cold_breath,0,0x0,760,4,0x19C,0x0004,4,ELSE,0x0000,0x0022,8
cold_breath,0,0x0,760,5,0x1A4,0x0017,23,OBJECT_MOTION_SI_SCRIPT,0x0000,0x04E2,312
cold_breath,0,0x0,760,6,0x2DC,0x0005,5,ENDIF,0x0000,0x0022,8
cold_breath,0,0x0,760,7,0x2E4,0x000E,14,WAIT,0x0000,0x0050,20
GetDocs,0,0x0,76,0,0x1C,0x0002,2,IF,0x0000,0x0062,24
GetDocs,0,0x0,76,1,0x34,0x0025,37,INVALIDATE_ANIMATION,0x0000,0x0022,8
GetDocs,0,0x0,76,2,0x3C,0x0004,4,ELSE,0x0000,0x0022,8
GetDocs,0,0x0,76,3,0x44,0x0005,5,ENDIF,0x0000,0x0022,8
GetDocs,1,0x4C,456,0,0x1C,0x020F,15,OBJECT_BLENDMODE,0x0200,0x00B0,44
GetDocs,1,0x4C,456,1,0x48,0x0001,1,QUAD_ALIGN,0x0000,0x0030,12
GetDocs,1,0x4C,456,2,0x54,0x0213,19,OBJECT_MOTION,0x0200,0x00A1,40
GetDocs,1,0x4C,456,3,0x7C,0x0037,55,GET_CAMERA_REGION_TEST,0x0000,0x0022,8
GetDocs,1,0x4C,456,4,0x84,0x0010,16,OBJECT_ACTIVE_STATE,0x0000,0x0022,8
GetDocs,1,0x4C,456,5,0x8C,0x0010,16,OBJECT_ACTIVE_STATE,0x0000,0x0022,8
GetDocs,1,0x4C,456,6,0x94,0x0021,33,CALL_ANIMATION,0x0000,0x0022,8
GetDocs,1,0x4C,456,7,0x9C,0x0014,20,OBJECT_MOTION_FROM_TO,0x0000,0x0200,128
GetDocs,1,0x4C,456,8,0x11C,0x0001,1,QUAD_ALIGN,0x0000,0x0020,8
GetDocs,1,0x4C,456,9,0x124,0x0213,19,OBJECT_MOTION,0x0200,0x00A1,40
GetDocs,1,0x4C,456,10,0x14C,0x002E,46,TIMER,0x0000,0x0040,16
GetDocs,1,0x4C,456,11,0x15C,0x0205,5,ENDIF,0x0200,0x0090,36
GetDocs,1,0x4C,456,12,0x180,0x001A,26,DESTRUCTION_SOURCE,0x0000,0x0082,32
GetDocs,1,0x4C,456,13,0x1A0,0x0010,16,OBJECT_ACTIVE_STATE,0x0000,0x0022,8
GetDocs,1,0x4C,456,14,0x1A8,0x0010,16,OBJECT_ACTIVE_STATE,0x0000,0x0022,8
GetDocs,1,0x4C,456,15,0x1B0,0x0037,55,GET_CAMERA_REGION_TEST,0x0000,0x0022,8
GetDocs,1,0x4C,456,16,0x1B8,0x0219,25,CAMERA,0x0200,0x0040,16
screensaveron,0,0x0,812,0,0x1C,0x001C,28,LIGHT,0x0000,0x0022,8
screensaveron,0,0x0,812,1,0x24,0x0014,20,OBJECT_MOTION_FROM_TO,0x0000,0x0200,128
screensaveron,0,0x0,812,2,0xA4,0x0014,20,OBJECT_MOTION_FROM_TO,0x0000,0x0200,128
screensaveron,0,0x0,812,3,0x124,0x0014,20,OBJECT_MOTION_FROM_TO,0x0000,0x0200,128
screensaveron,0,0x0,812,4,0x1A4,0x0014,20,OBJECT_MOTION_FROM_TO,0x0000,0x0200,128
screensaveron,0,0x0,812,5,0x224,0x0014,20,OBJECT_MOTION_FROM_TO,0x0000,0x0200,128
screensaveron,0,0x0,812,6,0x2A4,0x0014,20,OBJECT_MOTION_FROM_TO,0x0000,0x0200,128
screensaveron,0,0x0,812,7,0x324,0x001D,29,WHILE,0x0000,0x0022,8
blowDoor,0,0x0,264,0,0x1C,0x020E,14,WAIT,0x0200,0x0050,20
blowDoor,0,0x0,264,1,0x30,0x0010,16,OBJECT_ACTIVE_STATE,0x0000,0x0022,8
blowDoor,0,0x0,264,2,0x38,0x0010,16,OBJECT_ACTIVE_STATE,0x0000,0x0022,8
blowDoor,0,0x0,264,3,0x40,0x0010,16,OBJECT_ACTIVE_STATE,0x0000,0x0022,8
blowDoor,0,0x0,264,4,0x48,0x0020,32,BREAK,0x0000,0x0062,24
blowDoor,0,0x0,264,5,0x60,0x0020,32,BREAK,0x0000,0x0062,24
blowDoor,0,0x0,264,6,0x78,0x0020,32,BREAK,0x0000,0x0062,24
blowDoor,0,0x0,264,7,0x90,0x0020,32,BREAK,0x0000,0x0062,24
blowDoor,0,0x0,264,8,0xA8,0x0020,32,BREAK,0x0000,0x0062,24
blowDoor,0,0x0,264,9,0xC0,0x0020,32,BREAK,0x0000,0x0062,24
blowDoor,0,0x0,264,10,0xD8,0x0020,32,BREAK,0x0000,0x0062,24
blowDoor,0,0x0,264,11,0xF0,0x0020,32,BREAK,0x0000,0x0062,24
doorbreak,0,0x0,232,0,0x1C,0x0029,41,OBJECT_ADD_CHILD,0x0000,0x0020,8
doorbreak,0,0x0,232,1,0x24,0x0011,17,OBJECT_TRANSLATE_STATE,0x0000,0x0052,20
doorbreak,0,0x0,232,2,0x38,0x0028,40,DEBUG,0x0000,0x0020,8
doorbreak,0,0x0,232,3,0x40,0x0013,19,OBJECT_MOTION,0x0000,0x02A0,168
doorbreak,1,0xE8,96,0,0x1C,0x000E,14,WAIT,0x0000,0x0030,12
doorbreak,1,0xE8,96,1,0x28,0x0015,21,OBJECT_OPACITY_FROM_TO,0x0000,0x0060,24
doorbreak,1,0xE8,96,2,0x40,0x0010,16,OBJECT_ACTIVE_STATE,0x0000,0x0022,8
doorbreak,1,0xE8,96,3,0x48,0x0015,21,OBJECT_OPACITY_FROM_TO,0x0000,0x0060,24
singleDoor,0,0x0,100,0,0x1C,0x0002,2,IF,0x0000,0x0062,24
singleDoor,0,0x0,100,1,0x34,0x0025,37,INVALIDATE_ANIMATION,0x0000,0x0022,8
singleDoor,0,0x0,100,2,0x3C,0x0003,3,ELSEIF,0x0000,0x0062,24
singleDoor,0,0x0,100,3,0x54,0x0025,37,INVALIDATE_ANIMATION,0x0000,0x0022,8
singleDoor,0,0x0,100,4,0x5C,0x0005,5,ENDIF,0x0000,0x0022,8
singleDoor,1,0x64,388,0,0x1C,0x020F,15,OBJECT_BLENDMODE,0x0200,0x00B0,44
singleDoor,1,0x64,388,1,0x48,0x0001,1,QUAD_ALIGN,0x0000,0x0010,4
singleDoor,1,0x64,388,2,0x4C,0x0213,19,OBJECT_MOTION,0x0200,0x00A1,40
singleDoor,1,0x64,388,3,0x74,0x002E,46,TIMER,0x0000,0x0040,16
singleDoor,1,0x64,388,4,0x84,0x0205,5,ENDIF,0x0200,0x0090,36
singleDoor,1,0x64,388,5,0xA8,0x020F,15,OBJECT_BLENDMODE,0x0200,0x00B0,44
singleDoor,1,0x64,388,6,0xD4,0x001A,26,DESTRUCTION_SOURCE,0x0000,0x0082,32
singleDoor,1,0x64,388,7,0xF4,0x0014,20,OBJECT_MOTION_FROM_TO,0x0000,0x0200,128
singleDoor,1,0x64,388,8,0x174,0x0219,25,CAMERA,0x0200,0x0040,16
singleDoor,2,0x1E8,348,0,0x1C,0x020F,15,OBJECT_BLENDMODE,0x0200,0x00B0,44
singleDoor,2,0x1E8,348,1,0x48,0x0213,19,OBJECT_MOTION,0x0200,0x00A1,40
singleDoor,2,0x1E8,348,2,0x70,0x002E,46,TIMER,0x0000,0x0040,16
singleDoor,2,0x1E8,348,3,0x80,0x020F,15,OBJECT_BLENDMODE,0x0200,0x00B0,44
singleDoor,2,0x1E8,348,4,0xAC,0x0014,20,OBJECT_MOTION_FROM_TO,0x0000,0x0200,128
singleDoor,2,0x1E8,348,5,0x12C,0x001A,26,DESTRUCTION_SOURCE,0x0000,0x0082,32
singleDoor,2,0x1E8,348,6,0x14C,0x0219,25,CAMERA,0x0200,0x0040,16
kick_singleDoor,0,0x0,68,0,0x1C,0x0002,2,IF,0x0000,0x0062,24
kick_singleDoor,0,0x0,68,1,0x34,0x0025,37,INVALIDATE_ANIMATION,0x0000,0x0022,8
kick_singleDoor,0,0x0,68,2,0x3C,0x0005,5,ENDIF,0x0000,0x0022,8
kick_singleDoor,1,0x44,388,0,0x1C,0x020F,15,OBJECT_BLENDMODE,0x0200,0x00B0,44
kick_singleDoor,1,0x44,388,1,0x48,0x0001,1,QUAD_ALIGN,0x0000,0x0010,4
kick_singleDoor,1,0x44,388,2,0x4C,0x0213,19,OBJECT_MOTION,0x0200,0x00A1,40
kick_singleDoor,1,0x44,388,3,0x74,0x002E,46,TIMER,0x0000,0x0040,16
kick_singleDoor,1,0x44,388,4,0x84,0x0205,5,ENDIF,0x0200,0x0090,36
kick_singleDoor,1,0x44,388,5,0xA8,0x020F,15,OBJECT_BLENDMODE,0x0200,0x00B0,44
kick_singleDoor,1,0x44,388,6,0xD4,0x001A,26,DESTRUCTION_SOURCE,0x0000,0x0082,32
kick_singleDoor,1,0x44,388,7,0xF4,0x0014,20,OBJECT_MOTION_FROM_TO,0x0000,0x0200,128
kick_singleDoor,1,0x44,388,8,0x174,0x0219,25,CAMERA,0x0200,0x0040,16
depot_window01,0,0x0,164,0,0x1C,0x001A,26,DESTRUCTION_SOURCE,0x0000,0x0082,32
depot_window01,0,0x0,164,1,0x3C,0x0019,25,CAMERA,0x0000,0x0142,80
depot_window01,0,0x0,164,2,0x8C,0x0010,16,OBJECT_ACTIVE_STATE,0x0000,0x0022,8
depot_window01,0,0x0,164,3,0x94,0x002E,46,TIMER,0x0000,0x0040,16
depot_window02,0,0x0,164,0,0x1C,0x001A,26,DESTRUCTION_SOURCE,0x0000,0x0082,32
depot_window02,0,0x0,164,1,0x3C,0x0019,25,CAMERA,0x0000,0x0142,80
depot_window02,0,0x0,164,2,0x8C,0x0010,16,OBJECT_ACTIVE_STATE,0x0000,0x0022,8
depot_window02,0,0x0,164,3,0x94,0x002E,46,TIMER,0x0000,0x0040,16
depot_window03,0,0x0,164,0,0x1C,0x001A,26,DESTRUCTION_SOURCE,0x0000,0x0082,32
depot_window03,0,0x0,164,1,0x3C,0x0019,25,CAMERA,0x0000,0x0142,80
depot_window03,0,0x0,164,2,0x8C,0x0010,16,OBJECT_ACTIVE_STATE,0x0000,0x0022,8
depot_window03,0,0x0,164,3,0x94,0x002E,46,TIMER,0x0000,0x0040,16
depot_window04,0,0x0,164,0,0x1C,0x001A,26,DESTRUCTION_SOURCE,0x0000,0x0082,32
depot_window04,0,0x0,164,1,0x3C,0x0019,25,CAMERA,0x0000,0x0142,80
depot_window04,0,0x0,164,2,0x8C,0x0010,16,OBJECT_ACTIVE_STATE,0x0000,0x0022,8
depot_window04,0,0x0,164,3,0x94,0x002E,46,TIMER,0x0000,0x0040,16
tri_window01,0,0x0,164,0,0x1C,0x001A,26,DESTRUCTION_SOURCE,0x0000,0x0082,32
tri_window01,0,0x0,164,1,0x3C,0x0019,25,CAMERA,0x0000,0x0142,80
tri_window01,0,0x0,164,2,0x8C,0x0010,16,OBJECT_ACTIVE_STATE,0x0000,0x0022,8
tri_window01,0,0x0,164,3,0x94,0x002E,46,TIMER,0x0000,0x0040,16
tri_window02,0,0x0,164,0,0x1C,0x001A,26,DESTRUCTION_SOURCE,0x0000,0x0082,32
tri_window02,0,0x0,164,1,0x3C,0x0019,25,CAMERA,0x0000,0x0142,80
tri_window02,0,0x0,164,2,0x8C,0x0010,16,OBJECT_ACTIVE_STATE,0x0000,0x0022,8
tri_window02,0,0x0,164,3,0x94,0x002E,46,TIMER,0x0000,0x0040,16
tri_window03,0,0x0,164,0,0x1C,0x001A,26,DESTRUCTION_SOURCE,0x0000,0x0082,32
tri_window03,0,0x0,164,1,0x3C,0x0019,25,CAMERA,0x0000,0x0142,80
tri_window03,0,0x0,164,2,0x8C,0x0010,16,OBJECT_ACTIVE_STATE,0x0000,0x0022,8
tri_window03,0,0x0,164,3,0x94,0x002E,46,TIMER,0x0000,0x0040,16
dredge_window01,0,0x0,148,0,0x1C,0x001A,26,DESTRUCTION_SOURCE,0x0000,0x0082,32
dredge_window01,0,0x0,148,1,0x3C,0x0019,25,CAMERA,0x0000,0x0142,80
dredge_window01,0,0x0,148,2,0x8C,0x0010,16,OBJECT_ACTIVE_STATE,0x0000,0x0022,8
dredge_window02,0,0x0,148,0,0x1C,0x001A,26,DESTRUCTION_SOURCE,0x0000,0x0082,32
dredge_window02,0,0x0,148,1,0x3C,0x0019,25,CAMERA,0x0000,0x0142,80
dredge_window02,0,0x0,148,2,0x8C,0x0010,16,OBJECT_ACTIVE_STATE,0x0000,0x0022,8
out2_window01,0,0x0,164,0,0x1C,0x001A,26,DESTRUCTION_SOURCE,0x0000,0x0082,32
out2_window01,0,0x0,164,1,0x3C,0x0019,25,CAMERA,0x0000,0x0142,80
out2_window01,0,0x0,164,2,0x8C,0x0010,16,OBJECT_ACTIVE_STATE,0x0000,0x0022,8
out2_window01,0,0x0,164,3,0x94,0x002E,46,TIMER,0x0000,0x0040,16
out2_window02,0,0x0,164,0,0x1C,0x001A,26,DESTRUCTION_SOURCE,0x0000,0x0082,32
out2_window02,0,0x0,164,1,0x3C,0x0019,25,CAMERA,0x0000,0x0142,80
out2_window02,0,0x0,164,2,0x8C,0x0010,16,OBJECT_ACTIVE_STATE,0x0000,0x0022,8
out2_window02,0,0x0,164,3,0x94,0x002E,46,TIMER,0x0000,0x0040,16
out2_window03,0,0x0,164,0,0x1C,0x001A,26,DESTRUCTION_SOURCE,0x0000,0x0082,32
out2_window03,0,0x0,164,1,0x3C,0x0019,25,CAMERA,0x0000,0x0142,80
out2_window03,0,0x0,164,2,0x8C,0x0010,16,OBJECT_ACTIVE_STATE,0x0000,0x0022,8
out2_window03,0,0x0,164,3,0x94,0x002E,46,TIMER,0x0000,0x0040,16
alaska4d_beer,0,0x0,148,0,0x1C,0x001A,26,DESTRUCTION_SOURCE,0x0000,0x0082,32
alaska4d_beer,0,0x0,148,1,0x3C,0x0019,25,CAMERA,0x0000,0x0142,80
alaska4d_beer,0,0x0,148,2,0x8C,0x0010,16,OBJECT_ACTIVE_STATE,0x0000,0x0022,8
alaska4d_plate,0,0x0,228,0,0x1C,0x001A,26,DESTRUCTION_SOURCE,0x0000,0x0082,32
alaska4d_plate,0,0x0,228,1,0x3C,0x0013,19,OBJECT_MOTION,0x0000,0x02A0,168
alaska4d_foamcup,0,0x0,228,0,0x1C,0x001A,26,DESTRUCTION_SOURCE,0x0000,0x0082,32
alaska4d_foamcup,0,0x0,228,1,0x3C,0x0013,19,OBJECT_MOTION,0x0000,0x02A0,168
flame_in_barrel,0,0x0,60,0,0x1C,0x001A,26,DESTRUCTION_SOURCE,0x0000,0x0082,32
flame_in_barrel,1,0x3C,360,0,0x1C,0x0017,23,OBJECT_MOTION_SI_SCRIPT,0x0000,0x0532,332
flame_in_barrel,2,0x1A4,360,0,0x1C,0x0017,23,OBJECT_MOTION_SI_SCRIPT,0x0000,0x0532,332
flame_in_barrel,3,0x30C,360,0,0x1C,0x0017,23,OBJECT_MOTION_SI_SCRIPT,0x0000,0x0532,332
flame_in_barrel,4,0x474,360,0,0x1C,0x0017,23,OBJECT_MOTION_SI_SCRIPT,0x0000,0x0532,332
flame_in_barrel,5,0x5DC,36,0,0x1C,0x0022,34,STOP_ANIMATION,0x0000,0x0022,8
barrel_dest,0,0x0,308,0,0x1C,0x0021,33,CALL_ANIMATION,0x0000,0x0022,8
barrel_dest,0,0x0,308,1,0x24,0x0020,32,BREAK,0x0000,0x0062,24
barrel_dest,0,0x0,308,2,0x3C,0x0020,32,BREAK,0x0000,0x0062,24
barrel_dest,0,0x0,308,3,0x54,0x0020,32,BREAK,0x0000,0x0062,24
barrel_dest,0,0x0,308,4,0x6C,0x0013,19,OBJECT_MOTION,0x0000,0x0300,192
barrel_dest,0,0x0,308,5,0x12C,0x0024,36,RESUME_ANIMATION,0x0000,0x0022,8
bchunk1_fly,0,0x0,220,0,0x1C,0x0013,19,OBJECT_MOTION,0x0000,0x0300,192
bchunk1_fly,1,0xDC,372,0,0x1C,0x0017,23,OBJECT_MOTION_SI_SCRIPT,0x0000,0x0532,332
bchunk1_fly,1,0xDC,372,1,0x168,0x000E,14,WAIT,0x0000,0x0030,12
bchunk2_fly,0,0x0,220,0,0x1C,0x0013,19,OBJECT_MOTION,0x0000,0x0300,192
bchunk2_fly,1,0xDC,372,0,0x1C,0x0017,23,OBJECT_MOTION_SI_SCRIPT,0x0000,0x0532,332
bchunk2_fly,1,0xDC,372,1,0x168,0x000E,14,WAIT,0x0000,0x0030,12
bchunk3_fly,0,0x0,220,0,0x1C,0x0013,19,OBJECT_MOTION,0x0000,0x0300,192
bchunk3_fly,1,0xDC,372,0,0x1C,0x0017,23,OBJECT_MOTION_SI_SCRIPT,0x0000,0x0532,332
bchunk3_fly,1,0xDC,372,1,0x168,0x000E,14,WAIT,0x0000,0x0030,12
crate_lightwood01,0,0x0,164,0,0x1C,0x0010,16,OBJECT_ACTIVE_STATE,0x0000,0x0022,8
crate_lightwood01,0,0x0,164,1,0x24,0x0010,16,OBJECT_ACTIVE_STATE,0x0000,0x0022,8
crate_lightwood01,0,0x0,164,2,0x2C,0x0020,32,BREAK,0x0000,0x0062,24
crate_lightwood01,0,0x0,164,3,0x44,0x0020,32,BREAK,0x0000,0x0062,24
crate_lightwood01,0,0x0,164,4,0x5C,0x0020,32,BREAK,0x0000,0x0062,24
crate_lightwood01,0,0x0,164,5,0x74,0x0020,32,BREAK,0x0000,0x0062,24
crate_lightwood01,0,0x0,164,6,0x8C,0x0020,32,BREAK,0x0000,0x0062,24
crate_lightwood02,0,0x0,164,0,0x1C,0x0010,16,OBJECT_ACTIVE_STATE,0x0000,0x0022,8
crate_lightwood02,0,0x0,164,1,0x24,0x0010,16,OBJECT_ACTIVE_STATE,0x0000,0x0022,8
crate_lightwood02,0,0x0,164,2,0x2C,0x0020,32,BREAK,0x0000,0x0062,24
crate_lightwood02,0,0x0,164,3,0x44,0x0020,32,BREAK,0x0000,0x0062,24
crate_lightwood02,0,0x0,164,4,0x5C,0x0020,32,BREAK,0x0000,0x0062,24
crate_lightwood02,0,0x0,164,5,0x74,0x0020,32,BREAK,0x0000,0x0062,24
crate_lightwood02,0,0x0,164,6,0x8C,0x0020,32,BREAK,0x0000,0x0062,24
crate_lightwood03,0,0x0,164,0,0x1C,0x0010,16,OBJECT_ACTIVE_STATE,0x0000,0x0022,8
crate_lightwood03,0,0x0,164,1,0x24,0x0010,16,OBJECT_ACTIVE_STATE,0x0000,0x0022,8
crate_lightwood03,0,0x0,164,2,0x2C,0x0020,32,BREAK,0x0000,0x0062,24
crate_lightwood03,0,0x0,164,3,0x44,0x0020,32,BREAK,0x0000,0x0062,24
crate_lightwood03,0,0x0,164,4,0x5C,0x0020,32,BREAK,0x0000,0x0062,24
crate_lightwood03,0,0x0,164,5,0x74,0x0020,32,BREAK,0x0000,0x0062,24
crate_lightwood03,0,0x0,164,6,0x8C,0x0020,32,BREAK,0x0000,0x0062,24
crate_lightwood07,0,0x0,164,0,0x1C,0x0010,16,OBJECT_ACTIVE_STATE,0x0000,0x0022,8
crate_lightwood07,0,0x0,164,1,0x24,0x0010,16,OBJECT_ACTIVE_STATE,0x0000,0x0022,8
crate_lightwood07,0,0x0,164,2,0x2C,0x0020,32,BREAK,0x0000,0x0062,24
crate_lightwood07,0,0x0,164,3,0x44,0x0020,32,BREAK,0x0000,0x0062,24
crate_lightwood07,0,0x0,164,4,0x5C,0x0020,32,BREAK,0x0000,0x0062,24
crate_lightwood07,0,0x0,164,5,0x74,0x0020,32,BREAK,0x0000,0x0062,24
crate_lightwood07,0,0x0,164,6,0x8C,0x0020,32,BREAK,0x0000,0x0062,24
crate_lightwood12,0,0x0,164,0,0x1C,0x0010,16,OBJECT_ACTIVE_STATE,0x0000,0x0022,8
crate_lightwood12,0,0x0,164,1,0x24,0x0010,16,OBJECT_ACTIVE_STATE,0x0000,0x0022,8
crate_lightwood12,0,0x0,164,2,0x2C,0x0020,32,BREAK,0x0000,0x0062,24
crate_lightwood12,0,0x0,164,3,0x44,0x0020,32,BREAK,0x0000,0x0062,24
crate_lightwood12,0,0x0,164,4,0x5C,0x0020,32,BREAK,0x0000,0x0062,24
crate_lightwood12,0,0x0,164,5,0x74,0x0020,32,BREAK,0x0000,0x0062,24
crate_lightwood12,0,0x0,164,6,0x8C,0x0020,32,BREAK,0x0000,0x0062,24
crate_lightwood13,0,0x0,164,0,0x1C,0x0010,16,OBJECT_ACTIVE_STATE,0x0000,0x0022,8
crate_lightwood13,0,0x0,164,1,0x24,0x0010,16,OBJECT_ACTIVE_STATE,0x0000,0x0022,8
crate_lightwood13,0,0x0,164,2,0x2C,0x0020,32,BREAK,0x0000,0x0062,24
crate_lightwood13,0,0x0,164,3,0x44,0x0020,32,BREAK,0x0000,0x0062,24
crate_lightwood13,0,0x0,164,4,0x5C,0x0020,32,BREAK,0x0000,0x0062,24
crate_lightwood13,0,0x0,164,5,0x74,0x0020,32,BREAK,0x0000,0x0062,24
crate_lightwood13,0,0x0,164,6,0x8C,0x0020,32,BREAK,0x0000,0x0062,24
crate_lightwood14,0,0x0,164,0,0x1C,0x0010,16,OBJECT_ACTIVE_STATE,0x0000,0x0022,8
crate_lightwood14,0,0x0,164,1,0x24,0x0010,16,OBJECT_ACTIVE_STATE,0x0000,0x0022,8
crate_lightwood14,0,0x0,164,2,0x2C,0x0020,32,BREAK,0x0000,0x0062,24
crate_lightwood14,0,0x0,164,3,0x44,0x0020,32,BREAK,0x0000,0x0062,24
crate_lightwood14,0,0x0,164,4,0x5C,0x0020,32,BREAK,0x0000,0x0062,24
crate_lightwood14,0,0x0,164,5,0x74,0x0020,32,BREAK,0x0000,0x0062,24
crate_lightwood14,0,0x0,164,6,0x8C,0x0020,32,BREAK,0x0000,0x0062,24
crate_lightwood20,0,0x0,164,0,0x1C,0x0010,16,OBJECT_ACTIVE_STATE,0x0000,0x0022,8
crate_lightwood20,0,0x0,164,1,0x24,0x0010,16,OBJECT_ACTIVE_STATE,0x0000,0x0022,8
crate_lightwood20,0,0x0,164,2,0x2C,0x0020,32,BREAK,0x0000,0x0062,24
crate_lightwood20,0,0x0,164,3,0x44,0x0020,32,BREAK,0x0000,0x0062,24
crate_lightwood20,0,0x0,164,4,0x5C,0x0020,32,BREAK,0x0000,0x0062,24
crate_lightwood20,0,0x0,164,5,0x74,0x0020,32,BREAK,0x0000,0x0062,24
crate_lightwood20,0,0x0,164,6,0x8C,0x0020,32,BREAK,0x0000,0x0062,24
crate_lightwood23,0,0x0,164,0,0x1C,0x0010,16,OBJECT_ACTIVE_STATE,0x0000,0x0022,8
crate_lightwood23,0,0x0,164,1,0x24,0x0010,16,OBJECT_ACTIVE_STATE,0x0000,0x0022,8
crate_lightwood23,0,0x0,164,2,0x2C,0x0020,32,BREAK,0x0000,0x0062,24
crate_lightwood23,0,0x0,164,3,0x44,0x0020,32,BREAK,0x0000,0x0062,24
crate_lightwood23,0,0x0,164,4,0x5C,0x0020,32,BREAK,0x0000,0x0062,24
crate_lightwood23,0,0x0,164,5,0x74,0x0020,32,BREAK,0x0000,0x0062,24
crate_lightwood23,0,0x0,164,6,0x8C,0x0020,32,BREAK,0x0000,0x0062,24
crate_lightwood24,0,0x0,164,0,0x1C,0x0010,16,OBJECT_ACTIVE_STATE,0x0000,0x0022,8
crate_lightwood24,0,0x0,164,1,0x24,0x0010,16,OBJECT_ACTIVE_STATE,0x0000,0x0022,8
crate_lightwood24,0,0x0,164,2,0x2C,0x0020,32,BREAK,0x0000,0x0062,24
crate_lightwood24,0,0x0,164,3,0x44,0x0020,32,BREAK,0x0000,0x0062,24
crate_lightwood24,0,0x0,164,4,0x5C,0x0020,32,BREAK,0x0000,0x0062,24
crate_lightwood24,0,0x0,164,5,0x74,0x0020,32,BREAK,0x0000,0x0062,24
crate_lightwood24,0,0x0,164,6,0x8C,0x0020,32,BREAK,0x0000,0x0062,24
crate_lightwood26,0,0x0,164,0,0x1C,0x0010,16,OBJECT_ACTIVE_STATE,0x0000,0x0022,8
crate_lightwood26,0,0x0,164,1,0x24,0x0010,16,OBJECT_ACTIVE_STATE,0x0000,0x0022,8
crate_lightwood26,0,0x0,164,2,0x2C,0x0020,32,BREAK,0x0000,0x0062,24
crate_lightwood26,0,0x0,164,3,0x44,0x0020,32,BREAK,0x0000,0x0062,24
crate_lightwood26,0,0x0,164,4,0x5C,0x0020,32,BREAK,0x0000,0x0062,24
crate_lightwood26,0,0x0,164,5,0x74,0x0020,32,BREAK,0x0000,0x0062,24
crate_lightwood26,0,0x0,164,6,0x8C,0x0020,32,BREAK,0x0000,0x0062,24
crate_lightwood28,0,0x0,164,0,0x1C,0x0010,16,OBJECT_ACTIVE_STATE,0x0000,0x0022,8
crate_lightwood28,0,0x0,164,1,0x24,0x0010,16,OBJECT_ACTIVE_STATE,0x0000,0x0022,8
crate_lightwood28,0,0x0,164,2,0x2C,0x0020,32,BREAK,0x0000,0x0062,24
crate_lightwood28,0,0x0,164,3,0x44,0x0020,32,BREAK,0x0000,0x0062,24
crate_lightwood28,0,0x0,164,4,0x5C,0x0020,32,BREAK,0x0000,0x0062,24
crate_lightwood28,0,0x0,164,5,0x74,0x0020,32,BREAK,0x0000,0x0062,24
crate_lightwood28,0,0x0,164,6,0x8C,0x0020,32,BREAK,0x0000,0x0062,24
crate_part_fly01,0,0x0,252,0,0x1C,0x0029,41,OBJECT_ADD_CHILD,0x0000,0x0020,8
crate_part_fly01,0,0x0,252,1,0x24,0x0012,18,OBJECT_ROTATE_STATE,0x0000,0x0052,20
crate_part_fly01,0,0x0,252,2,0x38,0x0011,17,OBJECT_TRANSLATE_STATE,0x0000,0x0052,20
crate_part_fly01,0,0x0,252,3,0x4C,0x0028,40,DEBUG,0x0000,0x0020,8
crate_part_fly01,0,0x0,252,4,0x54,0x0013,19,OBJECT_MOTION,0x0000,0x02A0,168
crate_part_fly01,1,0xFC,96,0,0x1C,0x000E,14,WAIT,0x0000,0x0030,12
crate_part_fly01,1,0xFC,96,1,0x28,0x0015,21,OBJECT_OPACITY_FROM_TO,0x0000,0x0060,24
crate_part_fly01,1,0xFC,96,2,0x40,0x0010,16,OBJECT_ACTIVE_STATE,0x0000,0x0022,8
crate_part_fly01,1,0xFC,96,3,0x48,0x0015,21,OBJECT_OPACITY_FROM_TO,0x0000,0x0060,24
crate_part_fly01,2,0x15C,384,0,0x1C,0x0002,2,IF,0x0000,0x0042,16
crate_part_fly01,2,0x15C,384,1,0x2C,0x0017,23,OBJECT_MOTION_SI_SCRIPT,0x0000,0x0532,332
crate_part_fly01,2,0x15C,384,2,0x178,0x0005,5,ENDIF,0x0000,0x0022,8
crate_part_fly01,3,0x2DC,364,0,0x1C,0x0002,2,IF,0x0000,0x0042,16
crate_part_fly01,3,0x2DC,364,1,0x2C,0x0017,23,OBJECT_MOTION_SI_SCRIPT,0x0000,0x04E2,312
crate_part_fly01,3,0x2DC,364,2,0x164,0x0005,5,ENDIF,0x0000,0x0022,8
crate_part_fly02,0,0x0,252,0,0x1C,0x0029,41,OBJECT_ADD_CHILD,0x0000,0x0020,8
crate_part_fly02,0,0x0,252,1,0x24,0x0012,18,OBJECT_ROTATE_STATE,0x0000,0x0052,20
crate_part_fly02,0,0x0,252,2,0x38,0x0011,17,OBJECT_TRANSLATE_STATE,0x0000,0x0052,20
crate_part_fly02,0,0x0,252,3,0x4C,0x0028,40,DEBUG,0x0000,0x0020,8
crate_part_fly02,0,0x0,252,4,0x54,0x0013,19,OBJECT_MOTION,0x0000,0x02A0,168
crate_part_fly02,1,0xFC,96,0,0x1C,0x000E,14,WAIT,0x0000,0x0030,12
crate_part_fly02,1,0xFC,96,1,0x28,0x0015,21,OBJECT_OPACITY_FROM_TO,0x0000,0x0060,24
crate_part_fly02,1,0xFC,96,2,0x40,0x0010,16,OBJECT_ACTIVE_STATE,0x0000,0x0022,8
crate_part_fly02,1,0xFC,96,3,0x48,0x0015,21,OBJECT_OPACITY_FROM_TO,0x0000,0x0060,24
crate_part_fly02,2,0x15C,384,0,0x1C,0x0002,2,IF,0x0000,0x0042,16
crate_part_fly02,2,0x15C,384,1,0x2C,0x0017,23,OBJECT_MOTION_SI_SCRIPT,0x0000,0x0532,332
crate_part_fly02,2,0x15C,384,2,0x178,0x0005,5,ENDIF,0x0000,0x0022,8
crate_part_fly02,3,0x2DC,364,0,0x1C,0x0002,2,IF,0x0000,0x0042,16
crate_part_fly02,3,0x2DC,364,1,0x2C,0x0017,23,OBJECT_MOTION_SI_SCRIPT,0x0000,0x04E2,312
crate_part_fly02,3,0x2DC,364,2,0x164,0x0005,5,ENDIF,0x0000,0x0022,8
crate_part_fly03,0,0x0,252,0,0x1C,0x0029,41,OBJECT_ADD_CHILD,0x0000,0x0020,8
crate_part_fly03,0,0x0,252,1,0x24,0x0012,18,OBJECT_ROTATE_STATE,0x0000,0x0052,20
crate_part_fly03,0,0x0,252,2,0x38,0x0011,17,OBJECT_TRANSLATE_STATE,0x0000,0x0052,20
crate_part_fly03,0,0x0,252,3,0x4C,0x0028,40,DEBUG,0x0000,0x0020,8
crate_part_fly03,0,0x0,252,4,0x54,0x0013,19,OBJECT_MOTION,0x0000,0x02A0,168
crate_part_fly03,1,0xFC,96,0,0x1C,0x000E,14,WAIT,0x0000,0x0030,12
crate_part_fly03,1,0xFC,96,1,0x28,0x0015,21,OBJECT_OPACITY_FROM_TO,0x0000,0x0060,24
crate_part_fly03,1,0xFC,96,2,0x40,0x0010,16,OBJECT_ACTIVE_STATE,0x0000,0x0022,8
crate_part_fly03,1,0xFC,96,3,0x48,0x0015,21,OBJECT_OPACITY_FROM_TO,0x0000,0x0060,24
crate_part_fly03,2,0x15C,384,0,0x1C,0x0002,2,IF,0x0000,0x0042,16
crate_part_fly03,2,0x15C,384,1,0x2C,0x0017,23,OBJECT_MOTION_SI_SCRIPT,0x0000,0x0532,332
crate_part_fly03,2,0x15C,384,2,0x178,0x0005,5,ENDIF,0x0000,0x0022,8
crate_part_fly03,3,0x2DC,364,0,0x1C,0x0002,2,IF,0x0000,0x0042,16
crate_part_fly03,3,0x2DC,364,1,0x2C,0x0017,23,OBJECT_MOTION_SI_SCRIPT,0x0000,0x04E2,312
crate_part_fly03,3,0x2DC,364,2,0x164,0x0005,5,ENDIF,0x0000,0x0022,8
crate_part_fly07,0,0x0,252,0,0x1C,0x0029,41,OBJECT_ADD_CHILD,0x0000,0x0020,8
crate_part_fly07,0,0x0,252,1,0x24,0x0012,18,OBJECT_ROTATE_STATE,0x0000,0x0052,20
crate_part_fly07,0,0x0,252,2,0x38,0x0011,17,OBJECT_TRANSLATE_STATE,0x0000,0x0052,20
crate_part_fly07,0,0x0,252,3,0x4C,0x0028,40,DEBUG,0x0000,0x0020,8
crate_part_fly07,0,0x0,252,4,0x54,0x0013,19,OBJECT_MOTION,0x0000,0x02A0,168
crate_part_fly07,1,0xFC,96,0,0x1C,0x000E,14,WAIT,0x0000,0x0030,12
crate_part_fly07,1,0xFC,96,1,0x28,0x0015,21,OBJECT_OPACITY_FROM_TO,0x0000,0x0060,24
crate_part_fly07,1,0xFC,96,2,0x40,0x0010,16,OBJECT_ACTIVE_STATE,0x0000,0x0022,8
crate_part_fly07,1,0xFC,96,3,0x48,0x0015,21,OBJECT_OPACITY_FROM_TO,0x0000,0x0060,24
crate_part_fly07,2,0x15C,384,0,0x1C,0x0002,2,IF,0x0000,0x0042,16
crate_part_fly07,2,0x15C,384,1,0x2C,0x0017,23,OBJECT_MOTION_SI_SCRIPT,0x0000,0x0532,332
crate_part_fly07,2,0x15C,384,2,0x178,0x0005,5,ENDIF,0x0000,0x0022,8
crate_part_fly07,3,0x2DC,364,0,0x1C,0x0002,2,IF,0x0000,0x0042,16
crate_part_fly07,3,0x2DC,364,1,0x2C,0x0017,23,OBJECT_MOTION_SI_SCRIPT,0x0000,0x04E2,312
crate_part_fly07,3,0x2DC,364,2,0x164,0x0005,5,ENDIF,0x0000,0x0022,8
crate_part_fly12,0,0x0,252,0,0x1C,0x0029,41,OBJECT_ADD_CHILD,0x0000,0x0020,8
crate_part_fly12,0,0x0,252,1,0x24,0x0012,18,OBJECT_ROTATE_STATE,0x0000,0x0052,20
crate_part_fly12,0,0x0,252,2,0x38,0x0011,17,OBJECT_TRANSLATE_STATE,0x0000,0x0052,20
crate_part_fly12,0,0x0,252,3,0x4C,0x0028,40,DEBUG,0x0000,0x0020,8
crate_part_fly12,0,0x0,252,4,0x54,0x0013,19,OBJECT_MOTION,0x0000,0x02A0,168
crate_part_fly12,1,0xFC,96,0,0x1C,0x000E,14,WAIT,0x0000,0x0030,12
crate_part_fly12,1,0xFC,96,1,0x28,0x0015,21,OBJECT_OPACITY_FROM_TO,0x0000,0x0060,24
crate_part_fly12,1,0xFC,96,2,0x40,0x0010,16,OBJECT_ACTIVE_STATE,0x0000,0x0022,8
crate_part_fly12,1,0xFC,96,3,0x48,0x0015,21,OBJECT_OPACITY_FROM_TO,0x0000,0x0060,24
crate_part_fly12,2,0x15C,384,0,0x1C,0x0002,2,IF,0x0000,0x0042,16
crate_part_fly12,2,0x15C,384,1,0x2C,0x0017,23,OBJECT_MOTION_SI_SCRIPT,0x0000,0x0532,332
crate_part_fly12,2,0x15C,384,2,0x178,0x0005,5,ENDIF,0x0000,0x0022,8
crate_part_fly12,3,0x2DC,364,0,0x1C,0x0002,2,IF,0x0000,0x0042,16
crate_part_fly12,3,0x2DC,364,1,0x2C,0x0017,23,OBJECT_MOTION_SI_SCRIPT,0x0000,0x04E2,312
crate_part_fly12,3,0x2DC,364,2,0x164,0x0005,5,ENDIF,0x0000,0x0022,8
crate_part_fly13,0,0x0,252,0,0x1C,0x0029,41,OBJECT_ADD_CHILD,0x0000,0x0020,8
crate_part_fly13,0,0x0,252,1,0x24,0x0012,18,OBJECT_ROTATE_STATE,0x0000,0x0052,20
crate_part_fly13,0,0x0,252,2,0x38,0x0011,17,OBJECT_TRANSLATE_STATE,0x0000,0x0052,20
crate_part_fly13,0,0x0,252,3,0x4C,0x0028,40,DEBUG,0x0000,0x0020,8
crate_part_fly13,0,0x0,252,4,0x54,0x0013,19,OBJECT_MOTION,0x0000,0x02A0,168
crate_part_fly13,1,0xFC,96,0,0x1C,0x000E,14,WAIT,0x0000,0x0030,12
crate_part_fly13,1,0xFC,96,1,0x28,0x0015,21,OBJECT_OPACITY_FROM_TO,0x0000,0x0060,24
crate_part_fly13,1,0xFC,96,2,0x40,0x0010,16,OBJECT_ACTIVE_STATE,0x0000,0x0022,8
crate_part_fly13,1,0xFC,96,3,0x48,0x0015,21,OBJECT_OPACITY_FROM_TO,0x0000,0x0060,24
crate_part_fly13,2,0x15C,384,0,0x1C,0x0002,2,IF,0x0000,0x0042,16
crate_part_fly13,2,0x15C,384,1,0x2C,0x0017,23,OBJECT_MOTION_SI_SCRIPT,0x0000,0x0532,332
crate_part_fly13,2,0x15C,384,2,0x178,0x0005,5,ENDIF,0x0000,0x0022,8
crate_part_fly13,3,0x2DC,364,0,0x1C,0x0002,2,IF,0x0000,0x0042,16
crate_part_fly13,3,0x2DC,364,1,0x2C,0x0017,23,OBJECT_MOTION_SI_SCRIPT,0x0000,0x04E2,312
crate_part_fly13,3,0x2DC,364,2,0x164,0x0005,5,ENDIF,0x0000,0x0022,8
crate_part_fly14,0,0x0,252,0,0x1C,0x0029,41,OBJECT_ADD_CHILD,0x0000,0x0020,8
crate_part_fly14,0,0x0,252,1,0x24,0x0012,18,OBJECT_ROTATE_STATE,0x0000,0x0052,20
crate_part_fly14,0,0x0,252,2,0x38,0x0011,17,OBJECT_TRANSLATE_STATE,0x0000,0x0052,20
crate_part_fly14,0,0x0,252,3,0x4C,0x0028,40,DEBUG,0x0000,0x0020,8
crate_part_fly14,0,0x0,252,4,0x54,0x0013,19,OBJECT_MOTION,0x0000,0x02A0,168
crate_part_fly14,1,0xFC,96,0,0x1C,0x000E,14,WAIT,0x0000,0x0030,12
crate_part_fly14,1,0xFC,96,1,0x28,0x0015,21,OBJECT_OPACITY_FROM_TO,0x0000,0x0060,24
crate_part_fly14,1,0xFC,96,2,0x40,0x0010,16,OBJECT_ACTIVE_STATE,0x0000,0x0022,8
crate_part_fly14,1,0xFC,96,3,0x48,0x0015,21,OBJECT_OPACITY_FROM_TO,0x0000,0x0060,24
crate_part_fly14,2,0x15C,384,0,0x1C,0x0002,2,IF,0x0000,0x0042,16
crate_part_fly14,2,0x15C,384,1,0x2C,0x0017,23,OBJECT_MOTION_SI_SCRIPT,0x0000,0x0532,332
crate_part_fly14,2,0x15C,384,2,0x178,0x0005,5,ENDIF,0x0000,0x0022,8
crate_part_fly14,3,0x2DC,364,0,0x1C,0x0002,2,IF,0x0000,0x0042,16
crate_part_fly14,3,0x2DC,364,1,0x2C,0x0017,23,OBJECT_MOTION_SI_SCRIPT,0x0000,0x04E2,312
crate_part_fly14,3,0x2DC,364,2,0x164,0x0005,5,ENDIF,0x0000,0x0022,8
crate_part_fly20,0,0x0,252,0,0x1C,0x0029,41,OBJECT_ADD_CHILD,0x0000,0x0020,8
crate_part_fly20,0,0x0,252,1,0x24,0x0012,18,OBJECT_ROTATE_STATE,0x0000,0x0052,20
crate_part_fly20,0,0x0,252,2,0x38,0x0011,17,OBJECT_TRANSLATE_STATE,0x0000,0x0052,20
crate_part_fly20,0,0x0,252,3,0x4C,0x0028,40,DEBUG,0x0000,0x0020,8
crate_part_fly20,0,0x0,252,4,0x54,0x0013,19,OBJECT_MOTION,0x0000,0x02A0,168
crate_part_fly20,1,0xFC,96,0,0x1C,0x000E,14,WAIT,0x0000,0x0030,12
crate_part_fly20,1,0xFC,96,1,0x28,0x0015,21,OBJECT_OPACITY_FROM_TO,0x0000,0x0060,24
crate_part_fly20,1,0xFC,96,2,0x40,0x0010,16,OBJECT_ACTIVE_STATE,0x0000,0x0022,8
crate_part_fly20,1,0xFC,96,3,0x48,0x0015,21,OBJECT_OPACITY_FROM_TO,0x0000,0x0060,24
crate_part_fly20,2,0x15C,384,0,0x1C,0x0002,2,IF,0x0000,0x0042,16
crate_part_fly20,2,0x15C,384,1,0x2C,0x0017,23,OBJECT_MOTION_SI_SCRIPT,0x0000,0x0532,332
crate_part_fly20,2,0x15C,384,2,0x178,0x0005,5,ENDIF,0x0000,0x0022,8
crate_part_fly20,3,0x2DC,364,0,0x1C,0x0002,2,IF,0x0000,0x0042,16
crate_part_fly20,3,0x2DC,364,1,0x2C,0x0017,23,OBJECT_MOTION_SI_SCRIPT,0x0000,0x04E2,312
crate_part_fly20,3,0x2DC,364,2,0x164,0x0005,5,ENDIF,0x0000,0x0022,8
crate_part_fly23,0,0x0,252,0,0x1C,0x0029,41,OBJECT_ADD_CHILD,0x0000,0x0020,8
crate_part_fly23,0,0x0,252,1,0x24,0x0012,18,OBJECT_ROTATE_STATE,0x0000,0x0052,20
crate_part_fly23,0,0x0,252,2,0x38,0x0011,17,OBJECT_TRANSLATE_STATE,0x0000,0x0052,20
crate_part_fly23,0,0x0,252,3,0x4C,0x0028,40,DEBUG,0x0000,0x0020,8
crate_part_fly23,0,0x0,252,4,0x54,0x0013,19,OBJECT_MOTION,0x0000,0x02A0,168
crate_part_fly23,1,0xFC,96,0,0x1C,0x000E,14,WAIT,0x0000,0x0030,12
crate_part_fly23,1,0xFC,96,1,0x28,0x0015,21,OBJECT_OPACITY_FROM_TO,0x0000,0x0060,24
crate_part_fly23,1,0xFC,96,2,0x40,0x0010,16,OBJECT_ACTIVE_STATE,0x0000,0x0022,8
crate_part_fly23,1,0xFC,96,3,0x48,0x0015,21,OBJECT_OPACITY_FROM_TO,0x0000,0x0060,24
crate_part_fly23,2,0x15C,384,0,0x1C,0x0002,2,IF,0x0000,0x0042,16
crate_part_fly23,2,0x15C,384,1,0x2C,0x0017,23,OBJECT_MOTION_SI_SCRIPT,0x0000,0x0532,332
crate_part_fly23,2,0x15C,384,2,0x178,0x0005,5,ENDIF,0x0000,0x0022,8
crate_part_fly23,3,0x2DC,364,0,0x1C,0x0002,2,IF,0x0000,0x0042,16
crate_part_fly23,3,0x2DC,364,1,0x2C,0x0017,23,OBJECT_MOTION_SI_SCRIPT,0x0000,0x04E2,312
crate_part_fly23,3,0x2DC,364,2,0x164,0x0005,5,ENDIF,0x0000,0x0022,8
crate_part_fly24,0,0x0,252,0,0x1C,0x0029,41,OBJECT_ADD_CHILD,0x0000,0x0020,8
crate_part_fly24,0,0x0,252,1,0x24,0x0012,18,OBJECT_ROTATE_STATE,0x0000,0x0052,20
crate_part_fly24,0,0x0,252,2,0x38,0x0011,17,OBJECT_TRANSLATE_STATE,0x0000,0x0052,20
crate_part_fly24,0,0x0,252,3,0x4C,0x0028,40,DEBUG,0x0000,0x0020,8
crate_part_fly24,0,0x0,252,4,0x54,0x0013,19,OBJECT_MOTION,0x0000,0x02A0,168
crate_part_fly24,1,0xFC,96,0,0x1C,0x000E,14,WAIT,0x0000,0x0030,12
crate_part_fly24,1,0xFC,96,1,0x28,0x0015,21,OBJECT_OPACITY_FROM_TO,0x0000,0x0060,24
crate_part_fly24,1,0xFC,96,2,0x40,0x0010,16,OBJECT_ACTIVE_STATE,0x0000,0x0022,8
crate_part_fly24,1,0xFC,96,3,0x48,0x0015,21,OBJECT_OPACITY_FROM_TO,0x0000,0x0060,24
crate_part_fly24,2,0x15C,384,0,0x1C,0x0002,2,IF,0x0000,0x0042,16
crate_part_fly24,2,0x15C,384,1,0x2C,0x0017,23,OBJECT_MOTION_SI_SCRIPT,0x0000,0x0532,332
crate_part_fly24,2,0x15C,384,2,0x178,0x0005,5,ENDIF,0x0000,0x0022,8
crate_part_fly24,3,0x2DC,364,0,0x1C,0x0002,2,IF,0x0000,0x0042,16
crate_part_fly24,3,0x2DC,364,1,0x2C,0x0017,23,OBJECT_MOTION_SI_SCRIPT,0x0000,0x04E2,312
crate_part_fly24,3,0x2DC,364,2,0x164,0x0005,5,ENDIF,0x0000,0x0022,8
crate_part_fly26,0,0x0,252,0,0x1C,0x0029,41,OBJECT_ADD_CHILD,0x0000,0x0020,8
crate_part_fly26,0,0x0,252,1,0x24,0x0012,18,OBJECT_ROTATE_STATE,0x0000,0x0052,20
crate_part_fly26,0,0x0,252,2,0x38,0x0011,17,OBJECT_TRANSLATE_STATE,0x0000,0x0052,20
crate_part_fly26,0,0x0,252,3,0x4C,0x0028,40,DEBUG,0x0000,0x0020,8
crate_part_fly26,0,0x0,252,4,0x54,0x0013,19,OBJECT_MOTION,0x0000,0x02A0,168
crate_part_fly26,1,0xFC,96,0,0x1C,0x000E,14,WAIT,0x0000,0x0030,12
crate_part_fly26,1,0xFC,96,1,0x28,0x0015,21,OBJECT_OPACITY_FROM_TO,0x0000,0x0060,24
crate_part_fly26,1,0xFC,96,2,0x40,0x0010,16,OBJECT_ACTIVE_STATE,0x0000,0x0022,8
crate_part_fly26,1,0xFC,96,3,0x48,0x0015,21,OBJECT_OPACITY_FROM_TO,0x0000,0x0060,24
crate_part_fly26,2,0x15C,384,0,0x1C,0x0002,2,IF,0x0000,0x0042,16
crate_part_fly26,2,0x15C,384,1,0x2C,0x0017,23,OBJECT_MOTION_SI_SCRIPT,0x0000,0x0532,332
crate_part_fly26,2,0x15C,384,2,0x178,0x0005,5,ENDIF,0x0000,0x0022,8
crate_part_fly26,3,0x2DC,364,0,0x1C,0x0002,2,IF,0x0000,0x0042,16
crate_part_fly26,3,0x2DC,364,1,0x2C,0x0017,23,OBJECT_MOTION_SI_SCRIPT,0x0000,0x04E2,312
crate_part_fly26,3,0x2DC,364,2,0x164,0x0005,5,ENDIF,0x0000,0x0022,8
crate_part_fly28,0,0x0,252,0,0x1C,0x0029,41,OBJECT_ADD_CHILD,0x0000,0x0020,8
crate_part_fly28,0,0x0,252,1,0x24,0x0012,18,OBJECT_ROTATE_STATE,0x0000,0x0052,20
crate_part_fly28,0,0x0,252,2,0x38,0x0011,17,OBJECT_TRANSLATE_STATE,0x0000,0x0052,20
crate_part_fly28,0,0x0,252,3,0x4C,0x0028,40,DEBUG,0x0000,0x0020,8
crate_part_fly28,0,0x0,252,4,0x54,0x0013,19,OBJECT_MOTION,0x0000,0x02A0,168
crate_part_fly28,1,0xFC,96,0,0x1C,0x000E,14,WAIT,0x0000,0x0030,12
crate_part_fly28,1,0xFC,96,1,0x28,0x0015,21,OBJECT_OPACITY_FROM_TO,0x0000,0x0060,24
crate_part_fly28,1,0xFC,96,2,0x40,0x0010,16,OBJECT_ACTIVE_STATE,0x0000,0x0022,8
crate_part_fly28,1,0xFC,96,3,0x48,0x0015,21,OBJECT_OPACITY_FROM_TO,0x0000,0x0060,24
crate_part_fly28,2,0x15C,384,0,0x1C,0x0002,2,IF,0x0000,0x0042,16
crate_part_fly28,2,0x15C,384,1,0x2C,0x0017,23,OBJECT_MOTION_SI_SCRIPT,0x0000,0x0532,332
crate_part_fly28,2,0x15C,384,2,0x178,0x0005,5,ENDIF,0x0000,0x0022,8
crate_part_fly28,3,0x2DC,364,0,0x1C,0x0002,2,IF,0x0000,0x0042,16
crate_part_fly28,3,0x2DC,364,1,0x2C,0x0017,23,OBJECT_MOTION_SI_SCRIPT,0x0000,0x04E2,312
crate_part_fly28,3,0x2DC,364,2,0x164,0x0005,5,ENDIF,0x0000,0x0022,8
turn_off_gen,0,0x0,380,0,0x1C,0x0002,2,IF,0x0000,0x0062,24
turn_off_gen,0,0x0,380,1,0x34,0x020F,15,OBJECT_BLENDMODE,0x0200,0x00B0,44
turn_off_gen,0,0x0,380,2,0x60,0x0213,19,OBJECT_MOTION,0x0200,0x00A1,40
turn_off_gen,0,0x0,380,3,0x88,0x0205,5,ENDIF,0x0200,0x0090,36
turn_off_gen,0,0x0,380,4,0xAC,0x0020,32,BREAK,0x0000,0x0062,24
turn_off_gen,0,0x0,380,5,0xC4,0x000E,14,WAIT,0x0000,0x0030,12
turn_off_gen,0,0x0,380,6,0xD0,0x002E,46,TIMER,0x0000,0x0040,16
turn_off_gen,0,0x0,380,7,0xE0,0x0004,4,ELSE,0x0000,0x0022,8
turn_off_gen,0,0x0,380,8,0xE8,0x020F,15,OBJECT_BLENDMODE,0x0200,0x00B0,44
turn_off_gen,0,0x0,380,9,0x114,0x0001,1,QUAD_ALIGN,0x0000,0x0030,12
turn_off_gen,0,0x0,380,10,0x120,0x0213,19,OBJECT_MOTION,0x0200,0x00A1,40
turn_off_gen,0,0x0,380,11,0x148,0x0020,32,BREAK,0x0000,0x0062,24
turn_off_gen,0,0x0,380,12,0x160,0x000E,14,WAIT,0x0000,0x0030,12
turn_off_gen,0,0x0,380,13,0x16C,0x002E,46,TIMER,0x0000,0x0040,16
gen_switch_down,0,0x0,580,0,0x1C,0x0014,20,OBJECT_MOTION_FROM_TO,0x0000,0x0200,128
gen_switch_down,0,0x0,580,1,0x9C,0x002E,46,TIMER,0x0000,0x0040,16
gen_switch_down,0,0x0,580,2,0xAC,0x0020,32,BREAK,0x0000,0x0062,24
gen_switch_down,0,0x0,580,3,0xC4,0x0020,32,BREAK,0x0000,0x0062,24
gen_switch_down,0,0x0,580,4,0xDC,0x0020,32,BREAK,0x0000,0x0062,24
gen_switch_down,0,0x0,580,5,0xF4,0x0020,32,BREAK,0x0000,0x0062,24
gen_switch_down,0,0x0,580,6,0x10C,0x0020,32,BREAK,0x0000,0x0062,24
gen_switch_down,0,0x0,580,7,0x124,0x0020,32,BREAK,0x0000,0x0062,24
gen_switch_down,0,0x0,580,8,0x13C,0x0020,32,BREAK,0x0000,0x0062,24
gen_switch_down,0,0x0,580,9,0x154,0x0020,32,BREAK,0x0000,0x0062,24
gen_switch_down,0,0x0,580,10,0x16C,0x0020,32,BREAK,0x0000,0x0062,24
gen_switch_down,0,0x0,580,11,0x184,0x0020,32,BREAK,0x0000,0x0062,24
gen_switch_down,0,0x0,580,12,0x19C,0x0020,32,BREAK,0x0000,0x0062,24
gen_switch_down,0,0x0,580,13,0x1B4,0x0020,32,BREAK,0x0000,0x0062,24
gen_switch_down,0,0x0,580,14,0x1CC,0x0020,32,BREAK,0x0000,0x0062,24
gen_switch_down,0,0x0,580,15,0x1E4,0x0020,32,BREAK,0x0000,0x0062,24
gen_switch_down,0,0x0,580,16,0x1FC,0x0020,32,BREAK,0x0000,0x0062,24
gen_switch_down,0,0x0,580,17,0x214,0x0020,32,BREAK,0x0000,0x0062,24
gen_switch_down,0,0x0,580,18,0x22C,0x0020,32,BREAK,0x0000,0x0062,24
gen_switch_down,1,0x244,80,0,0x1C,0x0021,33,CALL_ANIMATION,0x0000,0x0022,8
gen_switch_down,1,0x244,80,1,0x24,0x000E,14,WAIT,0x0000,0x0030,12
gen_switch_down,1,0x244,80,2,0x30,0x001A,26,DESTRUCTION_SOURCE,0x0000,0x0082,32
gen_switch_up,0,0x0,604,0,0x1C,0x0014,20,OBJECT_MOTION_FROM_TO,0x0000,0x0200,128
gen_switch_up,0,0x0,604,1,0x9C,0x002E,46,TIMER,0x0000,0x0040,16
gen_switch_up,0,0x0,604,2,0xAC,0x0020,32,BREAK,0x0000,0x0062,24
gen_switch_up,0,0x0,604,3,0xC4,0x0020,32,BREAK,0x0000,0x0062,24
gen_switch_up,0,0x0,604,4,0xDC,0x0020,32,BREAK,0x0000,0x0062,24
gen_switch_up,0,0x0,604,5,0xF4,0x0020,32,BREAK,0x0000,0x0062,24
gen_switch_up,0,0x0,604,6,0x10C,0x0020,32,BREAK,0x0000,0x0062,24
gen_switch_up,0,0x0,604,7,0x124,0x0020,32,BREAK,0x0000,0x0062,24
gen_switch_up,0,0x0,604,8,0x13C,0x0020,32,BREAK,0x0000,0x0062,24
gen_switch_up,0,0x0,604,9,0x154,0x0020,32,BREAK,0x0000,0x0062,24
gen_switch_up,0,0x0,604,10,0x16C,0x0020,32,BREAK,0x0000,0x0062,24
gen_switch_up,0,0x0,604,11,0x184,0x0020,32,BREAK,0x0000,0x0062,24
gen_switch_up,0,0x0,604,12,0x19C,0x0020,32,BREAK,0x0000,0x0062,24
gen_switch_up,0,0x0,604,13,0x1B4,0x0020,32,BREAK,0x0000,0x0062,24
gen_switch_up,0,0x0,604,14,0x1CC,0x0020,32,BREAK,0x0000,0x0062,24
gen_switch_up,0,0x0,604,15,0x1E4,0x0020,32,BREAK,0x0000,0x0062,24
gen_switch_up,0,0x0,604,16,0x1FC,0x0020,32,BREAK,0x0000,0x0062,24
gen_switch_up,0,0x0,604,17,0x214,0x0020,32,BREAK,0x0000,0x0062,24
gen_switch_up,0,0x0,604,18,0x22C,0x0020,32,BREAK,0x0000,0x0062,24
gen_switch_up,0,0x0,604,19,0x244,0x0020,32,BREAK,0x0000,0x0062,24
generator_1,0,0x0,688,0,0x1C,0x002E,46,TIMER,0x0000,0x0040,16
generator_1,0,0x0,688,1,0x2C,0x0002,2,IF,0x0000,0x0062,24
generator_1,0,0x0,688,2,0x44,0x0020,32,BREAK,0x0000,0x0062,24
generator_1,0,0x0,688,3,0x5C,0x0005,5,ENDIF,0x0000,0x0022,8
generator_1,0,0x0,688,4,0x64,0x002E,46,TIMER,0x0000,0x0040,16
generator_1,0,0x0,688,5,0x74,0x0024,36,RESUME_ANIMATION,0x0000,0x0022,8
generator_1,0,0x0,688,6,0x7C,0x0010,16,OBJECT_ACTIVE_STATE,0x0000,0x0022,8
generator_1,0,0x0,688,7,0x84,0x0010,16,OBJECT_ACTIVE_STATE,0x0000,0x0022,8
generator_1,0,0x0,688,8,0x8C,0x0010,16,OBJECT_ACTIVE_STATE,0x0000,0x0022,8
generator_1,0,0x0,688,9,0x94,0x0010,16,OBJECT_ACTIVE_STATE,0x0000,0x0022,8
generator_1,0,0x0,688,10,0x9C,0x0010,16,OBJECT_ACTIVE_STATE,0x0000,0x0022,8
generator_1,0,0x0,688,11,0xA4,0x0020,32,BREAK,0x0000,0x0062,24
generator_1,0,0x0,688,12,0xBC,0x0020,32,BREAK,0x0000,0x0062,24
generator_1,0,0x0,688,13,0xD4,0x0020,32,BREAK,0x0000,0x0062,24
generator_1,0,0x0,688,14,0xEC,0x0020,32,BREAK,0x0000,0x0062,24
generator_1,0,0x0,688,15,0x104,0x0020,32,BREAK,0x0000,0x0062,24
generator_1,0,0x0,688,16,0x11C,0x0020,32,BREAK,0x0000,0x0062,24
generator_1,0,0x0,688,17,0x134,0x0020,32,BREAK,0x0000,0x0062,24
generator_1,0,0x0,688,18,0x14C,0x0020,32,BREAK,0x0000,0x0062,24
generator_1,0,0x0,688,19,0x164,0x0020,32,BREAK,0x0000,0x0062,24
generator_1,0,0x0,688,20,0x17C,0x0020,32,BREAK,0x0000,0x0062,24
generator_1,0,0x0,688,21,0x194,0x0020,32,BREAK,0x0000,0x0062,24
generator_1,0,0x0,688,22,0x1AC,0x0020,32,BREAK,0x0000,0x0062,24
generator_1,0,0x0,688,23,0x1C4,0x0020,32,BREAK,0x0000,0x0062,24
generator_1,0,0x0,688,24,0x1DC,0x0020,32,BREAK,0x0000,0x0062,24
generator_1,0,0x0,688,25,0x1F4,0x0020,32,BREAK,0x0000,0x0062,24
generator_1,0,0x0,688,26,0x20C,0x0020,32,BREAK,0x0000,0x0062,24
generator_1,0,0x0,688,27,0x224,0x0020,32,BREAK,0x0000,0x0062,24
generator_1,0,0x0,688,28,0x23C,0x0020,32,BREAK,0x0000,0x0062,24
generator_1,0,0x0,688,29,0x254,0x0020,32,BREAK,0x0000,0x0062,24
generator_1,0,0x0,688,30,0x26C,0x0020,32,BREAK,0x0000,0x0062,24
generator_1,0,0x0,688,31,0x284,0x0020,32,BREAK,0x0000,0x0062,24
generator_1,0,0x0,688,32,0x29C,0x000E,14,WAIT,0x0000,0x0030,12
generator_1,0,0x0,688,33,0x2A8,0x0010,16,OBJECT_ACTIVE_STATE,0x0000,0x0022,8
generator_1,1,0x2B0,80,0,0x1C,0x0021,33,CALL_ANIMATION,0x0000,0x0022,8
generator_1,1,0x2B0,80,1,0x24,0x000E,14,WAIT,0x0000,0x0030,12
generator_1,1,0x2B0,80,2,0x30,0x001A,26,DESTRUCTION_SOURCE,0x0000,0x0082,32
gen_part_fly,0,0x0,252,0,0x1C,0x0029,41,OBJECT_ADD_CHILD,0x0000,0x0020,8
gen_part_fly,0,0x0,252,1,0x24,0x0012,18,OBJECT_ROTATE_STATE,0x0000,0x0052,20
gen_part_fly,0,0x0,252,2,0x38,0x0011,17,OBJECT_TRANSLATE_STATE,0x0000,0x0052,20
gen_part_fly,0,0x0,252,3,0x4C,0x0028,40,DEBUG,0x0000,0x0020,8
gen_part_fly,0,0x0,252,4,0x54,0x0013,19,OBJECT_MOTION,0x0000,0x02A0,168
gen_part_fly,1,0xFC,96,0,0x1C,0x000E,14,WAIT,0x0000,0x0030,12
gen_part_fly,1,0xFC,96,1,0x28,0x0015,21,OBJECT_OPACITY_FROM_TO,0x0000,0x0060,24
gen_part_fly,1,0xFC,96,2,0x40,0x0010,16,OBJECT_ACTIVE_STATE,0x0000,0x0022,8
gen_part_fly,1,0xFC,96,3,0x48,0x0015,21,OBJECT_OPACITY_FROM_TO,0x0000,0x0060,24
gen_smoke1,0,0x0,340,0,0x1C,0x0017,23,OBJECT_MOTION_SI_SCRIPT,0x0000,0x04E2,312
gen_smoke1,1,0x154,576,0,0x1C,0x001C,28,LIGHT,0x0000,0x0022,8
gen_smoke1,1,0x154,576,1,0x24,0x0012,18,OBJECT_ROTATE_STATE,0x0000,0x0052,20
gen_smoke1,1,0x154,576,2,0x38,0x0014,20,OBJECT_MOTION_FROM_TO,0x0000,0x0200,128
gen_smoke1,1,0x154,576,3,0xB8,0x0014,20,OBJECT_MOTION_FROM_TO,0x0000,0x0200,128
gen_smoke1,1,0x154,576,4,0x138,0x0014,20,OBJECT_MOTION_FROM_TO,0x0000,0x0200,128
gen_smoke1,1,0x154,576,5,0x1B8,0x0014,20,OBJECT_MOTION_FROM_TO,0x0000,0x0200,128
gen_smoke1,1,0x154,576,6,0x238,0x001D,29,WHILE,0x0000,0x0022,8
gen_smoke1,2,0x394,92,0,0x1C,0x001A,26,DESTRUCTION_SOURCE,0x0000,0x0082,32
gen_smoke1,2,0x394,92,1,0x3C,0x001A,26,DESTRUCTION_SOURCE,0x0000,0x0082,32
gentire1,0,0x0,196,0,0x1C,0x0013,19,OBJECT_MOTION,0x0000,0x0280,160
gentire1,0,0x0,196,1,0xBC,0x0010,16,OBJECT_ACTIVE_STATE,0x0000,0x0022,8
gentire2,0,0x0,196,0,0x1C,0x0013,19,OBJECT_MOTION,0x0000,0x0280,160
gentire2,0,0x0,196,1,0xBC,0x0010,16,OBJECT_ACTIVE_STATE,0x0000,0x0022,8
alaska4h_beartrap01,0,0x0,156,0,0x1C,0x0014,20,OBJECT_MOTION_FROM_TO,0x0000,0x0200,128
alaska4h_beartrap01,1,0x9C,156,0,0x1C,0x0014,20,OBJECT_MOTION_FROM_TO,0x0000,0x0200,128
fireplace_flame1,0,0x0,36,0,0x1C,0x0025,37,INVALIDATE_ANIMATION,0x0000,0x0022,8
fireplace_flame1,1,0x24,112,0,0x1C,0x001A,26,DESTRUCTION_SOURCE,0x0000,0x0082,32
fireplace_flame1,1,0x24,112,1,0x3C,0x001C,28,LIGHT,0x0000,0x0062,24
fireplace_flame1,1,0x24,112,2,0x54,0x000E,14,WAIT,0x0000,0x0030,12
fireplace_flame1,1,0x24,112,3,0x60,0x001D,29,WHILE,0x0000,0x0022,8
fireplace_flame1,1,0x24,112,4,0x68,0x0025,37,INVALIDATE_ANIMATION,0x0000,0x0022,8
fireplace_flame1,2,0x94,112,0,0x1C,0x001A,26,DESTRUCTION_SOURCE,0x0000,0x0082,32
fireplace_flame1,2,0x94,112,1,0x3C,0x001C,28,LIGHT,0x0000,0x0062,24
fireplace_flame1,2,0x94,112,2,0x54,0x000E,14,WAIT,0x0000,0x0030,12
fireplace_flame1,2,0x94,112,3,0x60,0x001D,29,WHILE,0x0000,0x0022,8
fireplace_flame1,2,0x94,112,4,0x68,0x0025,37,INVALIDATE_ANIMATION,0x0000,0x0022,8
fireplace_flame1,3,0x104,360,0,0x1C,0x0017,23,OBJECT_MOTION_SI_SCRIPT,0x0000,0x0532,332
fireplace_flame1,4,0x26C,360,0,0x1C,0x0017,23,OBJECT_MOTION_SI_SCRIPT,0x0000,0x0532,332
fireplace_flame1,5,0x3D4,360,0,0x1C,0x0017,23,OBJECT_MOTION_SI_SCRIPT,0x0000,0x0532,332
fireplace_flame1,6,0x53C,360,0,0x1C,0x0017,23,OBJECT_MOTION_SI_SCRIPT,0x0000,0x0532,332
fireplace_flame1,7,0x6A4,216,0,0x1C,0x001C,28,LIGHT,0x0000,0x0022,8
fireplace_flame1,7,0x6A4,216,1,0x24,0x001B,27,SOUND,0x0000,0x02B2,172
fireplace_flame1,7,0x6A4,216,2,0xD0,0x001D,29,WHILE,0x0000,0x0022,8
fireplace_flame2,0,0x0,36,0,0x1C,0x0025,37,INVALIDATE_ANIMATION,0x0000,0x0022,8
fireplace_flame2,1,0x24,112,0,0x1C,0x001A,26,DESTRUCTION_SOURCE,0x0000,0x0082,32
fireplace_flame2,1,0x24,112,1,0x3C,0x001C,28,LIGHT,0x0000,0x0062,24
fireplace_flame2,1,0x24,112,2,0x54,0x000E,14,WAIT,0x0000,0x0030,12
fireplace_flame2,1,0x24,112,3,0x60,0x001D,29,WHILE,0x0000,0x0022,8
fireplace_flame2,1,0x24,112,4,0x68,0x0025,37,INVALIDATE_ANIMATION,0x0000,0x0022,8
fireplace_flame2,2,0x94,112,0,0x1C,0x001A,26,DESTRUCTION_SOURCE,0x0000,0x0082,32
fireplace_flame2,2,0x94,112,1,0x3C,0x001C,28,LIGHT,0x0000,0x0062,24
fireplace_flame2,2,0x94,112,2,0x54,0x000E,14,WAIT,0x0000,0x0030,12
fireplace_flame2,2,0x94,112,3,0x60,0x001D,29,WHILE,0x0000,0x0022,8
fireplace_flame2,2,0x94,112,4,0x68,0x0025,37,INVALIDATE_ANIMATION,0x0000,0x0022,8
fireplace_flame2,3,0x104,360,0,0x1C,0x0017,23,OBJECT_MOTION_SI_SCRIPT,0x0000,0x0532,332
fireplace_flame2,4,0x26C,360,0,0x1C,0x0017,23,OBJECT_MOTION_SI_SCRIPT,0x0000,0x0532,332
fireplace_flame2,5,0x3D4,360,0,0x1C,0x0017,23,OBJECT_MOTION_SI_SCRIPT,0x0000,0x0532,332
fireplace_flame2,6,0x53C,360,0,0x1C,0x0017,23,OBJECT_MOTION_SI_SCRIPT,0x0000,0x0532,332
fireplace_flame2,7,0x6A4,216,0,0x1C,0x001C,28,LIGHT,0x0000,0x0022,8
fireplace_flame2,7,0x6A4,216,1,0x24,0x001B,27,SOUND,0x0000,0x02B2,172
fireplace_flame2,7,0x6A4,216,2,0xD0,0x001D,29,WHILE,0x0000,0x0022,8
smobile1,0,0x0,60,0,0x1C,0x0010,16,OBJECT_ACTIVE_STATE,0x0000,0x0022,8
smobile1,0,0x0,60,1,0x24,0x0010,16,OBJECT_ACTIVE_STATE,0x0000,0x0022,8
smobile1,0,0x0,60,2,0x2C,0x0010,16,OBJECT_ACTIVE_STATE,0x0000,0x0022,8
smobile1,0,0x0,60,3,0x34,0x0010,16,OBJECT_ACTIVE_STATE,0x0000,0x0022,8
smobile2,0,0x0,60,0,0x1C,0x0010,16,OBJECT_ACTIVE_STATE,0x0000,0x0022,8
smobile2,0,0x0,60,1,0x24,0x0010,16,OBJECT_ACTIVE_STATE,0x0000,0x0022,8
smobile2,0,0x0,60,2,0x2C,0x0010,16,OBJECT_ACTIVE_STATE,0x0000,0x0022,8
smobile2,0,0x0,60,3,0x34,0x0010,16,OBJECT_ACTIVE_STATE,0x0000,0x0022,8
smobile3,0,0x0,60,0,0x1C,0x0010,16,OBJECT_ACTIVE_STATE,0x0000,0x0022,8
smobile3,0,0x0,60,1,0x24,0x0010,16,OBJECT_ACTIVE_STATE,0x0000,0x0022,8
smobile3,0,0x0,60,2,0x2C,0x0010,16,OBJECT_ACTIVE_STATE,0x0000,0x0022,8
smobile3,0,0x0,60,3,0x34,0x0010,16,OBJECT_ACTIVE_STATE,0x0000,0x0022,8
smobile1,0,0x0,276,0,0x1C,0x0010,16,OBJECT_ACTIVE_STATE,0x0000,0x0022,8
smobile1,0,0x0,276,1,0x24,0x0010,16,OBJECT_ACTIVE_STATE,0x0000,0x0022,8
smobile1,0,0x0,276,2,0x2C,0x0010,16,OBJECT_ACTIVE_STATE,0x0000,0x0022,8
smobile1,0,0x0,276,3,0x34,0x0010,16,OBJECT_ACTIVE_STATE,0x0000,0x0022,8
smobile1,0,0x0,276,4,0x3C,0x0020,32,BREAK,0x0000,0x0062,24
smobile1,0,0x0,276,5,0x54,0x0020,32,BREAK,0x0000,0x0062,24
smobile1,0,0x0,276,6,0x6C,0x0020,32,BREAK,0x0000,0x0062,24
smobile1,0,0x0,276,7,0x84,0x0020,32,BREAK,0x0000,0x0062,24
smobile1,0,0x0,276,8,0x9C,0x0020,32,BREAK,0x0000,0x0062,24
smobile1,0,0x0,276,9,0xB4,0x0020,32,BREAK,0x0000,0x0062,24
smobile1,0,0x0,276,10,0xCC,0x0020,32,BREAK,0x0000,0x0062,24
smobile1,0,0x0,276,11,0xE4,0x0020,32,BREAK,0x0000,0x0062,24
smobile1,0,0x0,276,12,0xFC,0x0020,32,BREAK,0x0000,0x0062,24
smobile1,1,0x114,360,0,0x1C,0x0017,23,OBJECT_MOTION_SI_SCRIPT,0x0000,0x0532,332
smobile1,2,0x27C,380,0,0x1C,0x0017,23,OBJECT_MOTION_SI_SCRIPT,0x0000,0x0532,332
smobile1,2,0x27C,380,1,0x168,0x000E,14,WAIT,0x0000,0x0050,20
smobile2,0,0x0,276,0,0x1C,0x0010,16,OBJECT_ACTIVE_STATE,0x0000,0x0022,8
smobile2,0,0x0,276,1,0x24,0x0010,16,OBJECT_ACTIVE_STATE,0x0000,0x0022,8
smobile2,0,0x0,276,2,0x2C,0x0010,16,OBJECT_ACTIVE_STATE,0x0000,0x0022,8
smobile2,0,0x0,276,3,0x34,0x0010,16,OBJECT_ACTIVE_STATE,0x0000,0x0022,8
smobile2,0,0x0,276,4,0x3C,0x0020,32,BREAK,0x0000,0x0062,24
smobile2,0,0x0,276,5,0x54,0x0020,32,BREAK,0x0000,0x0062,24
smobile2,0,0x0,276,6,0x6C,0x0020,32,BREAK,0x0000,0x0062,24
smobile2,0,0x0,276,7,0x84,0x0020,32,BREAK,0x0000,0x0062,24
smobile2,0,0x0,276,8,0x9C,0x0020,32,BREAK,0x0000,0x0062,24
smobile2,0,0x0,276,9,0xB4,0x0020,32,BREAK,0x0000,0x0062,24
smobile2,0,0x0,276,10,0xCC,0x0020,32,BREAK,0x0000,0x0062,24
smobile2,0,0x0,276,11,0xE4,0x0020,32,BREAK,0x0000,0x0062,24
smobile2,0,0x0,276,12,0xFC,0x0020,32,BREAK,0x0000,0x0062,24
smobile2,1,0x114,360,0,0x1C,0x0017,23,OBJECT_MOTION_SI_SCRIPT,0x0000,0x0532,332
smobile2,2,0x27C,380,0,0x1C,0x0017,23,OBJECT_MOTION_SI_SCRIPT,0x0000,0x0532,332
smobile2,2,0x27C,380,1,0x168,0x000E,14,WAIT,0x0000,0x0050,20
smobile3,0,0x0,276,0,0x1C,0x0010,16,OBJECT_ACTIVE_STATE,0x0000,0x0022,8
smobile3,0,0x0,276,1,0x24,0x0010,16,OBJECT_ACTIVE_STATE,0x0000,0x0022,8
smobile3,0,0x0,276,2,0x2C,0x0010,16,OBJECT_ACTIVE_STATE,0x0000,0x0022,8
smobile3,0,0x0,276,3,0x34,0x0010,16,OBJECT_ACTIVE_STATE,0x0000,0x0022,8
smobile3,0,0x0,276,4,0x3C,0x0020,32,BREAK,0x0000,0x0062,24
smobile3,0,0x0,276,5,0x54,0x0020,32,BREAK,0x0000,0x0062,24
smobile3,0,0x0,276,6,0x6C,0x0020,32,BREAK,0x0000,0x0062,24
smobile3,0,0x0,276,7,0x84,0x0020,32,BREAK,0x0000,0x0062,24
smobile3,0,0x0,276,8,0x9C,0x0020,32,BREAK,0x0000,0x0062,24
smobile3,0,0x0,276,9,0xB4,0x0020,32,BREAK,0x0000,0x0062,24
smobile3,0,0x0,276,10,0xCC,0x0020,32,BREAK,0x0000,0x0062,24
smobile3,0,0x0,276,11,0xE4,0x0020,32,BREAK,0x0000,0x0062,24
smobile3,0,0x0,276,12,0xFC,0x0020,32,BREAK,0x0000,0x0062,24
smobile3,1,0x114,360,0,0x1C,0x0017,23,OBJECT_MOTION_SI_SCRIPT,0x0000,0x0532,332
smobile3,2,0x27C,380,0,0x1C,0x0017,23,OBJECT_MOTION_SI_SCRIPT,0x0000,0x0532,332
smobile3,2,0x27C,380,1,0x168,0x000E,14,WAIT,0x0000,0x0050,20
smobile_flypart1,0,0x0,260,0,0x1C,0x0029,41,OBJECT_ADD_CHILD,0x0000,0x0020,8
smobile_flypart1,0,0x0,260,1,0x24,0x0012,18,OBJECT_ROTATE_STATE,0x0000,0x0052,20
smobile_flypart1,0,0x0,260,2,0x38,0x0011,17,OBJECT_TRANSLATE_STATE,0x0000,0x0052,20
smobile_flypart1,0,0x0,260,3,0x4C,0x0028,40,DEBUG,0x0000,0x0020,8
smobile_flypart1,0,0x0,260,4,0x54,0x0013,19,OBJECT_MOTION,0x0000,0x02A0,168
smobile_flypart1,0,0x0,260,5,0xFC,0x0010,16,OBJECT_ACTIVE_STATE,0x0000,0x0022,8
smobile_flypart2,0,0x0,260,0,0x1C,0x0029,41,OBJECT_ADD_CHILD,0x0000,0x0020,8
smobile_flypart2,0,0x0,260,1,0x24,0x0012,18,OBJECT_ROTATE_STATE,0x0000,0x0052,20
smobile_flypart2,0,0x0,260,2,0x38,0x0011,17,OBJECT_TRANSLATE_STATE,0x0000,0x0052,20
smobile_flypart2,0,0x0,260,3,0x4C,0x0028,40,DEBUG,0x0000,0x0020,8
smobile_flypart2,0,0x0,260,4,0x54,0x0013,19,OBJECT_MOTION,0x0000,0x02A0,168
smobile_flypart2,0,0x0,260,5,0xFC,0x0010,16,OBJECT_ACTIVE_STATE,0x0000,0x0022,8
smobile_flypart3,0,0x0,260,0,0x1C,0x0029,41,OBJECT_ADD_CHILD,0x0000,0x0020,8
smobile_flypart3,0,0x0,260,1,0x24,0x0012,18,OBJECT_ROTATE_STATE,0x0000,0x0052,20
smobile_flypart3,0,0x0,260,2,0x38,0x0011,17,OBJECT_TRANSLATE_STATE,0x0000,0x0052,20
smobile_flypart3,0,0x0,260,3,0x4C,0x0028,40,DEBUG,0x0000,0x0020,8
smobile_flypart3,0,0x0,260,4,0x54,0x0013,19,OBJECT_MOTION,0x0000,0x02A0,168
smobile_flypart3,0,0x0,260,5,0xFC,0x0010,16,OBJECT_ACTIVE_STATE,0x0000,0x0022,8
outhousedoor1,0,0x0,36,0,0x1C,0x0010,16,OBJECT_ACTIVE_STATE,0x0000,0x0022,8
outhousedoor2,0,0x0,36,0,0x1C,0x0010,16,OBJECT_ACTIVE_STATE,0x0000,0x0022,8
top_outhouse1,0,0x0,504,0,0x1C,0x0024,36,RESUME_ANIMATION,0x0000,0x0022,8
top_outhouse1,0,0x0,504,1,0x24,0x0010,16,OBJECT_ACTIVE_STATE,0x0000,0x0022,8
top_outhouse1,0,0x0,504,2,0x2C,0x0010,16,OBJECT_ACTIVE_STATE,0x0000,0x0022,8
top_outhouse1,0,0x0,504,3,0x34,0x0020,32,BREAK,0x0000,0x0062,24
top_outhouse1,0,0x0,504,4,0x4C,0x0010,16,OBJECT_ACTIVE_STATE,0x0000,0x0022,8
top_outhouse1,0,0x0,504,5,0x54,0x002E,46,TIMER,0x0000,0x0040,16
top_outhouse1,0,0x0,504,6,0x64,0x002C,44,OBJECT_DELETE_CHILD,0x0000,0x00B0,44
top_outhouse1,0,0x0,504,7,0x90,0x0020,32,BREAK,0x0000,0x0062,24
top_outhouse1,0,0x0,504,8,0xA8,0x0020,32,BREAK,0x0000,0x0062,24
top_outhouse1,0,0x0,504,9,0xC0,0x0020,32,BREAK,0x0000,0x0062,24
top_outhouse1,0,0x0,504,10,0xD8,0x0020,32,BREAK,0x0000,0x0062,24
top_outhouse1,0,0x0,504,11,0xF0,0x0020,32,BREAK,0x0000,0x0062,24
top_outhouse1,0,0x0,504,12,0x108,0x0020,32,BREAK,0x0000,0x0062,24
top_outhouse1,0,0x0,504,13,0x120,0x0020,32,BREAK,0x0000,0x0062,24
top_outhouse1,0,0x0,504,14,0x138,0x0020,32,BREAK,0x0000,0x0062,24
top_outhouse1,0,0x0,504,15,0x150,0x0020,32,BREAK,0x0000,0x0062,24
top_outhouse1,0,0x0,504,16,0x168,0x0020,32,BREAK,0x0000,0x0062,24
top_outhouse1,0,0x0,504,17,0x180,0x0020,32,BREAK,0x0000,0x0062,24
top_outhouse1,0,0x0,504,18,0x198,0x0020,32,BREAK,0x0000,0x0062,24
top_outhouse1,0,0x0,504,19,0x1B0,0x0020,32,BREAK,0x0000,0x0062,24
top_outhouse1,0,0x0,504,20,0x1C8,0x0020,32,BREAK,0x0000,0x0062,24
top_outhouse1,0,0x0,504,21,0x1E0,0x0020,32,BREAK,0x0000,0x0062,24
top_outhouse2,0,0x0,504,0,0x1C,0x0024,36,RESUME_ANIMATION,0x0000,0x0022,8
top_outhouse2,0,0x0,504,1,0x24,0x0010,16,OBJECT_ACTIVE_STATE,0x0000,0x0022,8
top_outhouse2,0,0x0,504,2,0x2C,0x0010,16,OBJECT_ACTIVE_STATE,0x0000,0x0022,8
top_outhouse2,0,0x0,504,3,0x34,0x0020,32,BREAK,0x0000,0x0062,24
top_outhouse2,0,0x0,504,4,0x4C,0x0010,16,OBJECT_ACTIVE_STATE,0x0000,0x0022,8
top_outhouse2,0,0x0,504,5,0x54,0x002E,46,TIMER,0x0000,0x0040,16
top_outhouse2,0,0x0,504,6,0x64,0x002C,44,OBJECT_DELETE_CHILD,0x0000,0x00B0,44
top_outhouse2,0,0x0,504,7,0x90,0x0020,32,BREAK,0x0000,0x0062,24
top_outhouse2,0,0x0,504,8,0xA8,0x0020,32,BREAK,0x0000,0x0062,24
top_outhouse2,0,0x0,504,9,0xC0,0x0020,32,BREAK,0x0000,0x0062,24
top_outhouse2,0,0x0,504,10,0xD8,0x0020,32,BREAK,0x0000,0x0062,24
top_outhouse2,0,0x0,504,11,0xF0,0x0020,32,BREAK,0x0000,0x0062,24
top_outhouse2,0,0x0,504,12,0x108,0x0020,32,BREAK,0x0000,0x0062,24
top_outhouse2,0,0x0,504,13,0x120,0x0020,32,BREAK,0x0000,0x0062,24
top_outhouse2,0,0x0,504,14,0x138,0x0020,32,BREAK,0x0000,0x0062,24
top_outhouse2,0,0x0,504,15,0x150,0x0020,32,BREAK,0x0000,0x0062,24
top_outhouse2,0,0x0,504,16,0x168,0x0020,32,BREAK,0x0000,0x0062,24
top_outhouse2,0,0x0,504,17,0x180,0x0020,32,BREAK,0x0000,0x0062,24
top_outhouse2,0,0x0,504,18,0x198,0x0020,32,BREAK,0x0000,0x0062,24
top_outhouse2,0,0x0,504,19,0x1B0,0x0020,32,BREAK,0x0000,0x0062,24
top_outhouse2,0,0x0,504,20,0x1C8,0x0020,32,BREAK,0x0000,0x0062,24
top_outhouse2,0,0x0,504,21,0x1E0,0x0020,32,BREAK,0x0000,0x0062,24
toilet_flypart1,0,0x0,252,0,0x1C,0x0029,41,OBJECT_ADD_CHILD,0x0000,0x0020,8
toilet_flypart1,0,0x0,252,1,0x24,0x0012,18,OBJECT_ROTATE_STATE,0x0000,0x0052,20
toilet_flypart1,0,0x0,252,2,0x38,0x0011,17,OBJECT_TRANSLATE_STATE,0x0000,0x0052,20
toilet_flypart1,0,0x0,252,3,0x4C,0x0028,40,DEBUG,0x0000,0x0020,8
toilet_flypart1,0,0x0,252,4,0x54,0x0013,19,OBJECT_MOTION,0x0000,0x02A0,168
toilet_flypart1,1,0xFC,96,0,0x1C,0x000E,14,WAIT,0x0000,0x0030,12
toilet_flypart1,1,0xFC,96,1,0x28,0x0015,21,OBJECT_OPACITY_FROM_TO,0x0000,0x0060,24
toilet_flypart1,1,0xFC,96,2,0x40,0x0010,16,OBJECT_ACTIVE_STATE,0x0000,0x0022,8
toilet_flypart1,1,0xFC,96,3,0x48,0x0015,21,OBJECT_OPACITY_FROM_TO,0x0000,0x0060,24
toilet_flypart1,2,0x15C,396,0,0x1C,0x0002,2,IF,0x0000,0x0042,16
toilet_flypart1,2,0x15C,396,1,0x2C,0x0017,23,OBJECT_MOTION_SI_SCRIPT,0x0000,0x0532,332
toilet_flypart1,2,0x15C,396,2,0x178,0x000E,14,WAIT,0x0000,0x0030,12
toilet_flypart1,2,0x15C,396,3,0x184,0x0005,5,ENDIF,0x0000,0x0022,8
toilet_flypart1,3,0x2E8,376,0,0x1C,0x0002,2,IF,0x0000,0x0042,16
toilet_flypart1,3,0x2E8,376,1,0x2C,0x0017,23,OBJECT_MOTION_SI_SCRIPT,0x0000,0x04E2,312
toilet_flypart1,3,0x2E8,376,2,0x164,0x000E,14,WAIT,0x0000,0x0030,12
toilet_flypart1,3,0x2E8,376,3,0x170,0x0005,5,ENDIF,0x0000,0x0022,8
toilet_flypart2,0,0x0,252,0,0x1C,0x0029,41,OBJECT_ADD_CHILD,0x0000,0x0020,8
toilet_flypart2,0,0x0,252,1,0x24,0x0012,18,OBJECT_ROTATE_STATE,0x0000,0x0052,20
toilet_flypart2,0,0x0,252,2,0x38,0x0011,17,OBJECT_TRANSLATE_STATE,0x0000,0x0052,20
toilet_flypart2,0,0x0,252,3,0x4C,0x0028,40,DEBUG,0x0000,0x0020,8
toilet_flypart2,0,0x0,252,4,0x54,0x0013,19,OBJECT_MOTION,0x0000,0x02A0,168
toilet_flypart2,1,0xFC,96,0,0x1C,0x000E,14,WAIT,0x0000,0x0030,12
toilet_flypart2,1,0xFC,96,1,0x28,0x0015,21,OBJECT_OPACITY_FROM_TO,0x0000,0x0060,24
toilet_flypart2,1,0xFC,96,2,0x40,0x0010,16,OBJECT_ACTIVE_STATE,0x0000,0x0022,8
toilet_flypart2,1,0xFC,96,3,0x48,0x0015,21,OBJECT_OPACITY_FROM_TO,0x0000,0x0060,24
toilet_flypart2,2,0x15C,396,0,0x1C,0x0002,2,IF,0x0000,0x0042,16
toilet_flypart2,2,0x15C,396,1,0x2C,0x0017,23,OBJECT_MOTION_SI_SCRIPT,0x0000,0x0532,332
toilet_flypart2,2,0x15C,396,2,0x178,0x000E,14,WAIT,0x0000,0x0030,12
toilet_flypart2,2,0x15C,396,3,0x184,0x0005,5,ENDIF,0x0000,0x0022,8
toilet_flypart2,3,0x2E8,376,0,0x1C,0x0002,2,IF,0x0000,0x0042,16
toilet_flypart2,3,0x2E8,376,1,0x2C,0x0017,23,OBJECT_MOTION_SI_SCRIPT,0x0000,0x04E2,312
toilet_flypart2,3,0x2E8,376,2,0x164,0x000E,14,WAIT,0x0000,0x0030,12
toilet_flypart2,3,0x2E8,376,3,0x170,0x0005,5,ENDIF,0x0000,0x0022,8
base_outhouse1,0,0x0,356,0,0x1C,0x0020,32,BREAK,0x0000,0x0062,24
base_outhouse1,0,0x0,356,1,0x34,0x0020,32,BREAK,0x0000,0x0062,24
base_outhouse1,0,0x0,356,2,0x4C,0x0010,16,OBJECT_ACTIVE_STATE,0x0000,0x0022,8
base_outhouse1,0,0x0,356,3,0x54,0x0010,16,OBJECT_ACTIVE_STATE,0x0000,0x0022,8
base_outhouse1,0,0x0,356,4,0x5C,0x0010,16,OBJECT_ACTIVE_STATE,0x0000,0x0022,8
base_outhouse1,0,0x0,356,5,0x64,0x0010,16,OBJECT_ACTIVE_STATE,0x0000,0x0022,8
base_outhouse1,0,0x0,356,6,0x6C,0x0020,32,BREAK,0x0000,0x0062,24
base_outhouse1,0,0x0,356,7,0x84,0x0010,16,OBJECT_ACTIVE_STATE,0x0000,0x0022,8
base_outhouse1,0,0x0,356,8,0x8C,0x0020,32,BREAK,0x0000,0x0062,24
base_outhouse1,0,0x0,356,9,0xA4,0x0010,16,OBJECT_ACTIVE_STATE,0x0000,0x0022,8
base_outhouse1,0,0x0,356,10,0xAC,0x0020,32,BREAK,0x0000,0x0062,24
base_outhouse1,0,0x0,356,11,0xC4,0x0010,16,OBJECT_ACTIVE_STATE,0x0000,0x0022,8
base_outhouse1,0,0x0,356,12,0xCC,0x0020,32,BREAK,0x0000,0x0062,24
base_outhouse1,0,0x0,356,13,0xE4,0x0010,16,OBJECT_ACTIVE_STATE,0x0000,0x0022,8
base_outhouse1,0,0x0,356,14,0xEC,0x0020,32,BREAK,0x0000,0x0062,24
base_outhouse1,0,0x0,356,15,0x104,0x0010,16,OBJECT_ACTIVE_STATE,0x0000,0x0022,8
base_outhouse1,0,0x0,356,16,0x10C,0x0020,32,BREAK,0x0000,0x0062,24
base_outhouse1,0,0x0,356,17,0x124,0x0010,16,OBJECT_ACTIVE_STATE,0x0000,0x0022,8
base_outhouse1,0,0x0,356,18,0x12C,0x0020,32,BREAK,0x0000,0x0062,24
base_outhouse1,0,0x0,356,19,0x144,0x0010,16,OBJECT_ACTIVE_STATE,0x0000,0x0022,8
base_outhouse1,0,0x0,356,20,0x14C,0x0020,32,BREAK,0x0000,0x0062,24
base_outhouse1,1,0x164,360,0,0x1C,0x0017,23,OBJECT_MOTION_SI_SCRIPT,0x0000,0x0502,320
base_outhouse1,1,0x164,360,1,0x15C,0x000E,14,WAIT,0x0000,0x0030,12
base_outhouse1,2,0x2CC,380,0,0x1C,0x000E,14,WAIT,0x0000,0x0030,12
base_outhouse1,2,0x2CC,380,1,0x28,0x0017,23,OBJECT_MOTION_SI_SCRIPT,0x0000,0x0502,320
base_outhouse1,2,0x2CC,380,2,0x168,0x000E,14,WAIT,0x0000,0x0030,12
base_outhouse1,2,0x2CC,380,3,0x174,0x0026,38,CALL_SEQUENCE,0x0000,0x0022,8
base_outhouse1,3,0x448,108,0,0x1C,0x000E,14,WAIT,0x0000,0x0030,12
base_outhouse1,3,0x448,108,1,0x28,0x001C,28,LIGHT,0x0000,0x0022,8
base_outhouse1,3,0x448,108,2,0x30,0x001A,26,DESTRUCTION_SOURCE,0x0000,0x0082,32
base_outhouse1,3,0x448,108,3,0x50,0x000E,14,WAIT,0x0000,0x0050,20
base_outhouse1,3,0x448,108,4,0x64,0x001D,29,WHILE,0x0000,0x0022,8
base_outhouse2,0,0x0,356,0,0x1C,0x0020,32,BREAK,0x0000,0x0062,24
base_outhouse2,0,0x0,356,1,0x34,0x0020,32,BREAK,0x0000,0x0062,24
base_outhouse2,0,0x0,356,2,0x4C,0x0010,16,OBJECT_ACTIVE_STATE,0x0000,0x0022,8
base_outhouse2,0,0x0,356,3,0x54,0x0010,16,OBJECT_ACTIVE_STATE,0x0000,0x0022,8
base_outhouse2,0,0x0,356,4,0x5C,0x0010,16,OBJECT_ACTIVE_STATE,0x0000,0x0022,8
base_outhouse2,0,0x0,356,5,0x64,0x0010,16,OBJECT_ACTIVE_STATE,0x0000,0x0022,8
base_outhouse2,0,0x0,356,6,0x6C,0x0020,32,BREAK,0x0000,0x0062,24
base_outhouse2,0,0x0,356,7,0x84,0x0010,16,OBJECT_ACTIVE_STATE,0x0000,0x0022,8
base_outhouse2,0,0x0,356,8,0x8C,0x0020,32,BREAK,0x0000,0x0062,24
base_outhouse2,0,0x0,356,9,0xA4,0x0010,16,OBJECT_ACTIVE_STATE,0x0000,0x0022,8
base_outhouse2,0,0x0,356,10,0xAC,0x0020,32,BREAK,0x0000,0x0062,24
base_outhouse2,0,0x0,356,11,0xC4,0x0010,16,OBJECT_ACTIVE_STATE,0x0000,0x0022,8
base_outhouse2,0,0x0,356,12,0xCC,0x0020,32,BREAK,0x0000,0x0062,24
base_outhouse2,0,0x0,356,13,0xE4,0x0010,16,OBJECT_ACTIVE_STATE,0x0000,0x0022,8
base_outhouse2,0,0x0,356,14,0xEC,0x0020,32,BREAK,0x0000,0x0062,24
base_outhouse2,0,0x0,356,15,0x104,0x0010,16,OBJECT_ACTIVE_STATE,0x0000,0x0022,8
base_outhouse2,0,0x0,356,16,0x10C,0x0020,32,BREAK,0x0000,0x0062,24
base_outhouse2,0,0x0,356,17,0x124,0x0010,16,OBJECT_ACTIVE_STATE,0x0000,0x0022,8
base_outhouse2,0,0x0,356,18,0x12C,0x0020,32,BREAK,0x0000,0x0062,24
base_outhouse2,0,0x0,356,19,0x144,0x0010,16,OBJECT_ACTIVE_STATE,0x0000,0x0022,8
base_outhouse2,0,0x0,356,20,0x14C,0x0020,32,BREAK,0x0000,0x0062,24
base_outhouse2,1,0x164,360,0,0x1C,0x0017,23,OBJECT_MOTION_SI_SCRIPT,0x0000,0x0502,320
base_outhouse2,1,0x164,360,1,0x15C,0x000E,14,WAIT,0x0000,0x0030,12
base_outhouse2,2,0x2CC,380,0,0x1C,0x000E,14,WAIT,0x0000,0x0030,12
base_outhouse2,2,0x2CC,380,1,0x28,0x0017,23,OBJECT_MOTION_SI_SCRIPT,0x0000,0x0502,320
base_outhouse2,2,0x2CC,380,2,0x168,0x000E,14,WAIT,0x0000,0x0030,12
base_outhouse2,2,0x2CC,380,3,0x174,0x0026,38,CALL_SEQUENCE,0x0000,0x0022,8
base_outhouse2,3,0x448,108,0,0x1C,0x000E,14,WAIT,0x0000,0x0030,12
base_outhouse2,3,0x448,108,1,0x28,0x001C,28,LIGHT,0x0000,0x0022,8
base_outhouse2,3,0x448,108,2,0x30,0x001A,26,DESTRUCTION_SOURCE,0x0000,0x0082,32
base_outhouse2,3,0x448,108,3,0x50,0x000E,14,WAIT,0x0000,0x0050,20
base_outhouse2,3,0x448,108,4,0x64,0x001D,29,WHILE,0x0000,0x0022,8
set_hole1,0,0x0,44,0,0x1C,0x0010,16,OBJECT_ACTIVE_STATE,0x0000,0x0022,8
set_hole1,0,0x0,44,1,0x24,0x0010,16,OBJECT_ACTIVE_STATE,0x0000,0x0022,8
set_hole2,0,0x0,44,0,0x1C,0x0010,16,OBJECT_ACTIVE_STATE,0x0000,0x0022,8
set_hole2,0,0x0,44,1,0x24,0x0010,16,OBJECT_ACTIVE_STATE,0x0000,0x0022,8
aklite_on01,0,0x0,60,0,0x1C,0x0010,16,OBJECT_ACTIVE_STATE,0x0000,0x0022,8
aklite_on01,0,0x0,60,1,0x24,0x0010,16,OBJECT_ACTIVE_STATE,0x0000,0x0022,8
aklite_on01,0,0x0,60,2,0x2C,0x0010,16,OBJECT_ACTIVE_STATE,0x0000,0x0022,8
aklite_on01,0,0x0,60,3,0x34,0x0010,16,OBJECT_ACTIVE_STATE,0x0000,0x0022,8
aklite_on02,0,0x0,60,0,0x1C,0x0010,16,OBJECT_ACTIVE_STATE,0x0000,0x0022,8
aklite_on02,0,0x0,60,1,0x24,0x0010,16,OBJECT_ACTIVE_STATE,0x0000,0x0022,8
aklite_on02,0,0x0,60,2,0x2C,0x0010,16,OBJECT_ACTIVE_STATE,0x0000,0x0022,8
aklite_on02,0,0x0,60,3,0x34,0x0010,16,OBJECT_ACTIVE_STATE,0x0000,0x0022,8
aklite_on03,0,0x0,60,0,0x1C,0x0010,16,OBJECT_ACTIVE_STATE,0x0000,0x0022,8
aklite_on03,0,0x0,60,1,0x24,0x0010,16,OBJECT_ACTIVE_STATE,0x0000,0x0022,8
aklite_on03,0,0x0,60,2,0x2C,0x0010,16,OBJECT_ACTIVE_STATE,0x0000,0x0022,8
aklite_on03,0,0x0,60,3,0x34,0x0010,16,OBJECT_ACTIVE_STATE,0x0000,0x0022,8
aklite_on04,0,0x0,60,0,0x1C,0x0010,16,OBJECT_ACTIVE_STATE,0x0000,0x0022,8
aklite_on04,0,0x0,60,1,0x24,0x0010,16,OBJECT_ACTIVE_STATE,0x0000,0x0022,8
aklite_on04,0,0x0,60,2,0x2C,0x0010,16,OBJECT_ACTIVE_STATE,0x0000,0x0022,8
aklite_on04,0,0x0,60,3,0x34,0x0010,16,OBJECT_ACTIVE_STATE,0x0000,0x0022,8
aklite_on07,0,0x0,60,0,0x1C,0x0010,16,OBJECT_ACTIVE_STATE,0x0000,0x0022,8
aklite_on07,0,0x0,60,1,0x24,0x0010,16,OBJECT_ACTIVE_STATE,0x0000,0x0022,8
aklite_on07,0,0x0,60,2,0x2C,0x0010,16,OBJECT_ACTIVE_STATE,0x0000,0x0022,8
aklite_on07,0,0x0,60,3,0x34,0x0010,16,OBJECT_ACTIVE_STATE,0x0000,0x0022,8
aklite_on08,0,0x0,60,0,0x1C,0x0010,16,OBJECT_ACTIVE_STATE,0x0000,0x0022,8
aklite_on08,0,0x0,60,1,0x24,0x0010,16,OBJECT_ACTIVE_STATE,0x0000,0x0022,8
aklite_on08,0,0x0,60,2,0x2C,0x0010,16,OBJECT_ACTIVE_STATE,0x0000,0x0022,8
aklite_on08,0,0x0,60,3,0x34,0x0010,16,OBJECT_ACTIVE_STATE,0x0000,0x0022,8
aklite_on09,0,0x0,60,0,0x1C,0x0010,16,OBJECT_ACTIVE_STATE,0x0000,0x0022,8
aklite_on09,0,0x0,60,1,0x24,0x0010,16,OBJECT_ACTIVE_STATE,0x0000,0x0022,8
aklite_on09,0,0x0,60,2,0x2C,0x0010,16,OBJECT_ACTIVE_STATE,0x0000,0x0022,8
aklite_on09,0,0x0,60,3,0x34,0x0010,16,OBJECT_ACTIVE_STATE,0x0000,0x0022,8
aklite_on10,0,0x0,60,0,0x1C,0x0010,16,OBJECT_ACTIVE_STATE,0x0000,0x0022,8
aklite_on10,0,0x0,60,1,0x24,0x0010,16,OBJECT_ACTIVE_STATE,0x0000,0x0022,8
aklite_on10,0,0x0,60,2,0x2C,0x0010,16,OBJECT_ACTIVE_STATE,0x0000,0x0022,8
aklite_on10,0,0x0,60,3,0x34,0x0010,16,OBJECT_ACTIVE_STATE,0x0000,0x0022,8
aklite_on11,0,0x0,60,0,0x1C,0x0010,16,OBJECT_ACTIVE_STATE,0x0000,0x0022,8
aklite_on11,0,0x0,60,1,0x24,0x0010,16,OBJECT_ACTIVE_STATE,0x0000,0x0022,8
aklite_on11,0,0x0,60,2,0x2C,0x0010,16,OBJECT_ACTIVE_STATE,0x0000,0x0022,8
aklite_on11,0,0x0,60,3,0x34,0x0010,16,OBJECT_ACTIVE_STATE,0x0000,0x0022,8
aklite_on12,0,0x0,60,0,0x1C,0x0010,16,OBJECT_ACTIVE_STATE,0x0000,0x0022,8
aklite_on12,0,0x0,60,1,0x24,0x0010,16,OBJECT_ACTIVE_STATE,0x0000,0x0022,8
aklite_on12,0,0x0,60,2,0x2C,0x0010,16,OBJECT_ACTIVE_STATE,0x0000,0x0022,8
aklite_on12,0,0x0,60,3,0x34,0x0010,16,OBJECT_ACTIVE_STATE,0x0000,0x0022,8
aklite_on13,0,0x0,60,0,0x1C,0x0010,16,OBJECT_ACTIVE_STATE,0x0000,0x0022,8
aklite_on13,0,0x0,60,1,0x24,0x0010,16,OBJECT_ACTIVE_STATE,0x0000,0x0022,8
aklite_on13,0,0x0,60,2,0x2C,0x0010,16,OBJECT_ACTIVE_STATE,0x0000,0x0022,8
aklite_on13,0,0x0,60,3,0x34,0x0010,16,OBJECT_ACTIVE_STATE,0x0000,0x0022,8
aklite_on14,0,0x0,60,0,0x1C,0x0010,16,OBJECT_ACTIVE_STATE,0x0000,0x0022,8
aklite_on14,0,0x0,60,1,0x24,0x0010,16,OBJECT_ACTIVE_STATE,0x0000,0x0022,8
aklite_on14,0,0x0,60,2,0x2C,0x0010,16,OBJECT_ACTIVE_STATE,0x0000,0x0022,8
aklite_on14,0,0x0,60,3,0x34,0x0010,16,OBJECT_ACTIVE_STATE,0x0000,0x0022,8
aklite_on15,0,0x0,60,0,0x1C,0x0010,16,OBJECT_ACTIVE_STATE,0x0000,0x0022,8
aklite_on15,0,0x0,60,1,0x24,0x0010,16,OBJECT_ACTIVE_STATE,0x0000,0x0022,8
aklite_on15,0,0x0,60,2,0x2C,0x0010,16,OBJECT_ACTIVE_STATE,0x0000,0x0022,8
aklite_on15,0,0x0,60,3,0x34,0x0010,16,OBJECT_ACTIVE_STATE,0x0000,0x0022,8
aklite_01,0,0x0,68,0,0x1C,0x0010,16,OBJECT_ACTIVE_STATE,0x0000,0x0022,8
aklite_01,0,0x0,68,1,0x24,0x0020,32,BREAK,0x0000,0x0062,24
aklite_01,0,0x0,68,2,0x3C,0x0024,36,RESUME_ANIMATION,0x0000,0x0022,8
aklite_02,0,0x0,68,0,0x1C,0x0010,16,OBJECT_ACTIVE_STATE,0x0000,0x0022,8
aklite_02,0,0x0,68,1,0x24,0x0020,32,BREAK,0x0000,0x0062,24
aklite_02,0,0x0,68,2,0x3C,0x0024,36,RESUME_ANIMATION,0x0000,0x0022,8
aklite_03,0,0x0,68,0,0x1C,0x0010,16,OBJECT_ACTIVE_STATE,0x0000,0x0022,8
aklite_03,0,0x0,68,1,0x24,0x0020,32,BREAK,0x0000,0x0062,24
aklite_03,0,0x0,68,2,0x3C,0x0024,36,RESUME_ANIMATION,0x0000,0x0022,8
aklite_04,0,0x0,68,0,0x1C,0x0010,16,OBJECT_ACTIVE_STATE,0x0000,0x0022,8
aklite_04,0,0x0,68,1,0x24,0x0020,32,BREAK,0x0000,0x0062,24
aklite_04,0,0x0,68,2,0x3C,0x0024,36,RESUME_ANIMATION,0x0000,0x0022,8
aklite_07,0,0x0,68,0,0x1C,0x0010,16,OBJECT_ACTIVE_STATE,0x0000,0x0022,8
aklite_07,0,0x0,68,1,0x24,0x0020,32,BREAK,0x0000,0x0062,24
aklite_07,0,0x0,68,2,0x3C,0x0024,36,RESUME_ANIMATION,0x0000,0x0022,8
aklite_08,0,0x0,68,0,0x1C,0x0010,16,OBJECT_ACTIVE_STATE,0x0000,0x0022,8
aklite_08,0,0x0,68,1,0x24,0x0020,32,BREAK,0x0000,0x0062,24
aklite_08,0,0x0,68,2,0x3C,0x0024,36,RESUME_ANIMATION,0x0000,0x0022,8
aklite_09,0,0x0,68,0,0x1C,0x0010,16,OBJECT_ACTIVE_STATE,0x0000,0x0022,8
aklite_09,0,0x0,68,1,0x24,0x0020,32,BREAK,0x0000,0x0062,24
aklite_09,0,0x0,68,2,0x3C,0x0024,36,RESUME_ANIMATION,0x0000,0x0022,8
aklite_10,0,0x0,68,0,0x1C,0x0010,16,OBJECT_ACTIVE_STATE,0x0000,0x0022,8
aklite_10,0,0x0,68,1,0x24,0x0020,32,BREAK,0x0000,0x0062,24
aklite_10,0,0x0,68,2,0x3C,0x0024,36,RESUME_ANIMATION,0x0000,0x0022,8
aklite_11,0,0x0,68,0,0x1C,0x0010,16,OBJECT_ACTIVE_STATE,0x0000,0x0022,8
aklite_11,0,0x0,68,1,0x24,0x0020,32,BREAK,0x0000,0x0062,24
aklite_11,0,0x0,68,2,0x3C,0x0024,36,RESUME_ANIMATION,0x0000,0x0022,8
aklite_12,0,0x0,68,0,0x1C,0x0010,16,OBJECT_ACTIVE_STATE,0x0000,0x0022,8
aklite_12,0,0x0,68,1,0x24,0x0020,32,BREAK,0x0000,0x0062,24
aklite_12,0,0x0,68,2,0x3C,0x0024,36,RESUME_ANIMATION,0x0000,0x0022,8
aklite_13,0,0x0,68,0,0x1C,0x0010,16,OBJECT_ACTIVE_STATE,0x0000,0x0022,8
aklite_13,0,0x0,68,1,0x24,0x0020,32,BREAK,0x0000,0x0062,24
aklite_13,0,0x0,68,2,0x3C,0x0024,36,RESUME_ANIMATION,0x0000,0x0022,8
aklite_14,0,0x0,68,0,0x1C,0x0010,16,OBJECT_ACTIVE_STATE,0x0000,0x0022,8
aklite_14,0,0x0,68,1,0x24,0x0020,32,BREAK,0x0000,0x0062,24
aklite_14,0,0x0,68,2,0x3C,0x0024,36,RESUME_ANIMATION,0x0000,0x0022,8
aklite_15,0,0x0,68,0,0x1C,0x0010,16,OBJECT_ACTIVE_STATE,0x0000,0x0022,8
aklite_15,0,0x0,68,1,0x24,0x0020,32,BREAK,0x0000,0x0062,24
aklite_15,0,0x0,68,2,0x3C,0x0024,36,RESUME_ANIMATION,0x0000,0x0022,8
destroy_aklite,0,0x0,372,0,0x1C,0x0017,23,OBJECT_MOTION_SI_SCRIPT,0x0000,0x0532,332
destroy_aklite,0,0x0,372,1,0x168,0x000E,14,WAIT,0x0000,0x0030,12
destroy_aklite,1,0x174,68,0,0x1C,0x001A,26,DESTRUCTION_SOURCE,0x0000,0x0082,32
destroy_aklite,1,0x174,68,1,0x3C,0x0010,16,OBJECT_ACTIVE_STATE,0x0000,0x0022,8
aklite_out01,0,0x0,60,0,0x1C,0x0010,16,OBJECT_ACTIVE_STATE,0x0000,0x0022,8
aklite_out01,0,0x0,60,1,0x24,0x0010,16,OBJECT_ACTIVE_STATE,0x0000,0x0022,8
aklite_out01,0,0x0,60,2,0x2C,0x0010,16,OBJECT_ACTIVE_STATE,0x0000,0x0022,8
aklite_out01,0,0x0,60,3,0x34,0x0010,16,OBJECT_ACTIVE_STATE,0x0000,0x0022,8
aklite_out02,0,0x0,60,0,0x1C,0x0010,16,OBJECT_ACTIVE_STATE,0x0000,0x0022,8
aklite_out02,0,0x0,60,1,0x24,0x0010,16,OBJECT_ACTIVE_STATE,0x0000,0x0022,8
aklite_out02,0,0x0,60,2,0x2C,0x0010,16,OBJECT_ACTIVE_STATE,0x0000,0x0022,8
aklite_out02,0,0x0,60,3,0x34,0x0010,16,OBJECT_ACTIVE_STATE,0x0000,0x0022,8
aklite_out03,0,0x0,60,0,0x1C,0x0010,16,OBJECT_ACTIVE_STATE,0x0000,0x0022,8
aklite_out03,0,0x0,60,1,0x24,0x0010,16,OBJECT_ACTIVE_STATE,0x0000,0x0022,8
aklite_out03,0,0x0,60,2,0x2C,0x0010,16,OBJECT_ACTIVE_STATE,0x0000,0x0022,8
aklite_out03,0,0x0,60,3,0x34,0x0010,16,OBJECT_ACTIVE_STATE,0x0000,0x0022,8
aklite_out04,0,0x0,60,0,0x1C,0x0010,16,OBJECT_ACTIVE_STATE,0x0000,0x0022,8
aklite_out04,0,0x0,60,1,0x24,0x0010,16,OBJECT_ACTIVE_STATE,0x0000,0x0022,8
aklite_out04,0,0x0,60,2,0x2C,0x0010,16,OBJECT_ACTIVE_STATE,0x0000,0x0022,8
aklite_out04,0,0x0,60,3,0x34,0x0010,16,OBJECT_ACTIVE_STATE,0x0000,0x0022,8
aklite_out07,0,0x0,60,0,0x1C,0x0010,16,OBJECT_ACTIVE_STATE,0x0000,0x0022,8
aklite_out07,0,0x0,60,1,0x24,0x0010,16,OBJECT_ACTIVE_STATE,0x0000,0x0022,8
aklite_out07,0,0x0,60,2,0x2C,0x0010,16,OBJECT_ACTIVE_STATE,0x0000,0x0022,8
aklite_out07,0,0x0,60,3,0x34,0x0010,16,OBJECT_ACTIVE_STATE,0x0000,0x0022,8
aklite_out08,0,0x0,60,0,0x1C,0x0010,16,OBJECT_ACTIVE_STATE,0x0000,0x0022,8
aklite_out08,0,0x0,60,1,0x24,0x0010,16,OBJECT_ACTIVE_STATE,0x0000,0x0022,8
aklite_out08,0,0x0,60,2,0x2C,0x0010,16,OBJECT_ACTIVE_STATE,0x0000,0x0022,8
aklite_out08,0,0x0,60,3,0x34,0x0010,16,OBJECT_ACTIVE_STATE,0x0000,0x0022,8
aklite_out09,0,0x0,60,0,0x1C,0x0010,16,OBJECT_ACTIVE_STATE,0x0000,0x0022,8
aklite_out09,0,0x0,60,1,0x24,0x0010,16,OBJECT_ACTIVE_STATE,0x0000,0x0022,8
aklite_out09,0,0x0,60,2,0x2C,0x0010,16,OBJECT_ACTIVE_STATE,0x0000,0x0022,8
aklite_out09,0,0x0,60,3,0x34,0x0010,16,OBJECT_ACTIVE_STATE,0x0000,0x0022,8
aklite_out10,0,0x0,60,0,0x1C,0x0010,16,OBJECT_ACTIVE_STATE,0x0000,0x0022,8
aklite_out10,0,0x0,60,1,0x24,0x0010,16,OBJECT_ACTIVE_STATE,0x0000,0x0022,8
aklite_out10,0,0x0,60,2,0x2C,0x0010,16,OBJECT_ACTIVE_STATE,0x0000,0x0022,8
aklite_out10,0,0x0,60,3,0x34,0x0010,16,OBJECT_ACTIVE_STATE,0x0000,0x0022,8
aklite_out11,0,0x0,60,0,0x1C,0x0010,16,OBJECT_ACTIVE_STATE,0x0000,0x0022,8
aklite_out11,0,0x0,60,1,0x24,0x0010,16,OBJECT_ACTIVE_STATE,0x0000,0x0022,8
aklite_out11,0,0x0,60,2,0x2C,0x0010,16,OBJECT_ACTIVE_STATE,0x0000,0x0022,8
aklite_out11,0,0x0,60,3,0x34,0x0010,16,OBJECT_ACTIVE_STATE,0x0000,0x0022,8
aklite_out12,0,0x0,60,0,0x1C,0x0010,16,OBJECT_ACTIVE_STATE,0x0000,0x0022,8
aklite_out12,0,0x0,60,1,0x24,0x0010,16,OBJECT_ACTIVE_STATE,0x0000,0x0022,8
aklite_out12,0,0x0,60,2,0x2C,0x0010,16,OBJECT_ACTIVE_STATE,0x0000,0x0022,8
aklite_out12,0,0x0,60,3,0x34,0x0010,16,OBJECT_ACTIVE_STATE,0x0000,0x0022,8
aklite_out13,0,0x0,60,0,0x1C,0x0010,16,OBJECT_ACTIVE_STATE,0x0000,0x0022,8
aklite_out13,0,0x0,60,1,0x24,0x0010,16,OBJECT_ACTIVE_STATE,0x0000,0x0022,8
aklite_out13,0,0x0,60,2,0x2C,0x0010,16,OBJECT_ACTIVE_STATE,0x0000,0x0022,8
aklite_out13,0,0x0,60,3,0x34,0x0010,16,OBJECT_ACTIVE_STATE,0x0000,0x0022,8
aklite_out14,0,0x0,60,0,0x1C,0x0010,16,OBJECT_ACTIVE_STATE,0x0000,0x0022,8
aklite_out14,0,0x0,60,1,0x24,0x0010,16,OBJECT_ACTIVE_STATE,0x0000,0x0022,8
aklite_out14,0,0x0,60,2,0x2C,0x0010,16,OBJECT_ACTIVE_STATE,0x0000,0x0022,8
aklite_out14,0,0x0,60,3,0x34,0x0010,16,OBJECT_ACTIVE_STATE,0x0000,0x0022,8
aklite_out15,0,0x0,60,0,0x1C,0x0010,16,OBJECT_ACTIVE_STATE,0x0000,0x0022,8
aklite_out15,0,0x0,60,1,0x24,0x0010,16,OBJECT_ACTIVE_STATE,0x0000,0x0022,8
aklite_out15,0,0x0,60,2,0x2C,0x0010,16,OBJECT_ACTIVE_STATE,0x0000,0x0022,8
aklite_out15,0,0x0,60,3,0x34,0x0010,16,OBJECT_ACTIVE_STATE,0x0000,0x0022,8
alarm_off,0,0x0,328,0,0x1C,0x0002,2,IF,0x0000,0x0062,24
alarm_off,0,0x0,328,1,0x34,0x0204,4,ELSE,0x0200,0x00B0,44
alarm_off,0,0x0,328,2,0x60,0x0213,19,OBJECT_MOTION,0x0200,0x00A1,40
alarm_off,0,0x0,328,3,0x88,0x0205,5,ENDIF,0x0200,0x0090,36
alarm_off,0,0x0,328,4,0xAC,0x0020,32,BREAK,0x0000,0x0062,24
alarm_off,0,0x0,328,5,0xC4,0x0004,4,ELSE,0x0000,0x0022,8
alarm_off,0,0x0,328,6,0xCC,0x0204,4,ELSE,0x0200,0x00B0,44
alarm_off,0,0x0,328,7,0xF8,0x0001,1,QUAD_ALIGN,0x0000,0x0020,8
alarm_off,0,0x0,328,8,0x100,0x0213,19,OBJECT_MOTION,0x0200,0x00A1,40
alarm_off,0,0x0,328,9,0x128,0x0020,32,BREAK,0x0000,0x0062,24
alarm_off,0,0x0,328,10,0x140,0x0005,5,ENDIF,0x0000,0x0022,8
alarm_switch_down,0,0x0,320,0,0x1C,0x0014,20,OBJECT_MOTION_FROM_TO,0x0000,0x0200,128
alarm_switch_down,0,0x0,320,1,0x9C,0x002E,46,TIMER,0x0000,0x0040,16
alarm_switch_down,0,0x0,320,2,0xAC,0x0020,32,BREAK,0x0000,0x0062,24
alarm_switch_down,0,0x0,320,3,0xC4,0x0021,33,CALL_ANIMATION,0x0000,0x0022,8
alarm_switch_down,0,0x0,320,4,0xCC,0x000E,14,WAIT,0x0000,0x0030,12
alarm_switch_down,0,0x0,320,5,0xD8,0x0010,16,OBJECT_ACTIVE_STATE,0x0000,0x0022,8
alarm_switch_down,0,0x0,320,6,0xE0,0x0010,16,OBJECT_ACTIVE_STATE,0x0000,0x0022,8
alarm_switch_down,0,0x0,320,7,0xE8,0x0010,16,OBJECT_ACTIVE_STATE,0x0000,0x0022,8
alarm_switch_down,0,0x0,320,8,0xF0,0x0010,16,OBJECT_ACTIVE_STATE,0x0000,0x0022,8
alarm_switch_down,0,0x0,320,9,0xF8,0x0010,16,OBJECT_ACTIVE_STATE,0x0000,0x0022,8
alarm_switch_down,0,0x0,320,10,0x100,0x0010,16,OBJECT_ACTIVE_STATE,0x0000,0x0022,8
alarm_switch_down,0,0x0,320,11,0x108,0x0021,33,CALL_ANIMATION,0x0000,0x0022,8
alarm_switch_down,0,0x0,320,12,0x110,0x0020,32,BREAK,0x0000,0x0062,24
alarm_switch_down,0,0x0,320,13,0x128,0x0020,32,BREAK,0x0000,0x0062,24
alarm_switch_up,0,0x0,300,0,0x1C,0x000E,14,WAIT,0x0000,0x0030,12
alarm_switch_up,0,0x0,300,1,0x28,0x0014,20,OBJECT_MOTION_FROM_TO,0x0000,0x0200,128
alarm_switch_up,0,0x0,300,2,0xA8,0x002E,46,TIMER,0x0000,0x0040,16
alarm_switch_up,0,0x0,300,3,0xB8,0x000E,14,WAIT,0x0000,0x0030,12
alarm_switch_up,0,0x0,300,4,0xC4,0x0002,2,IF,0x0000,0x0062,24
alarm_switch_up,0,0x0,300,5,0xDC,0x0010,16,OBJECT_ACTIVE_STATE,0x0000,0x0022,8
alarm_switch_up,0,0x0,300,6,0xE4,0x0010,16,OBJECT_ACTIVE_STATE,0x0000,0x0022,8
alarm_switch_up,0,0x0,300,7,0xEC,0x0010,16,OBJECT_ACTIVE_STATE,0x0000,0x0022,8
alarm_switch_up,0,0x0,300,8,0xF4,0x0020,32,BREAK,0x0000,0x0062,24
alarm_switch_up,0,0x0,300,9,0x10C,0x0020,32,BREAK,0x0000,0x0062,24
alarm_switch_up,0,0x0,300,10,0x124,0x0005,5,ENDIF,0x0000,0x0022,8
alarm_triggers_on,0,0x0,108,0,0x1C,0x0021,33,CALL_ANIMATION,0x0000,0x0022,8
alarm_triggers_on,0,0x0,108,1,0x24,0x0020,32,BREAK,0x0000,0x0062,24
alarm_triggers_on,0,0x0,108,2,0x3C,0x0020,32,BREAK,0x0000,0x0062,24
alarm_triggers_on,0,0x0,108,3,0x54,0x0020,32,BREAK,0x0000,0x0062,24
alarm_triggers_on,1,0x6C,100,0,0x1C,0x0020,32,BREAK,0x0000,0x0062,24
alarm_triggers_on,1,0x6C,100,1,0x34,0x0020,32,BREAK,0x0000,0x0062,24
alarm_triggers_on,1,0x6C,100,2,0x4C,0x0020,32,BREAK,0x0000,0x0062,24
thealarm_sound,0,0x0,124,0,0x1C,0x001A,26,DESTRUCTION_SOURCE,0x0000,0x0082,32
thealarm_sound,0,0x0,124,1,0x3C,0x001C,28,LIGHT,0x0000,0x0022,8
thealarm_sound,0,0x0,124,2,0x44,0x0205,5,ENDIF,0x0200,0x0090,36
thealarm_sound,0,0x0,124,3,0x68,0x000E,14,WAIT,0x0000,0x0030,12
thealarm_sound,0,0x0,124,4,0x74,0x001D,29,WHILE,0x0000,0x0022,8
thealarm_sound,1,0x7C,72,0,0x1C,0x000E,14,WAIT,0x0000,0x0030,12
thealarm_sound,1,0x7C,72,1,0x28,0x001A,26,DESTRUCTION_SOURCE,0x0000,0x0082,32
thealarm_sound,2,0xC4,132,0,0x1C,0x001C,28,LIGHT,0x0000,0x0022,8
thealarm_sound,2,0xC4,132,1,0x24,0x0010,16,OBJECT_ACTIVE_STATE,0x0000,0x0022,8
thealarm_sound,2,0xC4,132,2,0x2C,0x0010,16,OBJECT_ACTIVE_STATE,0x0000,0x0022,8
thealarm_sound,2,0xC4,132,3,0x34,0x0010,16,OBJECT_ACTIVE_STATE,0x0000,0x0022,8
thealarm_sound,2,0xC4,132,4,0x3C,0x0010,16,OBJECT_ACTIVE_STATE,0x0000,0x0022,8
thealarm_sound,2,0xC4,132,5,0x44,0x000E,14,WAIT,0x0000,0x0030,12
thealarm_sound,2,0xC4,132,6,0x50,0x0010,16,OBJECT_ACTIVE_STATE,0x0000,0x0022,8
thealarm_sound,2,0xC4,132,7,0x58,0x0010,16,OBJECT_ACTIVE_STATE,0x0000,0x0022,8
thealarm_sound,2,0xC4,132,8,0x60,0x0010,16,OBJECT_ACTIVE_STATE,0x0000,0x0022,8
thealarm_sound,2,0xC4,132,9,0x68,0x0010,16,OBJECT_ACTIVE_STATE,0x0000,0x0022,8
thealarm_sound,2,0xC4,132,10,0x70,0x000E,14,WAIT,0x0000,0x0030,12
thealarm_sound,2,0xC4,132,11,0x7C,0x001D,29,WHILE,0x0000,0x0022,8
stop_alarm_ls,0,0x0,68,0,0x1C,0x0021,33,CALL_ANIMATION,0x0000,0x0022,8
stop_alarm_ls,0,0x0,68,1,0x24,0x0010,16,OBJECT_ACTIVE_STATE,0x0000,0x0022,8
stop_alarm_ls,0,0x0,68,2,0x2C,0x0010,16,OBJECT_ACTIVE_STATE,0x0000,0x0022,8
stop_alarm_ls,0,0x0,68,3,0x34,0x0010,16,OBJECT_ACTIVE_STATE,0x0000,0x0022,8
stop_alarm_ls,0,0x0,68,4,0x3C,0x0010,16,OBJECT_ACTIVE_STATE,0x0000,0x0022,8
alarm_light,0,0x0,116,0,0x1C,0x001C,28,LIGHT,0x0000,0x0022,8
alarm_light,0,0x0,116,1,0x24,0x0010,16,OBJECT_ACTIVE_STATE,0x0000,0x0022,8
alarm_light,0,0x0,116,2,0x2C,0x0010,16,OBJECT_ACTIVE_STATE,0x0000,0x0022,8
alarm_light,0,0x0,116,3,0x34,0x0010,16,OBJECT_ACTIVE_STATE,0x0000,0x0022,8
alarm_light,0,0x0,116,4,0x3C,0x000E,14,WAIT,0x0000,0x0030,12
alarm_light,0,0x0,116,5,0x48,0x0010,16,OBJECT_ACTIVE_STATE,0x0000,0x0022,8
alarm_light,0,0x0,116,6,0x50,0x0010,16,OBJECT_ACTIVE_STATE,0x0000,0x0022,8
alarm_light,0,0x0,116,7,0x58,0x0010,16,OBJECT_ACTIVE_STATE,0x0000,0x0022,8
alarm_light,0,0x0,116,8,0x60,0x000E,14,WAIT,0x0000,0x0030,12
alarm_light,0,0x0,116,9,0x6C,0x001D,29,WHILE,0x0000,0x0022,8
alarm_light,1,0x74,36,0,0x1C,0x0010,16,OBJECT_ACTIVE_STATE,0x0000,0x0022,8
alarm_on_01,0,0x0,52,0,0x1C,0x0020,32,BREAK,0x0000,0x0062,24
alarm_on_01,1,0x34,288,0,0x1C,0x001C,28,LIGHT,0x0000,0x0022,8
alarm_on_01,1,0x34,288,1,0x24,0x0002,2,IF,0x0000,0x00C2,48
alarm_on_01,1,0x34,288,2,0x54,0x0025,37,INVALIDATE_ANIMATION,0x0000,0x0022,8
alarm_on_01,1,0x34,288,3,0x5C,0x0003,3,ELSEIF,0x0000,0x00C2,48
alarm_on_01,1,0x34,288,4,0x8C,0x0025,37,INVALIDATE_ANIMATION,0x0000,0x0022,8
alarm_on_01,1,0x34,288,5,0x94,0x0003,3,ELSEIF,0x0000,0x00C2,48
alarm_on_01,1,0x34,288,6,0xC4,0x0025,37,INVALIDATE_ANIMATION,0x0000,0x0022,8
alarm_on_01,1,0x34,288,7,0xCC,0x0003,3,ELSEIF,0x0000,0x00C2,48
alarm_on_01,1,0x34,288,8,0xFC,0x0025,37,INVALIDATE_ANIMATION,0x0000,0x0022,8
alarm_on_01,1,0x34,288,9,0x104,0x0005,5,ENDIF,0x0000,0x0022,8
alarm_on_01,1,0x34,288,10,0x10C,0x000E,14,WAIT,0x0000,0x0030,12
alarm_on_01,1,0x34,288,11,0x118,0x001D,29,WHILE,0x0000,0x0022,8
alarm_on_01,2,0x154,148,0,0x1C,0x002E,46,TIMER,0x0000,0x0040,16
alarm_on_01,2,0x154,148,1,0x2C,0x0026,38,CALL_SEQUENCE,0x0000,0x0022,8
alarm_on_01,2,0x154,148,2,0x34,0x0020,32,BREAK,0x0000,0x0062,24
alarm_on_01,2,0x154,148,3,0x4C,0x002E,46,TIMER,0x0000,0x0040,16
alarm_on_01,2,0x154,148,4,0x5C,0x0101,1,QUAD_ALIGN,0x0100,0x0022,8
alarm_on_01,2,0x154,148,5,0x64,0x0020,32,BREAK,0x0000,0x0062,24
alarm_on_01,2,0x154,148,6,0x7C,0x0020,32,BREAK,0x0000,0x0062,24
alarm_on_02,0,0x0,52,0,0x1C,0x0020,32,BREAK,0x0000,0x0062,24
alarm_on_02,1,0x34,288,0,0x1C,0x001C,28,LIGHT,0x0000,0x0022,8
alarm_on_02,1,0x34,288,1,0x24,0x0002,2,IF,0x0000,0x00C2,48
alarm_on_02,1,0x34,288,2,0x54,0x0025,37,INVALIDATE_ANIMATION,0x0000,0x0022,8
alarm_on_02,1,0x34,288,3,0x5C,0x0003,3,ELSEIF,0x0000,0x00C2,48
alarm_on_02,1,0x34,288,4,0x8C,0x0025,37,INVALIDATE_ANIMATION,0x0000,0x0022,8
alarm_on_02,1,0x34,288,5,0x94,0x0003,3,ELSEIF,0x0000,0x00C2,48
alarm_on_02,1,0x34,288,6,0xC4,0x0025,37,INVALIDATE_ANIMATION,0x0000,0x0022,8
alarm_on_02,1,0x34,288,7,0xCC,0x0003,3,ELSEIF,0x0000,0x00C2,48
alarm_on_02,1,0x34,288,8,0xFC,0x0025,37,INVALIDATE_ANIMATION,0x0000,0x0022,8
alarm_on_02,1,0x34,288,9,0x104,0x0005,5,ENDIF,0x0000,0x0022,8
alarm_on_02,1,0x34,288,10,0x10C,0x000E,14,WAIT,0x0000,0x0030,12
alarm_on_02,1,0x34,288,11,0x118,0x001D,29,WHILE,0x0000,0x0022,8
alarm_on_02,2,0x154,148,0,0x1C,0x002E,46,TIMER,0x0000,0x0040,16
alarm_on_02,2,0x154,148,1,0x2C,0x0026,38,CALL_SEQUENCE,0x0000,0x0022,8
alarm_on_02,2,0x154,148,2,0x34,0x0020,32,BREAK,0x0000,0x0062,24
alarm_on_02,2,0x154,148,3,0x4C,0x002E,46,TIMER,0x0000,0x0040,16
alarm_on_02,2,0x154,148,4,0x5C,0x0101,1,QUAD_ALIGN,0x0100,0x0022,8
alarm_on_02,2,0x154,148,5,0x64,0x0020,32,BREAK,0x0000,0x0062,24
alarm_on_02,2,0x154,148,6,0x7C,0x0020,32,BREAK,0x0000,0x0062,24
alarm_on_03,0,0x0,52,0,0x1C,0x0020,32,BREAK,0x0000,0x0062,24
alarm_on_03,1,0x34,288,0,0x1C,0x001C,28,LIGHT,0x0000,0x0022,8
alarm_on_03,1,0x34,288,1,0x24,0x0002,2,IF,0x0000,0x00C2,48
alarm_on_03,1,0x34,288,2,0x54,0x0025,37,INVALIDATE_ANIMATION,0x0000,0x0022,8
alarm_on_03,1,0x34,288,3,0x5C,0x0003,3,ELSEIF,0x0000,0x00C2,48
alarm_on_03,1,0x34,288,4,0x8C,0x0025,37,INVALIDATE_ANIMATION,0x0000,0x0022,8
alarm_on_03,1,0x34,288,5,0x94,0x0003,3,ELSEIF,0x0000,0x00C2,48
alarm_on_03,1,0x34,288,6,0xC4,0x0025,37,INVALIDATE_ANIMATION,0x0000,0x0022,8
alarm_on_03,1,0x34,288,7,0xCC,0x0003,3,ELSEIF,0x0000,0x00C2,48
alarm_on_03,1,0x34,288,8,0xFC,0x0025,37,INVALIDATE_ANIMATION,0x0000,0x0022,8
alarm_on_03,1,0x34,288,9,0x104,0x0005,5,ENDIF,0x0000,0x0022,8
alarm_on_03,1,0x34,288,10,0x10C,0x000E,14,WAIT,0x0000,0x0030,12
alarm_on_03,1,0x34,288,11,0x118,0x001D,29,WHILE,0x0000,0x0022,8
alarm_on_03,2,0x154,148,0,0x1C,0x002E,46,TIMER,0x0000,0x0040,16
alarm_on_03,2,0x154,148,1,0x2C,0x0026,38,CALL_SEQUENCE,0x0000,0x0022,8
alarm_on_03,2,0x154,148,2,0x34,0x0020,32,BREAK,0x0000,0x0062,24
alarm_on_03,2,0x154,148,3,0x4C,0x002E,46,TIMER,0x0000,0x0040,16
alarm_on_03,2,0x154,148,4,0x5C,0x0101,1,QUAD_ALIGN,0x0100,0x0022,8
alarm_on_03,2,0x154,148,5,0x64,0x0020,32,BREAK,0x0000,0x0062,24
alarm_on_03,2,0x154,148,6,0x7C,0x0020,32,BREAK,0x0000,0x0062,24
manual_alarm,0,0x0,188,0,0x1C,0x0002,2,IF,0x0000,0x0062,24
manual_alarm,0,0x0,188,1,0x34,0x002E,46,TIMER,0x0000,0x0040,16
manual_alarm,0,0x0,188,2,0x44,0x0021,33,CALL_ANIMATION,0x0000,0x0022,8
manual_alarm,0,0x0,188,3,0x4C,0x0020,32,BREAK,0x0000,0x0062,24
manual_alarm,0,0x0,188,4,0x64,0x0101,1,QUAD_ALIGN,0x0100,0x0022,8
manual_alarm,0,0x0,188,5,0x6C,0x0020,32,BREAK,0x0000,0x0062,24
manual_alarm,0,0x0,188,6,0x84,0x0020,32,BREAK,0x0000,0x0062,24
manual_alarm,0,0x0,188,7,0x9C,0x0020,32,BREAK,0x0000,0x0062,24
manual_alarm,0,0x0,188,8,0xB4,0x0005,5,ENDIF,0x0000,0x0022,8
alarm_off_01,0,0x0,36,0,0x1C,0x0021,33,CALL_ANIMATION,0x0000,0x0022,8
alarm_off_02,0,0x0,36,0,0x1C,0x0021,33,CALL_ANIMATION,0x0000,0x0022,8
alarm_off_03,0,0x0,36,0,0x1C,0x0021,33,CALL_ANIMATION,0x0000,0x0022,8
alarm_triggers_off,0,0x0,100,0,0x1C,0x0020,32,BREAK,0x0000,0x0062,24
alarm_triggers_off,0,0x0,100,1,0x34,0x0020,32,BREAK,0x0000,0x0062,24
alarm_triggers_off,0,0x0,100,2,0x4C,0x0020,32,BREAK,0x0000,0x0062,24
trip_wires_off,0,0x0,100,0,0x1C,0x0020,32,BREAK,0x0000,0x0062,24
trip_wires_off,0,0x0,100,1,0x34,0x0020,32,BREAK,0x0000,0x0062,24
trip_wires_off,0,0x0,100,2,0x4C,0x0020,32,BREAK,0x0000,0x0062,24
trip_wire_off01,0,0x0,60,0,0x1C,0x0021,33,CALL_ANIMATION,0x0000,0x0022,8
trip_wire_off01,0,0x0,60,1,0x24,0x0010,16,OBJECT_ACTIVE_STATE,0x0000,0x0022,8
trip_wire_off01,0,0x0,60,2,0x2C,0x0010,16,OBJECT_ACTIVE_STATE,0x0000,0x0022,8
trip_wire_off01,0,0x0,60,3,0x34,0x0010,16,OBJECT_ACTIVE_STATE,0x0000,0x0022,8
trip_wire_off02,0,0x0,60,0,0x1C,0x0021,33,CALL_ANIMATION,0x0000,0x0022,8
trip_wire_off02,0,0x0,60,1,0x24,0x0010,16,OBJECT_ACTIVE_STATE,0x0000,0x0022,8
trip_wire_off02,0,0x0,60,2,0x2C,0x0010,16,OBJECT_ACTIVE_STATE,0x0000,0x0022,8
trip_wire_off02,0,0x0,60,3,0x34,0x0010,16,OBJECT_ACTIVE_STATE,0x0000,0x0022,8
trip_wire_off03,0,0x0,60,0,0x1C,0x0021,33,CALL_ANIMATION,0x0000,0x0022,8
trip_wire_off03,0,0x0,60,1,0x24,0x0010,16,OBJECT_ACTIVE_STATE,0x0000,0x0022,8
trip_wire_off03,0,0x0,60,2,0x2C,0x0010,16,OBJECT_ACTIVE_STATE,0x0000,0x0022,8
trip_wire_off03,0,0x0,60,3,0x34,0x0010,16,OBJECT_ACTIVE_STATE,0x0000,0x0022,8
trip_wire_on01,0,0x0,52,0,0x1C,0x0010,16,OBJECT_ACTIVE_STATE,0x0000,0x0022,8
trip_wire_on01,0,0x0,52,1,0x24,0x0010,16,OBJECT_ACTIVE_STATE,0x0000,0x0022,8
trip_wire_on01,0,0x0,52,2,0x2C,0x0010,16,OBJECT_ACTIVE_STATE,0x0000,0x0022,8
trip_wire_on01,1,0x34,108,0,0x1C,0x001C,28,LIGHT,0x0000,0x0022,8
trip_wire_on01,1,0x34,108,1,0x24,0x0012,18,OBJECT_ROTATE_STATE,0x0000,0x0052,20
trip_wire_on01,1,0x34,108,2,0x38,0x000E,14,WAIT,0x0000,0x0030,12
trip_wire_on01,1,0x34,108,3,0x44,0x0012,18,OBJECT_ROTATE_STATE,0x0000,0x0052,20
trip_wire_on01,1,0x34,108,4,0x58,0x000E,14,WAIT,0x0000,0x0030,12
trip_wire_on01,1,0x34,108,5,0x64,0x001D,29,WHILE,0x0000,0x0022,8
trip_wire_on02,0,0x0,52,0,0x1C,0x0010,16,OBJECT_ACTIVE_STATE,0x0000,0x0022,8
trip_wire_on02,0,0x0,52,1,0x24,0x0010,16,OBJECT_ACTIVE_STATE,0x0000,0x0022,8
trip_wire_on02,0,0x0,52,2,0x2C,0x0010,16,OBJECT_ACTIVE_STATE,0x0000,0x0022,8
trip_wire_on02,1,0x34,108,0,0x1C,0x001C,28,LIGHT,0x0000,0x0022,8
trip_wire_on02,1,0x34,108,1,0x24,0x0012,18,OBJECT_ROTATE_STATE,0x0000,0x0052,20
trip_wire_on02,1,0x34,108,2,0x38,0x000E,14,WAIT,0x0000,0x0030,12
trip_wire_on02,1,0x34,108,3,0x44,0x0012,18,OBJECT_ROTATE_STATE,0x0000,0x0052,20
trip_wire_on02,1,0x34,108,4,0x58,0x000E,14,WAIT,0x0000,0x0030,12
trip_wire_on02,1,0x34,108,5,0x64,0x001D,29,WHILE,0x0000,0x0022,8
trip_wire_on03,0,0x0,52,0,0x1C,0x0010,16,OBJECT_ACTIVE_STATE,0x0000,0x0022,8
trip_wire_on03,0,0x0,52,1,0x24,0x0010,16,OBJECT_ACTIVE_STATE,0x0000,0x0022,8
trip_wire_on03,0,0x0,52,2,0x2C,0x0010,16,OBJECT_ACTIVE_STATE,0x0000,0x0022,8
trip_wire_on03,1,0x34,108,0,0x1C,0x001C,28,LIGHT,0x0000,0x0022,8
trip_wire_on03,1,0x34,108,1,0x24,0x0012,18,OBJECT_ROTATE_STATE,0x0000,0x0052,20
trip_wire_on03,1,0x34,108,2,0x38,0x000E,14,WAIT,0x0000,0x0030,12
trip_wire_on03,1,0x34,108,3,0x44,0x0012,18,OBJECT_ROTATE_STATE,0x0000,0x0052,20
trip_wire_on03,1,0x34,108,4,0x58,0x000E,14,WAIT,0x0000,0x0030,12
trip_wire_on03,1,0x34,108,5,0x64,0x001D,29,WHILE,0x0000,0x0022,8
single_alarm_range,0,0x0,352,0,0x1C,0x001C,28,LIGHT,0x0000,0x0022,8
single_alarm_range,0,0x0,352,1,0x24,0x0002,2,IF,0x0000,0x00C2,48
single_alarm_range,0,0x0,352,2,0x54,0x0020,32,BREAK,0x0000,0x0062,24
single_alarm_range,0,0x0,352,3,0x6C,0x0003,3,ELSEIF,0x0000,0x00C2,48
single_alarm_range,0,0x0,352,4,0x9C,0x0020,32,BREAK,0x0000,0x0062,24
single_alarm_range,0,0x0,352,5,0xB4,0x0003,3,ELSEIF,0x0000,0x00C2,48
single_alarm_range,0,0x0,352,6,0xE4,0x0020,32,BREAK,0x0000,0x0062,24
single_alarm_range,0,0x0,352,7,0xFC,0x0003,3,ELSEIF,0x0000,0x00C2,48
single_alarm_range,0,0x0,352,8,0x12C,0x0020,32,BREAK,0x0000,0x0062,24
single_alarm_range,0,0x0,352,9,0x144,0x0005,5,ENDIF,0x0000,0x0022,8
single_alarm_range,0,0x0,352,10,0x14C,0x000E,14,WAIT,0x0000,0x0030,12
single_alarm_range,0,0x0,352,11,0x158,0x001D,29,WHILE,0x0000,0x0022,8
russian_tunes1,0,0x0,36,0,0x1C,0x0025,37,INVALIDATE_ANIMATION,0x0000,0x0022,8
russian_tunes1,1,0x24,160,0,0x1C,0x0002,2,IF,0x0000,0x0042,16
russian_tunes1,1,0x24,160,1,0x2C,0x000E,14,WAIT,0x0000,0x0050,20
russian_tunes1,1,0x24,160,2,0x40,0x0025,37,INVALIDATE_ANIMATION,0x0000,0x0022,8
russian_tunes1,1,0x24,160,3,0x48,0x0003,3,ELSEIF,0x0000,0x0042,16
russian_tunes1,1,0x24,160,4,0x58,0x000E,14,WAIT,0x0000,0x0050,20
russian_tunes1,1,0x24,160,5,0x6C,0x0025,37,INVALIDATE_ANIMATION,0x0000,0x0022,8
russian_tunes1,1,0x24,160,6,0x74,0x0004,4,ELSE,0x0000,0x0022,8
russian_tunes1,1,0x24,160,7,0x7C,0x000E,14,WAIT,0x0000,0x0050,20
russian_tunes1,1,0x24,160,8,0x90,0x0025,37,INVALIDATE_ANIMATION,0x0000,0x0022,8
russian_tunes1,1,0x24,160,9,0x98,0x0005,5,ENDIF,0x0000,0x0022,8
russian_tunes1,2,0xC4,112,0,0x1C,0x001A,26,DESTRUCTION_SOURCE,0x0000,0x0082,32
russian_tunes1,2,0xC4,112,1,0x3C,0x001C,28,LIGHT,0x0000,0x0062,24
russian_tunes1,2,0xC4,112,2,0x54,0x000E,14,WAIT,0x0000,0x0030,12
russian_tunes1,2,0xC4,112,3,0x60,0x001D,29,WHILE,0x0000,0x0022,8
russian_tunes1,2,0xC4,112,4,0x68,0x0025,37,INVALIDATE_ANIMATION,0x0000,0x0022,8
russian_tunes1,3,0x134,112,0,0x1C,0x001A,26,DESTRUCTION_SOURCE,0x0000,0x0082,32
russian_tunes1,3,0x134,112,1,0x3C,0x001C,28,LIGHT,0x0000,0x0062,24
russian_tunes1,3,0x134,112,2,0x54,0x000E,14,WAIT,0x0000,0x0030,12
russian_tunes1,3,0x134,112,3,0x60,0x001D,29,WHILE,0x0000,0x0022,8
russian_tunes1,3,0x134,112,4,0x68,0x0025,37,INVALIDATE_ANIMATION,0x0000,0x0022,8
russian_tunes1,4,0x1A4,112,0,0x1C,0x001A,26,DESTRUCTION_SOURCE,0x0000,0x0082,32
russian_tunes1,4,0x1A4,112,1,0x3C,0x001C,28,LIGHT,0x0000,0x0062,24
russian_tunes1,4,0x1A4,112,2,0x54,0x000E,14,WAIT,0x0000,0x0030,12
russian_tunes1,4,0x1A4,112,3,0x60,0x001D,29,WHILE,0x0000,0x0022,8
russian_tunes1,4,0x1A4,112,4,0x68,0x0025,37,INVALIDATE_ANIMATION,0x0000,0x0022,8
russian_tunes1,5,0x214,176,0,0x1C,0x001A,26,DESTRUCTION_SOURCE,0x0000,0x0082,32
russian_tunes1,5,0x214,176,1,0x3C,0x001A,26,DESTRUCTION_SOURCE,0x0000,0x0082,32
russian_tunes1,5,0x214,176,2,0x5C,0x001A,26,DESTRUCTION_SOURCE,0x0000,0x0082,32
russian_tunes1,5,0x214,176,3,0x7C,0x001C,28,LIGHT,0x0000,0x0062,24
russian_tunes1,5,0x214,176,4,0x94,0x000E,14,WAIT,0x0000,0x0030,12
russian_tunes1,5,0x214,176,5,0xA0,0x001D,29,WHILE,0x0000,0x0022,8
russian_tunes1,5,0x214,176,6,0xA8,0x0025,37,INVALIDATE_ANIMATION,0x0000,0x0022,8
russian_tunes2,0,0x0,36,0,0x1C,0x0025,37,INVALIDATE_ANIMATION,0x0000,0x0022,8
russian_tunes2,1,0x24,160,0,0x1C,0x0002,2,IF,0x0000,0x0042,16
russian_tunes2,1,0x24,160,1,0x2C,0x000E,14,WAIT,0x0000,0x0050,20
russian_tunes2,1,0x24,160,2,0x40,0x0025,37,INVALIDATE_ANIMATION,0x0000,0x0022,8
russian_tunes2,1,0x24,160,3,0x48,0x0003,3,ELSEIF,0x0000,0x0042,16
russian_tunes2,1,0x24,160,4,0x58,0x000E,14,WAIT,0x0000,0x0050,20
russian_tunes2,1,0x24,160,5,0x6C,0x0025,37,INVALIDATE_ANIMATION,0x0000,0x0022,8
russian_tunes2,1,0x24,160,6,0x74,0x0004,4,ELSE,0x0000,0x0022,8
russian_tunes2,1,0x24,160,7,0x7C,0x000E,14,WAIT,0x0000,0x0050,20
russian_tunes2,1,0x24,160,8,0x90,0x0025,37,INVALIDATE_ANIMATION,0x0000,0x0022,8
russian_tunes2,1,0x24,160,9,0x98,0x0005,5,ENDIF,0x0000,0x0022,8
russian_tunes2,2,0xC4,112,0,0x1C,0x001A,26,DESTRUCTION_SOURCE,0x0000,0x0082,32
russian_tunes2,2,0xC4,112,1,0x3C,0x001C,28,LIGHT,0x0000,0x0062,24
russian_tunes2,2,0xC4,112,2,0x54,0x000E,14,WAIT,0x0000,0x0030,12
russian_tunes2,2,0xC4,112,3,0x60,0x001D,29,WHILE,0x0000,0x0022,8
russian_tunes2,2,0xC4,112,4,0x68,0x0025,37,INVALIDATE_ANIMATION,0x0000,0x0022,8
russian_tunes2,3,0x134,112,0,0x1C,0x001A,26,DESTRUCTION_SOURCE,0x0000,0x0082,32
russian_tunes2,3,0x134,112,1,0x3C,0x001C,28,LIGHT,0x0000,0x0062,24
russian_tunes2,3,0x134,112,2,0x54,0x000E,14,WAIT,0x0000,0x0030,12
russian_tunes2,3,0x134,112,3,0x60,0x001D,29,WHILE,0x0000,0x0022,8
russian_tunes2,3,0x134,112,4,0x68,0x0025,37,INVALIDATE_ANIMATION,0x0000,0x0022,8
russian_tunes2,4,0x1A4,112,0,0x1C,0x001A,26,DESTRUCTION_SOURCE,0x0000,0x0082,32
russian_tunes2,4,0x1A4,112,1,0x3C,0x001C,28,LIGHT,0x0000,0x0062,24
russian_tunes2,4,0x1A4,112,2,0x54,0x000E,14,WAIT,0x0000,0x0030,12
russian_tunes2,4,0x1A4,112,3,0x60,0x001D,29,WHILE,0x0000,0x0022,8
russian_tunes2,4,0x1A4,112,4,0x68,0x0025,37,INVALIDATE_ANIMATION,0x0000,0x0022,8
russian_tunes2,5,0x214,176,0,0x1C,0x001A,26,DESTRUCTION_SOURCE,0x0000,0x0082,32
russian_tunes2,5,0x214,176,1,0x3C,0x001A,26,DESTRUCTION_SOURCE,0x0000,0x0082,32
russian_tunes2,5,0x214,176,2,0x5C,0x001A,26,DESTRUCTION_SOURCE,0x0000,0x0082,32
russian_tunes2,5,0x214,176,3,0x7C,0x001C,28,LIGHT,0x0000,0x0062,24
russian_tunes2,5,0x214,176,4,0x94,0x000E,14,WAIT,0x0000,0x0030,12
russian_tunes2,5,0x214,176,5,0xA0,0x001D,29,WHILE,0x0000,0x0022,8
russian_tunes2,5,0x214,176,6,0xA8,0x0025,37,INVALIDATE_ANIMATION,0x0000,0x0022,8
russian_tunes3,0,0x0,36,0,0x1C,0x0025,37,INVALIDATE_ANIMATION,0x0000,0x0022,8
russian_tunes3,1,0x24,160,0,0x1C,0x0002,2,IF,0x0000,0x0042,16
russian_tunes3,1,0x24,160,1,0x2C,0x000E,14,WAIT,0x0000,0x0050,20
russian_tunes3,1,0x24,160,2,0x40,0x0025,37,INVALIDATE_ANIMATION,0x0000,0x0022,8
russian_tunes3,1,0x24,160,3,0x48,0x0003,3,ELSEIF,0x0000,0x0042,16
russian_tunes3,1,0x24,160,4,0x58,0x000E,14,WAIT,0x0000,0x0050,20
russian_tunes3,1,0x24,160,5,0x6C,0x0025,37,INVALIDATE_ANIMATION,0x0000,0x0022,8
russian_tunes3,1,0x24,160,6,0x74,0x0004,4,ELSE,0x0000,0x0022,8
russian_tunes3,1,0x24,160,7,0x7C,0x000E,14,WAIT,0x0000,0x0050,20
russian_tunes3,1,0x24,160,8,0x90,0x0025,37,INVALIDATE_ANIMATION,0x0000,0x0022,8
russian_tunes3,1,0x24,160,9,0x98,0x0005,5,ENDIF,0x0000,0x0022,8
russian_tunes3,2,0xC4,112,0,0x1C,0x001A,26,DESTRUCTION_SOURCE,0x0000,0x0082,32
russian_tunes3,2,0xC4,112,1,0x3C,0x001C,28,LIGHT,0x0000,0x0062,24
russian_tunes3,2,0xC4,112,2,0x54,0x000E,14,WAIT,0x0000,0x0030,12
russian_tunes3,2,0xC4,112,3,0x60,0x001D,29,WHILE,0x0000,0x0022,8
russian_tunes3,2,0xC4,112,4,0x68,0x0025,37,INVALIDATE_ANIMATION,0x0000,0x0022,8
russian_tunes3,3,0x134,112,0,0x1C,0x001A,26,DESTRUCTION_SOURCE,0x0000,0x0082,32
russian_tunes3,3,0x134,112,1,0x3C,0x001C,28,LIGHT,0x0000,0x0062,24
russian_tunes3,3,0x134,112,2,0x54,0x000E,14,WAIT,0x0000,0x0030,12
russian_tunes3,3,0x134,112,3,0x60,0x001D,29,WHILE,0x0000,0x0022,8
russian_tunes3,3,0x134,112,4,0x68,0x0025,37,INVALIDATE_ANIMATION,0x0000,0x0022,8
russian_tunes3,4,0x1A4,112,0,0x1C,0x001A,26,DESTRUCTION_SOURCE,0x0000,0x0082,32
russian_tunes3,4,0x1A4,112,1,0x3C,0x001C,28,LIGHT,0x0000,0x0062,24
russian_tunes3,4,0x1A4,112,2,0x54,0x000E,14,WAIT,0x0000,0x0030,12
russian_tunes3,4,0x1A4,112,3,0x60,0x001D,29,WHILE,0x0000,0x0022,8
russian_tunes3,4,0x1A4,112,4,0x68,0x0025,37,INVALIDATE_ANIMATION,0x0000,0x0022,8
russian_tunes3,5,0x214,176,0,0x1C,0x001A,26,DESTRUCTION_SOURCE,0x0000,0x0082,32
russian_tunes3,5,0x214,176,1,0x3C,0x001A,26,DESTRUCTION_SOURCE,0x0000,0x0082,32
russian_tunes3,5,0x214,176,2,0x5C,0x001A,26,DESTRUCTION_SOURCE,0x0000,0x0082,32
russian_tunes3,5,0x214,176,3,0x7C,0x001C,28,LIGHT,0x0000,0x0062,24
russian_tunes3,5,0x214,176,4,0x94,0x000E,14,WAIT,0x0000,0x0030,12
russian_tunes3,5,0x214,176,5,0xA0,0x001D,29,WHILE,0x0000,0x0022,8
russian_tunes3,5,0x214,176,6,0xA8,0x0025,37,INVALIDATE_ANIMATION,0x0000,0x0022,8
russian_radio1,0,0x0,36,0,0x1C,0x0021,33,CALL_ANIMATION,0x0000,0x0022,8
russian_radio1,1,0x24,380,0,0x1C,0x0017,23,OBJECT_MOTION_SI_SCRIPT,0x0000,0x0552,340
russian_radio1,1,0x24,380,1,0x170,0x000E,14,WAIT,0x0000,0x0030,12
russian_radio1,2,0x1A0,372,0,0x1C,0x0017,23,OBJECT_MOTION_SI_SCRIPT,0x0000,0x0532,332
russian_radio1,2,0x1A0,372,1,0x168,0x000E,14,WAIT,0x0000,0x0030,12
russian_radio2,0,0x0,36,0,0x1C,0x0021,33,CALL_ANIMATION,0x0000,0x0022,8
russian_radio2,1,0x24,380,0,0x1C,0x0017,23,OBJECT_MOTION_SI_SCRIPT,0x0000,0x0552,340
russian_radio2,1,0x24,380,1,0x170,0x000E,14,WAIT,0x0000,0x0030,12
russian_radio2,2,0x1A0,372,0,0x1C,0x0017,23,OBJECT_MOTION_SI_SCRIPT,0x0000,0x0532,332
russian_radio2,2,0x1A0,372,1,0x168,0x000E,14,WAIT,0x0000,0x0030,12
russian_radio3,0,0x0,36,0,0x1C,0x0021,33,CALL_ANIMATION,0x0000,0x0022,8
russian_radio3,1,0x24,380,0,0x1C,0x0017,23,OBJECT_MOTION_SI_SCRIPT,0x0000,0x0552,340
russian_radio3,1,0x24,380,1,0x170,0x000E,14,WAIT,0x0000,0x0030,12
russian_radio3,2,0x1A0,372,0,0x1C,0x0017,23,OBJECT_MOTION_SI_SCRIPT,0x0000,0x0532,332
russian_radio3,2,0x1A0,372,1,0x168,0x000E,14,WAIT,0x0000,0x0030,12
crate_group01,0,0x0,56,0,0x1C,0x000E,14,WAIT,0x0000,0x0030,12
crate_group01,0,0x0,56,1,0x28,0x002E,46,TIMER,0x0000,0x0040,16
crate_group01,1,0x38,400,0,0x1C,0x0205,5,ENDIF,0x0200,0x0090,36
crate_group01,1,0x38,400,1,0x40,0x0010,16,OBJECT_ACTIVE_STATE,0x0000,0x0022,8
crate_group01,1,0x38,400,2,0x48,0x0010,16,OBJECT_ACTIVE_STATE,0x0000,0x0022,8
crate_group01,1,0x38,400,3,0x50,0x0020,32,BREAK,0x0000,0x0062,24
crate_group01,1,0x38,400,4,0x68,0x0020,32,BREAK,0x0000,0x0062,24
crate_group01,1,0x38,400,5,0x80,0x0020,32,BREAK,0x0000,0x0062,24
crate_group01,1,0x38,400,6,0x98,0x0020,32,BREAK,0x0000,0x0062,24
crate_group01,1,0x38,400,7,0xB0,0x0020,32,BREAK,0x0000,0x0062,24
crate_group01,1,0x38,400,8,0xC8,0x0020,32,BREAK,0x0000,0x0062,24
crate_group01,1,0x38,400,9,0xE0,0x0020,32,BREAK,0x0000,0x0062,24
crate_group01,1,0x38,400,10,0xF8,0x0020,32,BREAK,0x0000,0x0062,24
crate_group01,1,0x38,400,11,0x110,0x0020,32,BREAK,0x0000,0x0062,24
crate_group01,1,0x38,400,12,0x128,0x0020,32,BREAK,0x0000,0x0062,24
crate_group01,1,0x38,400,13,0x140,0x0020,32,BREAK,0x0000,0x0062,24
crate_group01,1,0x38,400,14,0x158,0x0020,32,BREAK,0x0000,0x0062,24
crate_group01,1,0x38,400,15,0x170,0x001A,26,DESTRUCTION_SOURCE,0x0000,0x0082,32
crate_group01,2,0x1C8,508,0,0x1C,0x000E,14,WAIT,0x0000,0x0030,12
crate_group01,2,0x1C8,508,1,0x28,0x001A,26,DESTRUCTION_SOURCE,0x0000,0x0082,32
crate_group01,2,0x1C8,508,2,0x48,0x0020,32,BREAK,0x0000,0x0062,24
crate_group01,2,0x1C8,508,3,0x60,0x000E,14,WAIT,0x0000,0x0030,12
crate_group01,2,0x1C8,508,4,0x6C,0x001A,26,DESTRUCTION_SOURCE,0x0000,0x0082,32
crate_group01,2,0x1C8,508,5,0x8C,0x0020,32,BREAK,0x0000,0x0062,24
crate_group01,2,0x1C8,508,6,0xA4,0x000E,14,WAIT,0x0000,0x0030,12
crate_group01,2,0x1C8,508,7,0xB0,0x001A,26,DESTRUCTION_SOURCE,0x0000,0x0082,32
crate_group01,2,0x1C8,508,8,0xD0,0x0020,32,BREAK,0x0000,0x0062,24
crate_group01,2,0x1C8,508,9,0xE8,0x000E,14,WAIT,0x0000,0x0030,12
crate_group01,2,0x1C8,508,10,0xF4,0x001A,26,DESTRUCTION_SOURCE,0x0000,0x0082,32
crate_group01,2,0x1C8,508,11,0x114,0x0020,32,BREAK,0x0000,0x0062,24
crate_group01,2,0x1C8,508,12,0x12C,0x002C,44,OBJECT_DELETE_CHILD,0x0000,0x00B0,44
crate_group01,2,0x1C8,508,13,0x158,0x0025,37,INVALIDATE_ANIMATION,0x0000,0x0022,8
crate_group01,2,0x1C8,508,14,0x160,0x000E,14,WAIT,0x0000,0x0050,20
crate_group01,2,0x1C8,508,15,0x174,0x001A,26,DESTRUCTION_SOURCE,0x0000,0x0082,32
crate_group01,2,0x1C8,508,16,0x194,0x000E,14,WAIT,0x0000,0x0050,20
crate_group01,2,0x1C8,508,17,0x1A8,0x001A,26,DESTRUCTION_SOURCE,0x0000,0x0082,32
crate_group01,2,0x1C8,508,18,0x1C8,0x000E,14,WAIT,0x0000,0x0050,20
crate_group01,2,0x1C8,508,19,0x1DC,0x001A,26,DESTRUCTION_SOURCE,0x0000,0x0082,32
crate_group01,3,0x3C4,204,0,0x1C,0x001A,26,DESTRUCTION_SOURCE,0x0000,0x0082,32
crate_group01,3,0x3C4,204,1,0x3C,0x000E,14,WAIT,0x0000,0x0050,20
crate_group01,3,0x3C4,204,2,0x50,0x001A,26,DESTRUCTION_SOURCE,0x0000,0x0082,32
crate_group01,3,0x3C4,204,3,0x70,0x000E,14,WAIT,0x0000,0x0050,20
crate_group01,3,0x3C4,204,4,0x84,0x001A,26,DESTRUCTION_SOURCE,0x0000,0x0082,32
crate_group01,3,0x3C4,204,5,0xA4,0x000E,14,WAIT,0x0000,0x0050,20
crate_group01,3,0x3C4,204,6,0xB8,0x000D,13,LOOP,0x0000,0x0032,12
crate_group01,3,0x3C4,204,7,0xC4,0x0025,37,INVALIDATE_ANIMATION,0x0000,0x0022,8
crate_group01,4,0x490,196,0,0x1C,0x001A,26,DESTRUCTION_SOURCE,0x0000,0x0082,32
crate_group01,4,0x490,196,1,0x3C,0x000E,14,WAIT,0x0000,0x0050,20
crate_group01,4,0x490,196,2,0x50,0x001A,26,DESTRUCTION_SOURCE,0x0000,0x0082,32
crate_group01,4,0x490,196,3,0x70,0x000E,14,WAIT,0x0000,0x0050,20
crate_group01,4,0x490,196,4,0x84,0x001A,26,DESTRUCTION_SOURCE,0x0000,0x0082,32
crate_group01,4,0x490,196,5,0xA4,0x000E,14,WAIT,0x0000,0x0050,20
crate_group01,4,0x490,196,6,0xB8,0x000D,13,LOOP,0x0000,0x0032,12
crate_group02,0,0x0,56,0,0x1C,0x000E,14,WAIT,0x0000,0x0030,12
crate_group02,0,0x0,56,1,0x28,0x002E,46,TIMER,0x0000,0x0040,16
crate_group02,1,0x38,400,0,0x1C,0x0205,5,ENDIF,0x0200,0x0090,36
crate_group02,1,0x38,400,1,0x40,0x0010,16,OBJECT_ACTIVE_STATE,0x0000,0x0022,8
crate_group02,1,0x38,400,2,0x48,0x0010,16,OBJECT_ACTIVE_STATE,0x0000,0x0022,8
crate_group02,1,0x38,400,3,0x50,0x0020,32,BREAK,0x0000,0x0062,24
crate_group02,1,0x38,400,4,0x68,0x0020,32,BREAK,0x0000,0x0062,24
crate_group02,1,0x38,400,5,0x80,0x0020,32,BREAK,0x0000,0x0062,24
crate_group02,1,0x38,400,6,0x98,0x0020,32,BREAK,0x0000,0x0062,24
crate_group02,1,0x38,400,7,0xB0,0x0020,32,BREAK,0x0000,0x0062,24
crate_group02,1,0x38,400,8,0xC8,0x0020,32,BREAK,0x0000,0x0062,24
crate_group02,1,0x38,400,9,0xE0,0x0020,32,BREAK,0x0000,0x0062,24
crate_group02,1,0x38,400,10,0xF8,0x0020,32,BREAK,0x0000,0x0062,24
crate_group02,1,0x38,400,11,0x110,0x0020,32,BREAK,0x0000,0x0062,24
crate_group02,1,0x38,400,12,0x128,0x0020,32,BREAK,0x0000,0x0062,24
crate_group02,1,0x38,400,13,0x140,0x0020,32,BREAK,0x0000,0x0062,24
crate_group02,1,0x38,400,14,0x158,0x0020,32,BREAK,0x0000,0x0062,24
crate_group02,1,0x38,400,15,0x170,0x001A,26,DESTRUCTION_SOURCE,0x0000,0x0082,32
crate_group02,2,0x1C8,508,0,0x1C,0x000E,14,WAIT,0x0000,0x0030,12
crate_group02,2,0x1C8,508,1,0x28,0x001A,26,DESTRUCTION_SOURCE,0x0000,0x0082,32
crate_group02,2,0x1C8,508,2,0x48,0x0020,32,BREAK,0x0000,0x0062,24
crate_group02,2,0x1C8,508,3,0x60,0x000E,14,WAIT,0x0000,0x0030,12
crate_group02,2,0x1C8,508,4,0x6C,0x001A,26,DESTRUCTION_SOURCE,0x0000,0x0082,32
crate_group02,2,0x1C8,508,5,0x8C,0x0020,32,BREAK,0x0000,0x0062,24
crate_group02,2,0x1C8,508,6,0xA4,0x000E,14,WAIT,0x0000,0x0030,12
crate_group02,2,0x1C8,508,7,0xB0,0x001A,26,DESTRUCTION_SOURCE,0x0000,0x0082,32
crate_group02,2,0x1C8,508,8,0xD0,0x0020,32,BREAK,0x0000,0x0062,24
crate_group02,2,0x1C8,508,9,0xE8,0x000E,14,WAIT,0x0000,0x0030,12
crate_group02,2,0x1C8,508,10,0xF4,0x001A,26,DESTRUCTION_SOURCE,0x0000,0x0082,32
crate_group02,2,0x1C8,508,11,0x114,0x0020,32,BREAK,0x0000,0x0062,24
crate_group02,2,0x1C8,508,12,0x12C,0x002C,44,OBJECT_DELETE_CHILD,0x0000,0x00B0,44
crate_group02,2,0x1C8,508,13,0x158,0x0025,37,INVALIDATE_ANIMATION,0x0000,0x0022,8
crate_group02,2,0x1C8,508,14,0x160,0x000E,14,WAIT,0x0000,0x0050,20
crate_group02,2,0x1C8,508,15,0x174,0x001A,26,DESTRUCTION_SOURCE,0x0000,0x0082,32
crate_group02,2,0x1C8,508,16,0x194,0x000E,14,WAIT,0x0000,0x0050,20
crate_group02,2,0x1C8,508,17,0x1A8,0x001A,26,DESTRUCTION_SOURCE,0x0000,0x0082,32
crate_group02,2,0x1C8,508,18,0x1C8,0x000E,14,WAIT,0x0000,0x0050,20
crate_group02,2,0x1C8,508,19,0x1DC,0x001A,26,DESTRUCTION_SOURCE,0x0000,0x0082,32
crate_group02,3,0x3C4,204,0,0x1C,0x001A,26,DESTRUCTION_SOURCE,0x0000,0x0082,32
crate_group02,3,0x3C4,204,1,0x3C,0x000E,14,WAIT,0x0000,0x0050,20
crate_group02,3,0x3C4,204,2,0x50,0x001A,26,DESTRUCTION_SOURCE,0x0000,0x0082,32
crate_group02,3,0x3C4,204,3,0x70,0x000E,14,WAIT,0x0000,0x0050,20
crate_group02,3,0x3C4,204,4,0x84,0x001A,26,DESTRUCTION_SOURCE,0x0000,0x0082,32
crate_group02,3,0x3C4,204,5,0xA4,0x000E,14,WAIT,0x0000,0x0050,20
crate_group02,3,0x3C4,204,6,0xB8,0x000D,13,LOOP,0x0000,0x0032,12
crate_group02,3,0x3C4,204,7,0xC4,0x0025,37,INVALIDATE_ANIMATION,0x0000,0x0022,8
crate_group02,4,0x490,196,0,0x1C,0x001A,26,DESTRUCTION_SOURCE,0x0000,0x0082,32
crate_group02,4,0x490,196,1,0x3C,0x000E,14,WAIT,0x0000,0x0050,20
crate_group02,4,0x490,196,2,0x50,0x001A,26,DESTRUCTION_SOURCE,0x0000,0x0082,32
crate_group02,4,0x490,196,3,0x70,0x000E,14,WAIT,0x0000,0x0050,20
crate_group02,4,0x490,196,4,0x84,0x001A,26,DESTRUCTION_SOURCE,0x0000,0x0082,32
crate_group02,4,0x490,196,5,0xA4,0x000E,14,WAIT,0x0000,0x0050,20
crate_group02,4,0x490,196,6,0xB8,0x000D,13,LOOP,0x0000,0x0032,12
crate_group03,0,0x0,56,0,0x1C,0x000E,14,WAIT,0x0000,0x0030,12
crate_group03,0,0x0,56,1,0x28,0x002E,46,TIMER,0x0000,0x0040,16
crate_group03,1,0x38,400,0,0x1C,0x0205,5,ENDIF,0x0200,0x0090,36
crate_group03,1,0x38,400,1,0x40,0x0010,16,OBJECT_ACTIVE_STATE,0x0000,0x0022,8
crate_group03,1,0x38,400,2,0x48,0x0010,16,OBJECT_ACTIVE_STATE,0x0000,0x0022,8
crate_group03,1,0x38,400,3,0x50,0x0020,32,BREAK,0x0000,0x0062,24
crate_group03,1,0x38,400,4,0x68,0x0020,32,BREAK,0x0000,0x0062,24
crate_group03,1,0x38,400,5,0x80,0x0020,32,BREAK,0x0000,0x0062,24
crate_group03,1,0x38,400,6,0x98,0x0020,32,BREAK,0x0000,0x0062,24
crate_group03,1,0x38,400,7,0xB0,0x0020,32,BREAK,0x0000,0x0062,24
crate_group03,1,0x38,400,8,0xC8,0x0020,32,BREAK,0x0000,0x0062,24
crate_group03,1,0x38,400,9,0xE0,0x0020,32,BREAK,0x0000,0x0062,24
crate_group03,1,0x38,400,10,0xF8,0x0020,32,BREAK,0x0000,0x0062,24
crate_group03,1,0x38,400,11,0x110,0x0020,32,BREAK,0x0000,0x0062,24
crate_group03,1,0x38,400,12,0x128,0x0020,32,BREAK,0x0000,0x0062,24
crate_group03,1,0x38,400,13,0x140,0x0020,32,BREAK,0x0000,0x0062,24
crate_group03,1,0x38,400,14,0x158,0x0020,32,BREAK,0x0000,0x0062,24
crate_group03,1,0x38,400,15,0x170,0x001A,26,DESTRUCTION_SOURCE,0x0000,0x0082,32
crate_group03,2,0x1C8,508,0,0x1C,0x000E,14,WAIT,0x0000,0x0030,12
crate_group03,2,0x1C8,508,1,0x28,0x001A,26,DESTRUCTION_SOURCE,0x0000,0x0082,32
crate_group03,2,0x1C8,508,2,0x48,0x0020,32,BREAK,0x0000,0x0062,24
crate_group03,2,0x1C8,508,3,0x60,0x000E,14,WAIT,0x0000,0x0030,12
crate_group03,2,0x1C8,508,4,0x6C,0x001A,26,DESTRUCTION_SOURCE,0x0000,0x0082,32
crate_group03,2,0x1C8,508,5,0x8C,0x0020,32,BREAK,0x0000,0x0062,24
crate_group03,2,0x1C8,508,6,0xA4,0x000E,14,WAIT,0x0000,0x0030,12
crate_group03,2,0x1C8,508,7,0xB0,0x001A,26,DESTRUCTION_SOURCE,0x0000,0x0082,32
crate_group03,2,0x1C8,508,8,0xD0,0x0020,32,BREAK,0x0000,0x0062,24
crate_group03,2,0x1C8,508,9,0xE8,0x000E,14,WAIT,0x0000,0x0030,12
crate_group03,2,0x1C8,508,10,0xF4,0x001A,26,DESTRUCTION_SOURCE,0x0000,0x0082,32
crate_group03,2,0x1C8,508,11,0x114,0x0020,32,BREAK,0x0000,0x0062,24
crate_group03,2,0x1C8,508,12,0x12C,0x002C,44,OBJECT_DELETE_CHILD,0x0000,0x00B0,44
crate_group03,2,0x1C8,508,13,0x158,0x0025,37,INVALIDATE_ANIMATION,0x0000,0x0022,8
crate_group03,2,0x1C8,508,14,0x160,0x000E,14,WAIT,0x0000,0x0050,20
crate_group03,2,0x1C8,508,15,0x174,0x001A,26,DESTRUCTION_SOURCE,0x0000,0x0082,32
crate_group03,2,0x1C8,508,16,0x194,0x000E,14,WAIT,0x0000,0x0050,20
crate_group03,2,0x1C8,508,17,0x1A8,0x001A,26,DESTRUCTION_SOURCE,0x0000,0x0082,32
crate_group03,2,0x1C8,508,18,0x1C8,0x000E,14,WAIT,0x0000,0x0050,20
crate_group03,2,0x1C8,508,19,0x1DC,0x001A,26,DESTRUCTION_SOURCE,0x0000,0x0082,32
crate_group03,3,0x3C4,204,0,0x1C,0x001A,26,DESTRUCTION_SOURCE,0x0000,0x0082,32
crate_group03,3,0x3C4,204,1,0x3C,0x000E,14,WAIT,0x0000,0x0050,20
crate_group03,3,0x3C4,204,2,0x50,0x001A,26,DESTRUCTION_SOURCE,0x0000,0x0082,32
crate_group03,3,0x3C4,204,3,0x70,0x000E,14,WAIT,0x0000,0x0050,20
crate_group03,3,0x3C4,204,4,0x84,0x001A,26,DESTRUCTION_SOURCE,0x0000,0x0082,32
crate_group03,3,0x3C4,204,5,0xA4,0x000E,14,WAIT,0x0000,0x0050,20
crate_group03,3,0x3C4,204,6,0xB8,0x000D,13,LOOP,0x0000,0x0032,12
crate_group03,3,0x3C4,204,7,0xC4,0x0025,37,INVALIDATE_ANIMATION,0x0000,0x0022,8
crate_group03,4,0x490,196,0,0x1C,0x001A,26,DESTRUCTION_SOURCE,0x0000,0x0082,32
crate_group03,4,0x490,196,1,0x3C,0x000E,14,WAIT,0x0000,0x0050,20
crate_group03,4,0x490,196,2,0x50,0x001A,26,DESTRUCTION_SOURCE,0x0000,0x0082,32
crate_group03,4,0x490,196,3,0x70,0x000E,14,WAIT,0x0000,0x0050,20
crate_group03,4,0x490,196,4,0x84,0x001A,26,DESTRUCTION_SOURCE,0x0000,0x0082,32
crate_group03,4,0x490,196,5,0xA4,0x000E,14,WAIT,0x0000,0x0050,20
crate_group03,4,0x490,196,6,0xB8,0x000D,13,LOOP,0x0000,0x0032,12
group_part_fly01,0,0x0,252,0,0x1C,0x0029,41,OBJECT_ADD_CHILD,0x0000,0x0020,8
group_part_fly01,0,0x0,252,1,0x24,0x0012,18,OBJECT_ROTATE_STATE,0x0000,0x0052,20
group_part_fly01,0,0x0,252,2,0x38,0x0011,17,OBJECT_TRANSLATE_STATE,0x0000,0x0052,20
group_part_fly01,0,0x0,252,3,0x4C,0x0028,40,DEBUG,0x0000,0x0020,8
group_part_fly01,0,0x0,252,4,0x54,0x0013,19,OBJECT_MOTION,0x0000,0x02A0,168
group_part_fly01,1,0xFC,96,0,0x1C,0x000E,14,WAIT,0x0000,0x0030,12
group_part_fly01,1,0xFC,96,1,0x28,0x0015,21,OBJECT_OPACITY_FROM_TO,0x0000,0x0060,24
group_part_fly01,1,0xFC,96,2,0x40,0x0010,16,OBJECT_ACTIVE_STATE,0x0000,0x0022,8
group_part_fly01,1,0xFC,96,3,0x48,0x0015,21,OBJECT_OPACITY_FROM_TO,0x0000,0x0060,24
group_part_fly01,2,0x15C,396,0,0x1C,0x0002,2,IF,0x0000,0x0042,16
group_part_fly01,2,0x15C,396,1,0x2C,0x0017,23,OBJECT_MOTION_SI_SCRIPT,0x0000,0x0532,332
group_part_fly01,2,0x15C,396,2,0x178,0x000E,14,WAIT,0x0000,0x0030,12
group_part_fly01,2,0x15C,396,3,0x184,0x0005,5,ENDIF,0x0000,0x0022,8
group_part_fly01,3,0x2E8,376,0,0x1C,0x0002,2,IF,0x0000,0x0042,16
group_part_fly01,3,0x2E8,376,1,0x2C,0x0017,23,OBJECT_MOTION_SI_SCRIPT,0x0000,0x04E2,312
group_part_fly01,3,0x2E8,376,2,0x164,0x000E,14,WAIT,0x0000,0x0030,12
group_part_fly01,3,0x2E8,376,3,0x170,0x0005,5,ENDIF,0x0000,0x0022,8
group_part_fly02,0,0x0,252,0,0x1C,0x0029,41,OBJECT_ADD_CHILD,0x0000,0x0020,8
group_part_fly02,0,0x0,252,1,0x24,0x0012,18,OBJECT_ROTATE_STATE,0x0000,0x0052,20
group_part_fly02,0,0x0,252,2,0x38,0x0011,17,OBJECT_TRANSLATE_STATE,0x0000,0x0052,20
group_part_fly02,0,0x0,252,3,0x4C,0x0028,40,DEBUG,0x0000,0x0020,8
group_part_fly02,0,0x0,252,4,0x54,0x0013,19,OBJECT_MOTION,0x0000,0x02A0,168
group_part_fly02,1,0xFC,96,0,0x1C,0x000E,14,WAIT,0x0000,0x0030,12
group_part_fly02,1,0xFC,96,1,0x28,0x0015,21,OBJECT_OPACITY_FROM_TO,0x0000,0x0060,24
group_part_fly02,1,0xFC,96,2,0x40,0x0010,16,OBJECT_ACTIVE_STATE,0x0000,0x0022,8
group_part_fly02,1,0xFC,96,3,0x48,0x0015,21,OBJECT_OPACITY_FROM_TO,0x0000,0x0060,24
group_part_fly02,2,0x15C,396,0,0x1C,0x0002,2,IF,0x0000,0x0042,16
group_part_fly02,2,0x15C,396,1,0x2C,0x0017,23,OBJECT_MOTION_SI_SCRIPT,0x0000,0x0532,332
group_part_fly02,2,0x15C,396,2,0x178,0x000E,14,WAIT,0x0000,0x0030,12
group_part_fly02,2,0x15C,396,3,0x184,0x0005,5,ENDIF,0x0000,0x0022,8
group_part_fly02,3,0x2E8,376,0,0x1C,0x0002,2,IF,0x0000,0x0042,16
group_part_fly02,3,0x2E8,376,1,0x2C,0x0017,23,OBJECT_MOTION_SI_SCRIPT,0x0000,0x04E2,312
group_part_fly02,3,0x2E8,376,2,0x164,0x000E,14,WAIT,0x0000,0x0030,12
group_part_fly02,3,0x2E8,376,3,0x170,0x0005,5,ENDIF,0x0000,0x0022,8
group_part_fly03,0,0x0,252,0,0x1C,0x0029,41,OBJECT_ADD_CHILD,0x0000,0x0020,8
group_part_fly03,0,0x0,252,1,0x24,0x0012,18,OBJECT_ROTATE_STATE,0x0000,0x0052,20
group_part_fly03,0,0x0,252,2,0x38,0x0011,17,OBJECT_TRANSLATE_STATE,0x0000,0x0052,20
group_part_fly03,0,0x0,252,3,0x4C,0x0028,40,DEBUG,0x0000,0x0020,8
group_part_fly03,0,0x0,252,4,0x54,0x0013,19,OBJECT_MOTION,0x0000,0x02A0,168
group_part_fly03,1,0xFC,96,0,0x1C,0x000E,14,WAIT,0x0000,0x0030,12
group_part_fly03,1,0xFC,96,1,0x28,0x0015,21,OBJECT_OPACITY_FROM_TO,0x0000,0x0060,24
group_part_fly03,1,0xFC,96,2,0x40,0x0010,16,OBJECT_ACTIVE_STATE,0x0000,0x0022,8
group_part_fly03,1,0xFC,96,3,0x48,0x0015,21,OBJECT_OPACITY_FROM_TO,0x0000,0x0060,24
group_part_fly03,2,0x15C,396,0,0x1C,0x0002,2,IF,0x0000,0x0042,16
group_part_fly03,2,0x15C,396,1,0x2C,0x0017,23,OBJECT_MOTION_SI_SCRIPT,0x0000,0x0532,332
group_part_fly03,2,0x15C,396,2,0x178,0x000E,14,WAIT,0x0000,0x0030,12
group_part_fly03,2,0x15C,396,3,0x184,0x0005,5,ENDIF,0x0000,0x0022,8
group_part_fly03,3,0x2E8,376,0,0x1C,0x0002,2,IF,0x0000,0x0042,16
group_part_fly03,3,0x2E8,376,1,0x2C,0x0017,23,OBJECT_MOTION_SI_SCRIPT,0x0000,0x04E2,312
group_part_fly03,3,0x2E8,376,2,0x164,0x000E,14,WAIT,0x0000,0x0030,12
group_part_fly03,3,0x2E8,376,3,0x170,0x0005,5,ENDIF,0x0000,0x0022,8
